"pid","pmid","oid","row.in.file.int","interval","t.start","t.end","t.start.orig","t.end.orig","dt","dt.calc","dt.diff","ct","mt","cta","bta","bg.dl","bg.val","bg.unit","MOL","ustar","rl","air.pres","air.pres.unit","j.NH3","j.rel","e.int","e.cum","e.rel","air.temp","soil.temp","soil.temp.surf","pH.surf","rad","wind","wind.2m","soil.temp.z.int","air.temp.z.int","wind.z.int","wind.loc.int","far.loc.int","chamber.vol","chamber.flow","chamber.AER","rain","rain.rate","rain.cum","rh","notes.int","flag.int"
3346,3350,92769,5,1,2024-09-18 12:39:00,2024-09-18 15:11:00,"18-09-2024 12:39","18-09-2024 12:39",2.53,2.53,0,2.53,1.27,2.68,0.15,NA,0.116,"ppm",NA,NA,NA,NA,NA,1.94,0.0222,4.9,4.9,0.0563,20,NA,NA,NA,NA,NA,NA,2,NA,2,NA,NA,NA,NA,NA,0,0,0,NA,".",""
3346,3350,92770,6,2,2024-09-18 15:11:00,2024-09-18 17:43:00,"18-09-2024 15:11","18-09-2024 15:11",2.53,2.53,0,5.07,3.8,5.22,2.68,NA,0.0678,"ppm",NA,NA,NA,NA,NA,0.42,0.00482,1.06,5.97,0.0685,18.6,NA,NA,NA,NA,NA,NA,2,NA,2,NA,NA,NA,NA,NA,0,0,0,NA,NA,""
3346,3350,92771,7,3,2024-09-18 17:43:00,2024-09-18 20:15:00,"18-09-2024 17:43","18-09-2024 17:43",2.53,2.53,0,7.6,6.33,7.75,5.22,NA,0.0467,"ppm",NA,NA,NA,NA,NA,0.209,0.0024,0.531,6.5,0.0746,15.3,NA,NA,NA,NA,NA,NA,2,NA,2,NA,NA,NA,NA,NA,0,0,0,NA,NA,""
3346,3350,92772,8,4,2024-09-18 20:15:00,2024-09-18 22:47:00,"18-09-2024 20:15","18-09-2024 20:15",2.53,2.53,0,10.1,8.87,10.3,7.75,NA,0.0561,"ppm",NA,NA,NA,NA,NA,0.0752,0.000863,0.19,6.69,0.0768,12.9,NA,NA,NA,NA,NA,NA,2,NA,2,NA,NA,NA,NA,NA,0,0,0,NA,NA,""
3346,3350,92773,9,5,2024-09-18 22:47:00,2024-09-19 01:19:00,"18-09-2024 22:47","18-09-2024 22:47",2.53,2.53,0,12.7,11.4,12.8,10.3,NA,0.0377,"ppm",NA,NA,NA,NA,NA,0.0384,0.00044,0.0972,6.79,0.0779,12.2,NA,NA,NA,NA,NA,NA,2,NA,2,NA,NA,NA,NA,NA,0,0,0,NA,NA,""
3346,3350,92774,10,6,2024-09-19 01:19:00,2024-09-19 03:51:00,"19-09-2024 01:19","19-09-2024 01:19",2.53,2.53,0,15.2,13.9,15.4,12.8,NA,0.0347,"ppm",NA,NA,NA,NA,NA,0.0441,0.000506,0.112,6.9,0.0792,9.5,NA,NA,NA,NA,NA,NA,2,NA,2,NA,NA,NA,NA,NA,0,0,0,NA,NA,""
3346,3350,92775,11,7,2024-09-19 03:51:00,2024-09-19 06:22:00,"19-09-2024 03:51","19-09-2024 03:51",2.52,2.52,0,17.7,16.5,17.9,15.4,NA,0.0351,"ppm",NA,NA,NA,NA,NA,0.0391,0.000448,0.0984,7,0.0803,10,NA,NA,NA,NA,NA,NA,2,NA,2,NA,NA,NA,NA,NA,0,0,0,NA,NA,""
3346,3350,92776,12,8,2024-09-19 06:22:00,2024-09-19 08:54:00,"19-09-2024 06:22","19-09-2024 06:22",2.53,2.53,0,20.2,19,20.4,17.9,NA,0.0637,"ppm",NA,NA,NA,NA,NA,0.0127,0.000146,0.0322,7.03,0.0807,12.9,NA,NA,NA,NA,NA,NA,2,NA,2,NA,NA,NA,NA,NA,0,0,0,NA,NA,""
3346,3350,92777,13,9,2024-09-19 08:54:00,2024-09-19 11:26:00,"19-09-2024 08:54","19-09-2024 08:54",2.53,2.53,0,22.8,21.5,22.9,20.4,NA,0.1,"ppm",NA,NA,NA,NA,NA,0.041,0.000471,0.104,7.13,0.0818,18.7,NA,NA,NA,NA,NA,NA,2,NA,2,NA,NA,NA,NA,NA,0,0,0,NA,NA,""
3346,3350,92778,14,10,2024-09-19 11:26:00,2024-09-19 13:58:00,"19-09-2024 11:26","19-09-2024 11:26",2.53,2.53,0,25.3,24,25.5,22.9,NA,0.116,"ppm",NA,NA,NA,NA,NA,0.104,0.0012,0.264,7.4,0.0849,20.5,NA,NA,NA,NA,NA,NA,2,NA,2,NA,NA,NA,NA,NA,0,0,0,NA,NA,""
3346,3350,92779,15,11,2024-09-19 13:58:00,2024-09-19 16:30:00,"19-09-2024 13:58","19-09-2024 13:58",2.53,2.53,0,27.8,26.6,28,25.5,NA,0.0768,"ppm",NA,NA,NA,NA,NA,0.152,0.00174,0.385,7.78,0.0893,20.5,NA,NA,NA,NA,NA,NA,2,NA,2,NA,NA,NA,NA,NA,0,0,0,NA,NA,""
3346,3350,92780,16,12,2024-09-19 16:30:00,2024-09-19 19:02:00,"19-09-2024 16:30","19-09-2024 16:30",2.53,2.53,0,30.4,29.1,30.5,28,NA,0.0445,"ppm",NA,NA,NA,NA,NA,0.14,0.00161,0.355,8.14,0.0934,16.6,NA,NA,NA,NA,NA,NA,2,NA,2,NA,NA,NA,NA,NA,0,0,0,NA,NA,""
3346,3350,92781,17,13,2024-09-19 19:02:00,2024-09-19 21:34:00,"19-09-2024 19:02","19-09-2024 19:02",2.53,2.53,0,32.9,31.6,33.1,30.5,NA,0.0358,"ppm",NA,NA,NA,NA,NA,0.0655,0.000752,0.166,8.3,0.0953,12.9,NA,NA,NA,NA,NA,NA,2,NA,2,NA,NA,NA,NA,NA,0,0,0,NA,NA,""
3346,3350,92782,18,14,2024-09-19 21:34:00,2024-09-20 00:06:00,"19-09-2024 21:34","19-09-2024 21:34",2.53,2.53,0,35.4,34.2,35.6,33.1,NA,0.0338,"ppm",NA,NA,NA,NA,NA,0.0298,0.000342,0.0755,8.38,0.0961,12.5,NA,NA,NA,NA,NA,NA,2,NA,2,NA,NA,NA,NA,NA,0,0,0,NA,NA,""
3346,3350,92783,19,15,2024-09-20 00:06:00,2024-09-20 02:38:00,"20-09-2024 00:06","20-09-2024 00:06",2.53,2.53,0,38,36.7,38.1,35.6,NA,0.0339,"ppm",NA,NA,NA,NA,NA,0.0244,0.00028,0.0618,8.44,0.0968,11.3,NA,NA,NA,NA,NA,NA,2,NA,2,NA,NA,NA,NA,NA,0,0,0,NA,NA,""
3346,3350,92784,20,16,2024-09-20 02:38:00,2024-09-20 05:10:00,"20-09-2024 02:38","20-09-2024 02:38",2.53,2.53,0,40.5,39.2,40.7,38.1,NA,0.0333,"ppm",NA,NA,NA,NA,NA,0.0216,0.000248,0.0548,8.49,0.0975,11.7,NA,NA,NA,NA,NA,NA,2,NA,2,NA,NA,NA,NA,NA,0,0,0,NA,NA,""
3346,3350,92785,21,17,2024-09-20 05:10:00,2024-09-20 07:42:00,"20-09-2024 05:10","20-09-2024 05:10",2.53,2.53,0,43,41.8,43.2,40.7,NA,0.0369,"ppm",NA,NA,NA,NA,NA,0.022,0.000252,0.0557,8.55,0.0981,12.6,NA,NA,NA,NA,NA,NA,2,NA,2,NA,NA,NA,NA,NA,0,0,0,NA,NA,""
3346,3350,92786,22,18,2024-09-20 07:42:00,2024-09-20 10:14:00,"20-09-2024 07:42","20-09-2024 07:42",2.53,2.53,0,45.6,44.3,45.7,43.2,NA,0.0496,"ppm",NA,NA,NA,NA,NA,0.0243,0.000279,0.0616,8.61,0.0988,13.2,NA,NA,NA,NA,NA,NA,2,NA,2,NA,NA,NA,NA,NA,0,0,0,NA,NA,""
3346,3350,92787,23,19,2024-09-20 10:14:00,2024-09-20 12:46:00,"20-09-2024 10:14","20-09-2024 10:14",2.53,2.53,0,48.1,46.8,48.3,45.7,NA,0.0836,"ppm",NA,NA,NA,NA,NA,0.0254,0.000291,0.0643,8.68,0.0996,15.3,NA,NA,NA,NA,NA,NA,2,NA,2,NA,NA,NA,NA,NA,0,0,0,NA,NA,""
3346,3350,92788,24,20,2024-09-20 12:46:00,2024-09-20 15:18:00,"20-09-2024 12:46","20-09-2024 12:46",2.53,2.53,0,50.6,49.4,50.8,48.3,NA,0.099,"ppm",NA,NA,NA,NA,NA,0.0679,0.000779,0.172,8.85,0.102,18.8,NA,NA,NA,NA,NA,NA,2,NA,2,NA,NA,NA,NA,NA,0,0,0,NA,NA,""
3346,3350,92789,25,21,2024-09-20 15:18:00,2024-09-20 17:50:00,"20-09-2024 15:18","20-09-2024 15:18",2.53,2.53,0,53.2,51.9,53.3,50.8,NA,0.0561,"ppm",NA,NA,NA,NA,NA,0.136,0.00156,0.345,9.19,0.106,18.8,NA,NA,NA,NA,NA,NA,2,NA,2,NA,NA,NA,NA,NA,0,0,0,NA,NA,""
3346,3350,92790,26,22,2024-09-20 17:50:00,2024-09-20 20:21:00,"20-09-2024 17:50","20-09-2024 17:50",2.52,2.52,0,55.7,54.4,55.8,53.3,NA,0.0388,"ppm",NA,NA,NA,NA,NA,0.104,0.00119,0.261,9.46,0.108,14.7,NA,NA,NA,NA,NA,NA,2,NA,2,NA,NA,NA,NA,NA,0,0,0,NA,NA,""
3346,3350,92791,27,23,2024-09-20 20:21:00,2024-09-20 22:53:00,"20-09-2024 20:21","20-09-2024 20:21",2.53,2.53,0,58.2,57,58.4,55.8,NA,0.0349,"ppm",NA,NA,NA,NA,NA,0.0551,0.000633,0.14,9.59,0.11,12.9,NA,NA,NA,NA,NA,NA,2,NA,2,NA,NA,NA,NA,NA,0,0,0,NA,NA,""
3346,3350,92792,28,24,2024-09-20 22:53:00,2024-09-21 01:25:00,"20-09-2024 22:53","20-09-2024 22:53",2.53,2.53,0,60.8,59.5,60.9,58.4,NA,0.033,"ppm",NA,NA,NA,NA,NA,0.0676,0.000775,0.171,9.77,0.112,11.5,NA,NA,NA,NA,NA,NA,2,NA,2,NA,NA,NA,NA,NA,0,0,0,NA,NA,""
3346,3350,92793,29,25,2024-09-21 01:25:00,2024-09-21 03:57:00,"21-09-2024 01:25","21-09-2024 01:25",2.53,2.53,0,63.3,62,63.4,60.9,NA,0.0326,"ppm",NA,NA,NA,NA,NA,0.069,0.000792,0.175,9.94,0.114,11.3,NA,NA,NA,NA,NA,NA,2,NA,2,NA,NA,NA,NA,NA,0,0,0,NA,NA,""
3346,3350,92794,30,26,2024-09-21 03:57:00,2024-09-21 06:29:00,"21-09-2024 03:57","21-09-2024 03:57",2.53,2.53,0,65.8,64.6,66,63.4,NA,0.0326,"ppm",NA,NA,NA,NA,NA,0.0703,0.000807,0.178,10.1,0.116,10.9,NA,NA,NA,NA,NA,NA,2,NA,2,NA,NA,NA,NA,NA,0,0,0,NA,NA,""
3346,3350,92795,31,27,2024-09-21 06:29:00,2024-09-21 09:01:00,"21-09-2024 06:29","21-09-2024 06:29",2.53,2.53,0,68.4,67.1,68.5,66,NA,0.047,"ppm",NA,NA,NA,NA,NA,0.0688,0.00079,0.174,10.3,0.118,11.8,NA,NA,NA,NA,NA,NA,2,NA,2,NA,NA,NA,NA,NA,0,0,0,NA,NA,""
3346,3350,92796,32,28,2024-09-21 09:01:00,2024-09-21 11:33:00,"21-09-2024 09:01","21-09-2024 09:01",2.53,2.53,0,70.9,69.6,71,68.5,NA,0.0915,"ppm",NA,NA,NA,NA,NA,0.11,0.00126,0.279,10.6,0.121,16,NA,NA,NA,NA,NA,NA,2,NA,2,NA,NA,NA,NA,NA,0,0,0,NA,NA,""
3346,3350,92797,33,29,2024-09-21 11:33:00,2024-09-21 14:05:00,"21-09-2024 11:33","21-09-2024 11:33",2.53,2.53,0,73.4,72.2,73.6,71,NA,0.101,"ppm",NA,NA,NA,NA,NA,0.143,0.00164,0.363,10.9,0.125,20.2,NA,NA,NA,NA,NA,NA,2,NA,2,NA,NA,NA,NA,NA,0,0,0,NA,NA,""
3346,3350,92798,34,30,2024-09-21 14:05:00,2024-09-21 16:37:00,"21-09-2024 14:05","21-09-2024 14:05",2.53,2.53,0,76,74.7,76.1,73.6,NA,0.0682,"ppm",NA,NA,NA,NA,NA,0.136,0.00156,0.343,11.3,0.129,20.2,NA,NA,NA,NA,NA,NA,2,NA,2,NA,NA,NA,NA,NA,0,0,0,NA,NA,""
3346,3350,92799,35,31,2024-09-21 16:37:00,2024-09-21 19:09:00,"21-09-2024 16:37","21-09-2024 16:37",2.53,2.53,0,78.5,77.2,78.6,76.1,NA,0.0451,"ppm",NA,NA,NA,NA,NA,0.0977,0.00112,0.248,11.5,0.132,16.8,NA,NA,NA,NA,NA,NA,2,NA,2,NA,NA,NA,NA,NA,0,0,0,NA,NA,""
3346,3350,92800,36,32,2024-09-21 19:09:00,2024-09-21 21:41:00,"21-09-2024 19:09","21-09-2024 19:09",2.53,2.53,0,81,79.8,81.2,78.6,NA,0.0325,"ppm",NA,NA,NA,NA,NA,0.0481,0.000552,0.122,11.6,0.134,13.3,NA,NA,NA,NA,NA,NA,2,NA,2,NA,NA,NA,NA,NA,0,0,0,NA,NA,""
3346,3350,92801,37,33,2024-09-21 21:41:00,2024-09-22 00:13:00,"21-09-2024 21:41","21-09-2024 21:41",2.53,2.53,0,83.6,82.3,83.7,81.2,NA,0.0316,"ppm",NA,NA,NA,NA,NA,0.0387,0.000445,0.0982,11.7,0.135,12.7,NA,NA,NA,NA,NA,NA,2,NA,2,NA,NA,NA,NA,NA,0,0,0,NA,NA,""
3346,3350,92802,38,34,2024-09-22 00:13:00,2024-09-22 02:44:00,"22-09-2024 00:13","22-09-2024 00:13",2.52,2.52,0,86.1,84.8,86.2,83.7,NA,0.029,"ppm",NA,NA,NA,NA,NA,0.0344,0.000394,0.0865,11.8,0.136,10.8,NA,NA,NA,NA,NA,NA,2,NA,2,NA,NA,NA,NA,NA,0,0,0,NA,NA,""
3346,3350,92803,39,35,2024-09-22 02:44:00,2024-09-22 05:16:00,"22-09-2024 02:44","22-09-2024 02:44",2.53,2.53,0,88.6,87.4,88.8,86.2,NA,0.0293,"ppm",NA,NA,NA,NA,NA,0.0334,0.000383,0.0846,11.9,0.137,10.8,NA,NA,NA,NA,NA,NA,2,NA,2,NA,NA,NA,NA,NA,0,0,0,NA,NA,""
3346,3350,92804,40,36,2024-09-22 05:16:00,2024-09-22 07:48:00,"22-09-2024 05:16","22-09-2024 05:16",2.53,2.53,0,91.2,89.9,91.3,88.8,NA,0.0363,"ppm",NA,NA,NA,NA,NA,0.0268,0.000308,0.0679,12,0.138,9.8,NA,NA,NA,NA,NA,NA,2,NA,2,NA,NA,NA,NA,NA,0,0,0,NA,NA,""
3346,3350,92805,41,37,2024-09-22 07:48:00,2024-09-22 10:20:00,"22-09-2024 07:48","22-09-2024 07:48",2.53,2.53,0,93.7,92.4,93.8,91.3,NA,0.0699,"ppm",NA,NA,NA,NA,NA,0.0793,0.00091,0.201,12.2,0.14,14.5,NA,NA,NA,NA,NA,NA,2,NA,2,NA,NA,NA,NA,NA,0,0,0,NA,NA,""
3346,3350,92806,42,38,2024-09-22 10:20:00,2024-09-22 12:52:00,"22-09-2024 10:20","22-09-2024 10:20",2.53,2.53,0,96.2,95,96.4,93.8,NA,0.0823,"ppm",NA,NA,NA,NA,NA,0.0985,0.00113,0.249,12.4,0.143,18.5,NA,NA,NA,NA,NA,NA,2,NA,2,NA,NA,NA,NA,NA,0,0,0,NA,NA,""
3346,3350,92807,43,39,2024-09-22 12:52:00,2024-09-22 15:24:00,"22-09-2024 12:52","22-09-2024 12:52",2.53,2.53,0,98.8,97.5,98.9,96.4,NA,0.0716,"ppm",NA,NA,NA,NA,NA,0.069,0.000791,0.175,12.6,0.145,19.5,NA,NA,NA,NA,NA,NA,2,NA,2,NA,NA,NA,NA,NA,0,0,0,NA,NA,""
3346,3350,92808,44,40,2024-09-22 15:24:00,2024-09-22 17:56:00,"22-09-2024 15:24","22-09-2024 15:24",2.53,2.53,0,101,100,101,98.9,NA,0.042,"ppm",NA,NA,NA,NA,NA,0.0732,0.00084,0.186,12.8,0.147,17.3,NA,NA,NA,NA,NA,NA,2,NA,2,NA,NA,NA,NA,NA,0,0,0,NA,NA,""
3346,3350,92809,45,41,2024-09-22 17:56:00,2024-09-22 20:28:00,"22-09-2024 17:56","22-09-2024 17:56",2.53,2.53,0,104,103,104,101,NA,0.0299,"ppm",NA,NA,NA,NA,NA,0.0357,0.000409,0.0903,12.9,0.148,12.7,NA,NA,NA,NA,NA,NA,2,NA,2,NA,NA,NA,NA,NA,0,0,0,NA,NA,""
3346,3350,92810,46,42,2024-09-22 20:28:00,2024-09-22 23:00:00,"22-09-2024 20:28","22-09-2024 20:28",2.53,2.53,0,106,105,106,104,NA,0.0336,"ppm",NA,NA,NA,NA,NA,-0.0012,-1.37e-05,-0.00303,12.9,0.148,11.8,NA,NA,NA,NA,NA,NA,2,NA,2,NA,NA,NA,NA,NA,0,0,0,NA,NA,""
3346,3350,92811,47,43,2024-09-22 23:00:00,2024-09-23 01:32:00,"22-09-2024 23:00","22-09-2024 23:00",2.53,2.53,0,109,108,109,106,NA,0.029,"ppm",NA,NA,NA,NA,NA,-0.00117,-1.34e-05,-0.00297,12.9,0.148,9.6,NA,NA,NA,NA,NA,NA,2,NA,2,NA,NA,NA,NA,NA,0,0,0,NA,NA,""
3346,3350,92812,48,44,2024-09-23 01:32:00,2024-09-23 04:04:00,"23-09-2024 01:32","23-09-2024 01:32",2.53,2.53,0,111,110,112,109,NA,0.0265,"ppm",NA,NA,NA,NA,NA,0.00863,9.9e-05,0.0219,12.9,0.148,8.1,NA,NA,NA,NA,NA,NA,2,NA,2,NA,NA,NA,NA,NA,0,0,0,NA,NA,""
3346,3350,92813,49,45,2024-09-23 04:04:00,2024-09-23 06:36:00,"23-09-2024 04:04","23-09-2024 04:04",2.53,2.53,0,114,113,114,112,NA,0.0277,"ppm",NA,NA,NA,NA,NA,0.00874,1e-04,0.0221,12.9,0.148,9.6,NA,NA,NA,NA,NA,NA,2,NA,2,NA,NA,NA,NA,NA,0,0,0,NA,NA,""
3346,3350,92814,50,46,2024-09-23 06:36:00,2024-09-23 09:08:00,"23-09-2024 06:36","23-09-2024 06:36",2.53,2.53,0,116,115,117,114,NA,0.0359,"ppm",NA,NA,NA,NA,NA,0.013,0.000149,0.0329,13,0.149,12,NA,NA,NA,NA,NA,NA,2,NA,2,NA,NA,NA,NA,NA,0,0,0,NA,NA,""
3346,3350,92815,51,47,2024-09-23 09:08:00,2024-09-23 11:39:00,"23-09-2024 09:08","23-09-2024 09:08",2.52,2.52,0,119,118,119,117,NA,0.0603,"ppm",NA,NA,NA,NA,NA,0.0128,0.000147,0.0322,13,0.149,13.5,NA,NA,NA,NA,NA,NA,2,NA,2,NA,NA,NA,NA,NA,0,0,0,NA,NA,""
3346,3350,92816,52,48,2024-09-23 11:39:00,2024-09-23 14:11:00,"23-09-2024 11:39","23-09-2024 11:39",2.53,2.53,0,122,120,122,119,NA,0.0634,"ppm",NA,NA,NA,NA,NA,0.043,0.000493,0.109,13.1,0.15,17.5,NA,NA,NA,NA,NA,NA,2,NA,2,NA,NA,NA,NA,NA,0,0,0,NA,NA,""
3346,3350,92817,53,49,2024-09-23 14:11:00,2024-09-23 16:43:00,"23-09-2024 14:11","23-09-2024 14:11",2.53,2.53,0,124,123,124,122,NA,0.0442,"ppm",NA,NA,NA,NA,NA,0.064,0.000734,0.162,13.3,0.152,18.1,NA,NA,NA,NA,NA,NA,2,NA,2,NA,NA,NA,NA,NA,0,0,0,NA,NA,""
3346,3350,92818,54,50,2024-09-23 16:43:00,2024-09-23 19:15:00,"23-09-2024 16:43","23-09-2024 16:43",2.53,2.53,0,127,125,127,124,NA,0.0321,"ppm",NA,NA,NA,NA,NA,0.0348,0.000399,0.0881,13.3,0.153,16.1,NA,NA,NA,NA,NA,NA,2,NA,2,NA,NA,NA,NA,NA,0,0,0,NA,NA,""
3346,3350,92819,55,51,2024-09-23 19:15:00,2024-09-23 21:47:00,"23-09-2024 19:15","23-09-2024 19:15",2.53,2.53,0,129,128,129,127,NA,0.0291,"ppm",NA,NA,NA,NA,NA,0.0138,0.000159,0.0351,13.4,0.154,15,NA,NA,NA,NA,NA,NA,2,NA,2,NA,NA,NA,NA,NA,0,0,0,NA,NA,""
3346,3350,92820,56,52,2024-09-23 21:47:00,2024-09-24 00:19:00,"23-09-2024 21:47","23-09-2024 21:47",2.53,2.53,0,132,130,132,129,NA,0.028,"ppm",NA,NA,NA,NA,NA,0.00557,6.39e-05,0.0141,13.4,0.154,14.8,NA,NA,NA,NA,NA,NA,2,NA,2,NA,NA,NA,NA,NA,0,0,0,NA,NA,""
3346,3350,92821,57,53,2024-09-24 00:19:00,2024-09-24 02:51:00,"24-09-2024 00:19","24-09-2024 00:19",2.53,2.53,0,134,133,134,132,NA,0.0271,"ppm",NA,NA,NA,NA,NA,0.00214,2.45e-05,0.00542,13.4,0.154,14.6,NA,NA,NA,NA,NA,NA,2,NA,2,NA,NA,NA,NA,NA,0,0,0,NA,NA,""
3346,3350,92822,58,54,2024-09-24 02:51:00,2024-09-24 05:23:00,"24-09-2024 02:51","24-09-2024 02:51",2.53,2.53,0,137,135,137,134,NA,0.0247,"ppm",NA,NA,NA,NA,NA,0.0014,1.61e-05,0.00356,13.4,0.154,14.5,NA,NA,NA,NA,NA,NA,2,NA,2,NA,NA,NA,NA,NA,0,0,0,NA,NA,""
3347,3351,92823,59,1,2024-09-18 13:51:00,2024-09-18 16:23:00,"18-09-2024 13:51","18-09-2024 13:51",2.53,2.53,0,2.53,1.27,2.53,0,NA,0.116,"ppm",NA,NA,NA,NA,NA,0.188,0.00232,0.477,0.477,0.00587,19.9,NA,NA,NA,NA,NA,NA,2,NA,2,NA,NA,NA,NA,NA,0,0,0,NA,NA,""
3347,3351,92824,60,2,2024-09-18 16:23:00,2024-09-18 18:55:00,"18-09-2024 16:23","18-09-2024 16:23",2.53,2.53,0,5.07,3.8,5.07,2.53,NA,0.0678,"ppm",NA,NA,NA,NA,NA,0.0627,0.000772,0.159,0.636,0.00783,17,NA,NA,NA,NA,NA,NA,2,NA,2,NA,NA,NA,NA,NA,0,0,0,NA,NA,""
3347,3351,92825,61,3,2024-09-18 18:55:00,2024-09-18 21:27:00,"18-09-2024 18:55","18-09-2024 18:55",2.53,2.53,0,7.6,6.33,7.6,5.07,NA,0.0467,"ppm",NA,NA,NA,NA,NA,0.0436,0.000537,0.11,0.746,0.00919,13.5,NA,NA,NA,NA,NA,NA,2,NA,2,NA,NA,NA,NA,NA,0,0,0,NA,NA,""
3347,3351,92826,62,4,2024-09-18 21:27:00,2024-09-18 23:59:00,"18-09-2024 21:27","18-09-2024 21:27",2.53,2.53,0,10.1,8.87,10.1,7.6,NA,0.0561,"ppm",NA,NA,NA,NA,NA,0.0092,0.000113,0.0233,0.769,0.00947,11.9,NA,NA,NA,NA,NA,NA,2,NA,2,NA,NA,NA,NA,NA,0,0,0,NA,NA,""
3347,3351,92827,63,5,2024-09-18 23:59:00,2024-09-19 02:31:00,"18-09-2024 23:59","18-09-2024 23:59",2.53,2.53,0,12.7,11.4,12.7,10.1,NA,0.0377,"ppm",NA,NA,NA,NA,NA,0.00556,6.85e-05,0.0141,0.783,0.00965,10.2,NA,NA,NA,NA,NA,NA,2,NA,2,NA,NA,NA,NA,NA,0,0,0,NA,NA,""
3347,3351,92828,64,6,2024-09-19 02:31:00,2024-09-19 05:03:00,"19-09-2024 02:31","19-09-2024 02:31",2.53,2.53,0,15.2,13.9,15.2,12.7,NA,0.0347,"ppm",NA,NA,NA,NA,NA,0.0221,0.000272,0.056,0.839,0.0103,9.7,NA,NA,NA,NA,NA,NA,2,NA,2,NA,NA,NA,NA,NA,0,0,0,NA,NA,""
3347,3351,92829,65,7,2024-09-19 05:03:00,2024-09-19 07:34:00,"19-09-2024 05:03","19-09-2024 05:03",2.52,2.52,0,17.7,16.5,17.7,15.2,NA,0.0351,"ppm",NA,NA,NA,NA,NA,0.0252,0.00031,0.0634,0.903,0.0111,11.1,NA,NA,NA,NA,NA,NA,2,NA,2,NA,NA,NA,NA,NA,0,0,0,NA,NA,""
3347,3351,92830,66,8,2024-09-19 07:34:00,2024-09-19 10:06:00,"19-09-2024 07:34","19-09-2024 07:34",2.53,2.53,0,20.2,19,20.2,17.7,NA,0.0637,"ppm",NA,NA,NA,NA,NA,0.044,0.000542,0.111,1.01,0.0125,14.6,NA,NA,NA,NA,NA,NA,2,NA,2,NA,NA,NA,NA,NA,0,0,0,NA,NA,""
3347,3351,92831,67,9,2024-09-19 10:06:00,2024-09-19 12:38:00,"19-09-2024 10:06","19-09-2024 10:06",2.53,2.53,0,22.8,21.5,22.8,20.2,NA,0.1,"ppm",NA,NA,NA,NA,NA,0.0713,0.000878,0.181,1.19,0.0147,19.8,NA,NA,NA,NA,NA,NA,2,NA,2,NA,NA,NA,NA,NA,0,0,0,NA,NA,""
3347,3351,92832,68,10,2024-09-19 12:38:00,2024-09-19 15:10:00,"19-09-2024 12:38","19-09-2024 12:38",2.53,2.53,0,25.3,24,25.3,22.8,NA,0.116,"ppm",NA,NA,NA,NA,NA,0.0967,0.00119,0.245,1.44,0.0177,21,NA,NA,NA,NA,NA,NA,2,NA,2,NA,NA,NA,NA,NA,0,0,0,NA,NA,""
3347,3351,92833,69,11,2024-09-19 15:10:00,2024-09-19 17:42:00,"19-09-2024 15:10","19-09-2024 15:10",2.53,2.53,0,27.8,26.6,27.8,25.3,NA,0.0768,"ppm",NA,NA,NA,NA,NA,0.12,0.00148,0.304,1.74,0.0215,18.9,NA,NA,NA,NA,NA,NA,2,NA,2,NA,NA,NA,NA,NA,0,0,0,NA,NA,""
3347,3351,92834,70,12,2024-09-19 17:42:00,2024-09-19 20:14:00,"19-09-2024 17:42","19-09-2024 17:42",2.53,2.53,0,30.4,29.1,30.4,27.8,NA,0.0445,"ppm",NA,NA,NA,NA,NA,0.087,0.00107,0.22,1.96,0.0242,14.5,NA,NA,NA,NA,NA,NA,2,NA,2,NA,NA,NA,NA,NA,0,0,0,NA,NA,""
3347,3351,92835,71,13,2024-09-19 20:14:00,2024-09-19 22:46:00,"19-09-2024 20:14","19-09-2024 20:14",2.53,2.53,0,32.9,31.6,32.9,30.4,NA,0.0358,"ppm",NA,NA,NA,NA,NA,0.038,0.000468,0.0963,2.06,0.0254,12.5,NA,NA,NA,NA,NA,NA,2,NA,2,NA,NA,NA,NA,NA,0,0,0,NA,NA,""
3347,3351,92836,72,14,2024-09-19 22:46:00,2024-09-20 01:18:00,"19-09-2024 22:46","19-09-2024 22:46",2.53,2.53,0,35.4,34.2,35.4,32.9,NA,0.0338,"ppm",NA,NA,NA,NA,NA,0.0267,0.000328,0.0676,2.13,0.0262,12.4,NA,NA,NA,NA,NA,NA,2,NA,2,NA,NA,NA,NA,NA,0,0,0,NA,NA,""
3347,3351,92837,73,15,2024-09-20 01:18:00,2024-09-20 03:50:00,"20-09-2024 01:18","20-09-2024 01:18",2.53,2.53,0,38,36.7,38,35.4,NA,0.0339,"ppm",NA,NA,NA,NA,NA,0.0236,0.00029,0.0597,2.19,0.0269,11.3,NA,NA,NA,NA,NA,NA,2,NA,2,NA,NA,NA,NA,NA,0,0,0,NA,NA,""
3347,3351,92838,74,16,2024-09-20 03:50:00,2024-09-20 06:22:00,"20-09-2024 03:50","20-09-2024 03:50",2.53,2.53,0,40.5,39.2,40.5,38,NA,0.0333,"ppm",NA,NA,NA,NA,NA,0.0269,0.000331,0.0681,2.26,0.0278,12.2,NA,NA,NA,NA,NA,NA,2,NA,2,NA,NA,NA,NA,NA,0,0,0,NA,NA,""
3347,3351,92839,75,17,2024-09-20 06:22:00,2024-09-20 08:54:00,"20-09-2024 06:22","20-09-2024 06:22",2.53,2.53,0,43,41.8,43,40.5,NA,0.0369,"ppm",NA,NA,NA,NA,NA,0.0315,0.000388,0.0798,2.34,0.0288,12.9,NA,NA,NA,NA,NA,NA,2,NA,2,NA,NA,NA,NA,NA,0,0,0,NA,NA,""
3347,3351,92840,76,18,2024-09-20 08:54:00,2024-09-20 11:26:00,"20-09-2024 08:54","20-09-2024 08:54",2.53,2.53,0,45.6,44.3,45.6,43,NA,0.0496,"ppm",NA,NA,NA,NA,NA,0.0431,0.000531,0.109,2.45,0.0301,14.1,NA,NA,NA,NA,NA,NA,2,NA,2,NA,NA,NA,NA,NA,0,0,0,NA,NA,""
3347,3351,92841,77,19,2024-09-20 11:26:00,2024-09-20 13:58:00,"20-09-2024 11:26","20-09-2024 11:26",2.53,2.53,0,48.1,46.8,48.1,45.6,NA,0.0836,"ppm",NA,NA,NA,NA,NA,0.0618,0.000762,0.157,2.6,0.032,17.1,NA,NA,NA,NA,NA,NA,2,NA,2,NA,NA,NA,NA,NA,0,0,0,NA,NA,""
3347,3351,92842,78,20,2024-09-20 13:58:00,2024-09-20 16:30:00,"20-09-2024 13:58","20-09-2024 13:58",2.53,2.53,0,50.6,49.4,50.6,48.1,NA,0.099,"ppm",NA,NA,NA,NA,NA,0.094,0.00116,0.238,2.84,0.035,19.5,NA,NA,NA,NA,NA,NA,2,NA,2,NA,NA,NA,NA,NA,0,0,0,NA,NA,""
3347,3351,92843,79,21,2024-09-20 16:30:00,2024-09-20 19:01:00,"20-09-2024 16:30","20-09-2024 16:30",2.52,2.52,0,53.2,51.9,53.2,50.6,NA,0.0561,"ppm",NA,NA,NA,NA,NA,0.0964,0.00119,0.243,3.08,0.038,16.8,NA,NA,NA,NA,NA,NA,2,NA,2,NA,NA,NA,NA,NA,0,0,0,NA,NA,""
3347,3351,92844,80,22,2024-09-20 19:01:00,2024-09-20 21:33:00,"20-09-2024 19:01","20-09-2024 19:01",2.53,2.53,0,55.7,54.4,55.7,53.2,NA,0.0388,"ppm",NA,NA,NA,NA,NA,0.0542,0.000668,0.137,3.22,0.0397,13.5,NA,NA,NA,NA,NA,NA,2,NA,2,NA,NA,NA,NA,NA,0,0,0,NA,NA,""
3347,3351,92845,81,23,2024-09-20 21:33:00,2024-09-21 00:05:00,"20-09-2024 21:33","20-09-2024 21:33",2.53,2.53,0,58.2,57,58.2,55.7,NA,0.0349,"ppm",NA,NA,NA,NA,NA,0.0351,0.000433,0.089,3.31,0.0407,12.4,NA,NA,NA,NA,NA,NA,2,NA,2,NA,NA,NA,NA,NA,0,0,0,NA,NA,""
3347,3351,92846,82,24,2024-09-21 00:05:00,2024-09-21 02:37:00,"21-09-2024 00:05","21-09-2024 00:05",2.53,2.53,0,60.8,59.5,60.8,58.2,NA,0.033,"ppm",NA,NA,NA,NA,NA,0.0339,0.000417,0.0858,3.39,0.0418,11.4,NA,NA,NA,NA,NA,NA,2,NA,2,NA,NA,NA,NA,NA,0,0,0,NA,NA,""
3347,3351,92847,83,25,2024-09-21 02:37:00,2024-09-21 05:09:00,"21-09-2024 02:37","21-09-2024 02:37",2.53,2.53,0,63.3,62,63.3,60.8,NA,0.0326,"ppm",NA,NA,NA,NA,NA,0.0316,0.000389,0.08,3.47,0.0428,11.4,NA,NA,NA,NA,NA,NA,2,NA,2,NA,NA,NA,NA,NA,0,0,0,NA,NA,""
3347,3351,92848,84,26,2024-09-21 05:09:00,2024-09-21 07:41:00,"21-09-2024 05:09","21-09-2024 05:09",2.53,2.53,0,65.8,64.6,65.8,63.3,NA,0.0326,"ppm",NA,NA,NA,NA,NA,0.0313,0.000386,0.0794,3.55,0.0438,11.1,NA,NA,NA,NA,NA,NA,2,NA,2,NA,NA,NA,NA,NA,0,0,0,NA,NA,""
3347,3351,92849,85,27,2024-09-21 07:41:00,2024-09-21 10:13:00,"21-09-2024 07:41","21-09-2024 07:41",2.53,2.53,0,68.4,67.1,68.4,65.8,NA,0.047,"ppm",NA,NA,NA,NA,NA,0.0393,0.000485,0.0997,3.65,0.045,12.6,NA,NA,NA,NA,NA,NA,2,NA,2,NA,NA,NA,NA,NA,0,0,0,NA,NA,""
3347,3351,92850,86,28,2024-09-21 10:13:00,2024-09-21 12:45:00,"21-09-2024 10:13","21-09-2024 10:13",2.53,2.53,0,70.9,69.6,70.9,68.4,NA,0.0915,"ppm",NA,NA,NA,NA,NA,0.0759,0.000934,0.192,3.85,0.0474,18.8,NA,NA,NA,NA,NA,NA,2,NA,2,NA,NA,NA,NA,NA,0,0,0,NA,NA,""
3347,3351,92851,87,29,2024-09-21 12:45:00,2024-09-21 15:17:00,"21-09-2024 12:45","21-09-2024 12:45",2.53,2.53,0,73.4,72.2,73.4,70.9,NA,0.101,"ppm",NA,NA,NA,NA,NA,0.11,0.00135,0.277,4.12,0.0508,20.7,NA,NA,NA,NA,NA,NA,2,NA,2,NA,NA,NA,NA,NA,0,0,0,NA,NA,""
3347,3351,92852,88,30,2024-09-21 15:17:00,2024-09-21 17:49:00,"21-09-2024 15:17","21-09-2024 15:17",2.53,2.53,0,76,74.7,76,73.4,NA,0.0682,"ppm",NA,NA,NA,NA,NA,0.114,0.0014,0.288,4.41,0.0543,18.7,NA,NA,NA,NA,NA,NA,2,NA,2,NA,NA,NA,NA,NA,0,0,0,NA,NA,""
3347,3351,92853,89,31,2024-09-21 17:49:00,2024-09-21 20:21:00,"21-09-2024 17:49","21-09-2024 17:49",2.53,2.53,0,78.5,77.2,78.5,76,NA,0.0451,"ppm",NA,NA,NA,NA,NA,0.0769,0.000947,0.195,4.61,0.0567,15.2,NA,NA,NA,NA,NA,NA,2,NA,2,NA,NA,NA,NA,NA,0,0,0,NA,NA,""
3347,3351,92854,90,32,2024-09-21 20:21:00,2024-09-21 22:53:00,"21-09-2024 20:21","21-09-2024 20:21",2.53,2.53,0,81,79.8,81,78.5,NA,0.0325,"ppm",NA,NA,NA,NA,NA,0.0366,0.000451,0.0927,4.7,0.0579,12.8,NA,NA,NA,NA,NA,NA,2,NA,2,NA,NA,NA,NA,NA,0,0,0,NA,NA,""
3347,3351,92855,91,33,2024-09-21 22:53:00,2024-09-22 01:25:00,"21-09-2024 22:53","21-09-2024 22:53",2.53,2.53,0,83.6,82.3,83.6,81,NA,0.0316,"ppm",NA,NA,NA,NA,NA,0.0277,0.000341,0.0701,4.77,0.0587,11,NA,NA,NA,NA,NA,NA,2,NA,2,NA,NA,NA,NA,NA,0,0,0,NA,NA,""
3347,3351,92856,92,34,2024-09-22 01:25:00,2024-09-22 03:56:00,"22-09-2024 01:25","22-09-2024 01:25",2.52,2.52,0,86.1,84.8,86.1,83.6,NA,0.029,"ppm",NA,NA,NA,NA,NA,0.0276,0.00034,0.0695,4.84,0.0596,10.9,NA,NA,NA,NA,NA,NA,2,NA,2,NA,NA,NA,NA,NA,0,0,0,NA,NA,""
3347,3351,92857,93,35,2024-09-22 03:56:00,2024-09-22 06:28:00,"22-09-2024 03:56","22-09-2024 03:56",2.53,2.53,0,88.6,87.4,88.6,86.1,NA,0.0293,"ppm",NA,NA,NA,NA,NA,0.0302,0.000372,0.0764,4.91,0.0605,9.4,NA,NA,NA,NA,NA,NA,2,NA,2,NA,NA,NA,NA,NA,0,0,0,NA,NA,""
3347,3351,92858,94,36,2024-09-22 06:28:00,2024-09-22 09:00:00,"22-09-2024 06:28","22-09-2024 06:28",2.53,2.53,0,91.2,89.9,91.2,88.6,NA,0.0363,"ppm",NA,NA,NA,NA,NA,0.0277,0.000342,0.0703,4.99,0.0614,11.9,NA,NA,NA,NA,NA,NA,2,NA,2,NA,NA,NA,NA,NA,0,0,0,NA,NA,""
3347,3351,92859,95,37,2024-09-22 09:00:00,2024-09-22 11:32:00,"22-09-2024 09:00","22-09-2024 09:00",2.53,2.53,0,93.7,92.4,93.7,91.2,NA,0.0699,"ppm",NA,NA,NA,NA,NA,0.0605,0.000746,0.153,5.14,0.0633,15.6,NA,NA,NA,NA,NA,NA,2,NA,2,NA,NA,NA,NA,NA,0,0,0,NA,NA,""
3347,3351,92860,96,38,2024-09-22 11:32:00,2024-09-22 14:04:00,"22-09-2024 11:32","22-09-2024 11:32",2.53,2.53,0,96.2,95,96.2,93.7,NA,0.0823,"ppm",NA,NA,NA,NA,NA,0.106,0.0013,0.268,5.41,0.0666,19.4,NA,NA,NA,NA,NA,NA,2,NA,2,NA,NA,NA,NA,NA,0,0,0,NA,NA,""
3347,3351,92861,97,39,2024-09-22 14:04:00,2024-09-22 16:36:00,"22-09-2024 14:04","22-09-2024 14:04",2.53,2.53,0,98.8,97.5,98.8,96.2,NA,0.0716,"ppm",NA,NA,NA,NA,NA,0.108,0.00133,0.274,5.68,0.07,18.6,NA,NA,NA,NA,NA,NA,2,NA,2,NA,NA,NA,NA,NA,0,0,0,NA,NA,""
3347,3351,92862,98,40,2024-09-22 16:36:00,2024-09-22 19:08:00,"22-09-2024 16:36","22-09-2024 16:36",2.53,2.53,0,101,100,101,98.8,NA,0.042,"ppm",NA,NA,NA,NA,NA,0.0775,0.000954,0.196,5.88,0.0724,15.5,NA,NA,NA,NA,NA,NA,2,NA,2,NA,NA,NA,NA,NA,0,0,0,NA,NA,""
3347,3351,92863,99,41,2024-09-22 19:08:00,2024-09-22 21:40:00,"22-09-2024 19:08","22-09-2024 19:08",2.53,2.53,0,104,103,104,101,NA,0.0299,"ppm",NA,NA,NA,NA,NA,0.0437,0.000538,0.111,5.99,0.0737,11.8,NA,NA,NA,NA,NA,NA,2,NA,2,NA,NA,NA,NA,NA,0,0,0,NA,NA,""
3347,3351,92864,100,42,2024-09-22 21:40:00,2024-09-22 22:52:00,"22-09-2024 21:40","22-09-2024 21:40",1.2,1.2,0,105,104,105,104,NA,0.0336,"ppm",NA,NA,NA,NA,NA,0.0237,0.000292,0.0284,6.02,0.0741,11.2,NA,NA,NA,NA,NA,NA,2,NA,2,NA,NA,NA,NA,NA,0,0,0,NA,NA,""
3347,3351,92865,101,43,2024-09-22 22:52:00,2024-09-23 00:12:00,"22-09-2024 22:52","22-09-2024 22:52",1.33,1.33,0,106,106,106,105,NA,0.029,"ppm",NA,NA,NA,NA,NA,0.0206,0.000253,0.0274,6.04,0.0744,10.5,NA,NA,NA,NA,NA,NA,2,NA,2,NA,NA,NA,NA,NA,0,0,0,NA,NA,""
3347,3351,92866,102,44,2024-09-23 00:12:00,2024-09-23 02:44:00,"23-09-2024 00:12","23-09-2024 00:12",2.53,2.53,0,109,108,109,106,NA,0.0265,"ppm",NA,NA,NA,NA,NA,0.0264,0.000326,0.067,6.11,0.0753,9.1,NA,NA,NA,NA,NA,NA,2,NA,2,NA,NA,NA,NA,NA,0,0,0,NA,NA,""
3347,3351,92867,103,45,2024-09-23 02:44:00,2024-09-23 05:16:00,"23-09-2024 02:44","23-09-2024 02:44",2.53,2.53,0,111,110,111,109,NA,0.0277,"ppm",NA,NA,NA,NA,NA,0.0232,0.000286,0.0588,6.17,0.076,7.5,NA,NA,NA,NA,NA,NA,2,NA,2,NA,NA,NA,NA,NA,0,0,0,NA,NA,""
3347,3351,92868,104,46,2024-09-23 05:16:00,2024-09-23 07:48:00,"23-09-2024 05:16","23-09-2024 05:16",2.53,2.53,0,114,113,114,111,NA,0.0359,"ppm",NA,NA,NA,NA,NA,0.0165,0.000203,0.0417,6.21,0.0765,11.3,NA,NA,NA,NA,NA,NA,2,NA,2,NA,NA,NA,NA,NA,0,0,0,NA,NA,""
3347,3351,92869,105,47,2024-09-23 07:48:00,2024-09-23 10:19:00,"23-09-2024 07:48","23-09-2024 07:48",2.52,2.52,0,116,115,116,114,NA,0.0603,"ppm",NA,NA,NA,NA,NA,0.00503,6.2e-05,0.0127,6.22,0.0766,12.4,NA,NA,NA,NA,NA,NA,2,NA,2,NA,NA,NA,NA,NA,0,0,0,NA,NA,""
3347,3351,92870,106,48,2024-09-23 10:19:00,2024-09-23 12:51:00,"23-09-2024 10:19","23-09-2024 10:19",2.53,2.53,0,119,118,119,116,NA,0.0634,"ppm",NA,NA,NA,NA,NA,0.0197,0.000242,0.0498,6.27,0.0773,15.2,NA,NA,NA,NA,NA,NA,2,NA,2,NA,NA,NA,NA,NA,0,0,0,NA,NA,""
3347,3351,92871,107,49,2024-09-23 12:51:00,2024-09-23 15:23:00,"23-09-2024 12:51","23-09-2024 12:51",2.53,2.53,0,122,120,122,119,NA,0.0442,"ppm",NA,NA,NA,NA,NA,0.0698,0.000859,0.177,6.45,0.0794,18.4,NA,NA,NA,NA,NA,NA,2,NA,2,NA,NA,NA,NA,NA,0,0,0,NA,NA,""
3347,3351,92872,108,50,2024-09-23 15:23:00,2024-09-23 17:55:00,"23-09-2024 15:23","23-09-2024 15:23",2.53,2.53,0,124,123,124,122,NA,0.0321,"ppm",NA,NA,NA,NA,NA,0.0812,0.001,0.206,6.66,0.082,17.3,NA,NA,NA,NA,NA,NA,2,NA,2,NA,NA,NA,NA,NA,0,0,0,NA,NA,""
3347,3351,92873,109,51,2024-09-23 17:55:00,2024-09-23 20:27:00,"23-09-2024 17:55","23-09-2024 17:55",2.53,2.53,0,127,125,127,124,NA,0.0291,"ppm",NA,NA,NA,NA,NA,0.051,0.000628,0.129,6.78,0.0836,15,NA,NA,NA,NA,NA,NA,2,NA,2,NA,NA,NA,NA,NA,0,0,0,NA,NA,""
3347,3351,92874,110,52,2024-09-23 20:27:00,2024-09-23 22:59:00,"23-09-2024 20:27","23-09-2024 20:27",2.53,2.53,0,129,128,129,127,NA,0.028,"ppm",NA,NA,NA,NA,NA,0.0322,0.000397,0.0817,6.87,0.0846,15,NA,NA,NA,NA,NA,NA,2,NA,2,NA,NA,NA,NA,NA,0,0,0,NA,NA,""
3347,3351,92875,111,53,2024-09-23 22:59:00,2024-09-24 01:31:00,"23-09-2024 22:59","23-09-2024 22:59",2.53,2.53,0,132,130,132,129,NA,0.0271,"ppm",NA,NA,NA,NA,NA,0.0291,0.000358,0.0736,6.94,0.0855,14.7,NA,NA,NA,NA,NA,NA,2,NA,2,NA,NA,NA,NA,NA,0,0,0,NA,NA,""
3347,3351,92876,112,54,2024-09-24 01:31:00,2024-09-24 04:03:00,"24-09-2024 01:31","24-09-2024 01:31",2.53,2.53,0,134,133,134,132,NA,0.0247,"ppm",NA,NA,NA,NA,NA,0.0308,0.00038,0.0781,7.02,0.0864,14.5,NA,NA,NA,NA,NA,NA,2,NA,2,NA,NA,NA,NA,NA,0,0,0,NA,NA,""
3348,3352,92877,113,1,2024-09-18 13:59:00,2024-09-18 16:31:00,"18-09-2024 13:59","18-09-2024 13:59",2.53,2.53,0,2.53,1.27,2.53,0,NA,0.116,"ppm",NA,NA,NA,NA,NA,-0.0326,-0.000371,-0.0827,-0.0827,-0.000941,19.6,NA,NA,NA,NA,NA,NA,2,NA,2,NA,NA,NA,NA,NA,0,0,0,NA,NA,""
3348,3352,92878,114,2,2024-09-18 16:31:00,2024-09-18 19:03:00,"18-09-2024 16:31","18-09-2024 16:31",2.53,2.53,0,5.07,3.8,5.07,2.53,NA,0.0678,"ppm",NA,NA,NA,NA,NA,0.0259,0.000295,0.0657,-0.017,-0.000193,17,NA,NA,NA,NA,NA,NA,2,NA,2,NA,NA,NA,NA,NA,0,0,0,NA,NA,""
3348,3352,92879,115,3,2024-09-18 19:03:00,2024-09-18 21:35:00,"18-09-2024 19:03","18-09-2024 19:03",2.53,2.53,0,7.6,6.33,7.6,5.07,NA,0.0467,"ppm",NA,NA,NA,NA,NA,0.0209,0.000238,0.0529,0.036,0.00041,13.5,NA,NA,NA,NA,NA,NA,2,NA,2,NA,NA,NA,NA,NA,0,0,0,NA,NA,""
3348,3352,92880,116,4,2024-09-18 21:35:00,2024-09-19 00:07:00,"18-09-2024 21:35","18-09-2024 21:35",2.53,2.53,0,10.1,8.87,10.1,7.6,NA,0.0561,"ppm",NA,NA,NA,NA,NA,-0.00378,-4.3e-05,-0.00957,0.0264,0.000301,11.9,NA,NA,NA,NA,NA,NA,2,NA,2,NA,NA,NA,NA,NA,0,0,0,NA,NA,""
3348,3352,92881,117,5,2024-09-19 00:07:00,2024-09-19 02:39:00,"19-09-2024 00:07","19-09-2024 00:07",2.53,2.53,0,12.7,11.4,12.7,10.1,NA,0.0377,"ppm",NA,NA,NA,NA,NA,-0.00629,-7.16e-05,-0.0159,0.0105,0.000119,10.2,NA,NA,NA,NA,NA,NA,2,NA,2,NA,NA,NA,NA,NA,0,0,0,NA,NA,""
3348,3352,92882,118,6,2024-09-19 02:39:00,2024-09-19 05:11:00,"19-09-2024 02:39","19-09-2024 02:39",2.53,2.53,0,15.2,13.9,15.2,12.7,NA,0.0347,"ppm",NA,NA,NA,NA,NA,0.00975,0.000111,0.0247,0.0352,4e-04,9.7,NA,NA,NA,NA,NA,NA,2,NA,2,NA,NA,NA,NA,NA,0,0,0,NA,NA,""
3348,3352,92883,119,7,2024-09-19 05:11:00,2024-09-19 07:42:00,"19-09-2024 05:11","19-09-2024 05:11",2.52,2.52,0,17.7,16.5,17.7,15.2,NA,0.0351,"ppm",NA,NA,NA,NA,NA,0.0131,0.000149,0.033,0.0681,0.000775,11.1,NA,NA,NA,NA,NA,NA,2,NA,2,NA,NA,NA,NA,NA,0,0,0,NA,NA,""
3348,3352,92884,120,8,2024-09-19 07:42:00,2024-09-19 10:14:00,"19-09-2024 07:42","19-09-2024 07:42",2.53,2.53,0,20.2,19,20.2,17.7,NA,0.0637,"ppm",NA,NA,NA,NA,NA,0.0248,0.000282,0.0628,0.131,0.00149,14.6,NA,NA,NA,NA,NA,NA,2,NA,2,NA,NA,NA,NA,NA,0,0,0,NA,NA,""
3348,3352,92885,121,9,2024-09-19 10:14:00,2024-09-19 12:46:00,"19-09-2024 10:14","19-09-2024 10:14",2.53,2.53,0,22.8,21.5,22.8,20.2,NA,0.1,"ppm",NA,NA,NA,NA,NA,0.048,0.000547,0.122,0.253,0.00287,19.8,NA,NA,NA,NA,NA,NA,2,NA,2,NA,NA,NA,NA,NA,0,0,0,NA,NA,""
3348,3352,92886,122,10,2024-09-19 12:46:00,2024-09-19 15:18:00,"19-09-2024 12:46","19-09-2024 12:46",2.53,2.53,0,25.3,24,25.3,22.8,NA,0.116,"ppm",NA,NA,NA,NA,NA,0.079,9e-04,0.2,0.453,0.00515,21,NA,NA,NA,NA,NA,NA,2,NA,2,NA,NA,NA,NA,NA,0,0,0,NA,NA,""
3348,3352,92887,123,11,2024-09-19 15:18:00,2024-09-19 17:50:00,"19-09-2024 15:18","19-09-2024 15:18",2.53,2.53,0,27.8,26.6,27.8,25.3,NA,0.0768,"ppm",NA,NA,NA,NA,NA,0.0898,0.00102,0.227,0.68,0.00774,18.9,NA,NA,NA,NA,NA,NA,2,NA,2,NA,NA,NA,NA,NA,0,0,0,NA,NA,""
3348,3352,92888,124,12,2024-09-19 17:50:00,2024-09-19 20:22:00,"19-09-2024 17:50","19-09-2024 17:50",2.53,2.53,0,30.4,29.1,30.4,27.8,NA,0.0445,"ppm",NA,NA,NA,NA,NA,0.056,0.000638,0.142,0.822,0.00936,14.5,NA,NA,NA,NA,NA,NA,2,NA,2,NA,NA,NA,NA,NA,0,0,0,NA,NA,""
3348,3352,92889,125,13,2024-09-19 20:22:00,2024-09-19 22:54:00,"19-09-2024 20:22","19-09-2024 20:22",2.53,2.53,0,32.9,31.6,32.9,30.4,NA,0.0358,"ppm",NA,NA,NA,NA,NA,0.0247,0.000281,0.0625,0.885,0.0101,12.5,NA,NA,NA,NA,NA,NA,2,NA,2,NA,NA,NA,NA,NA,0,0,0,NA,NA,""
3348,3352,92890,126,14,2024-09-19 22:54:00,2024-09-20 01:26:00,"19-09-2024 22:54","19-09-2024 22:54",2.53,2.53,0,35.4,34.2,35.4,32.9,NA,0.0338,"ppm",NA,NA,NA,NA,NA,0.0179,0.000203,0.0452,0.93,0.0106,12,NA,NA,NA,NA,NA,NA,2,NA,2,NA,NA,NA,NA,NA,0,0,0,NA,NA,""
3348,3352,92891,127,15,2024-09-20 01:26:00,2024-09-20 03:58:00,"20-09-2024 01:26","20-09-2024 01:26",2.53,2.53,0,38,36.7,38,35.4,NA,0.0339,"ppm",NA,NA,NA,NA,NA,0.0154,0.000175,0.0389,0.969,0.011,11.3,NA,NA,NA,NA,NA,NA,2,NA,2,NA,NA,NA,NA,NA,0,0,0,NA,NA,""
3348,3352,92892,128,16,2024-09-20 03:58:00,2024-09-20 06:30:00,"20-09-2024 03:58","20-09-2024 03:58",2.53,2.53,0,40.5,39.2,40.5,38,NA,0.0333,"ppm",NA,NA,NA,NA,NA,0.0185,0.000211,0.0469,1.02,0.0116,12.4,NA,NA,NA,NA,NA,NA,2,NA,2,NA,NA,NA,NA,NA,0,0,0,NA,NA,""
3348,3352,92893,129,17,2024-09-20 06:30:00,2024-09-20 09:02:00,"20-09-2024 06:30","20-09-2024 06:30",2.53,2.53,0,43,41.8,43,40.5,NA,0.0369,"ppm",NA,NA,NA,NA,NA,0.0233,0.000266,0.0591,1.07,0.0122,12.9,NA,NA,NA,NA,NA,NA,2,NA,2,NA,NA,NA,NA,NA,0,0,0,NA,NA,""
3348,3352,92894,130,18,2024-09-20 09:02:00,2024-09-20 11:34:00,"20-09-2024 09:02","20-09-2024 09:02",2.53,2.53,0,45.6,44.3,45.6,43,NA,0.0496,"ppm",NA,NA,NA,NA,NA,0.0293,0.000334,0.0743,1.15,0.0131,14.1,NA,NA,NA,NA,NA,NA,2,NA,2,NA,NA,NA,NA,NA,0,0,0,NA,NA,""
3348,3352,92895,131,19,2024-09-20 11:34:00,2024-09-20 14:06:00,"20-09-2024 11:34","20-09-2024 11:34",2.53,2.53,0,48.1,46.8,48.1,45.6,NA,0.0836,"ppm",NA,NA,NA,NA,NA,0.0404,0.00046,0.102,1.25,0.0142,17.1,NA,NA,NA,NA,NA,NA,2,NA,2,NA,NA,NA,NA,NA,0,0,0,NA,NA,""
3348,3352,92896,132,20,2024-09-20 14:06:00,2024-09-20 16:38:00,"20-09-2024 14:06","20-09-2024 14:06",2.53,2.53,0,50.6,49.4,50.6,48.1,NA,0.099,"ppm",NA,NA,NA,NA,NA,0.0595,0.000677,0.151,1.4,0.016,19.5,NA,NA,NA,NA,NA,NA,2,NA,2,NA,NA,NA,NA,NA,0,0,0,NA,NA,""
3348,3352,92897,133,21,2024-09-20 16:38:00,2024-09-20 19:09:00,"20-09-2024 16:38","20-09-2024 16:38",2.52,2.52,0,53.2,51.9,53.2,50.6,NA,0.0561,"ppm",NA,NA,NA,NA,NA,0.06,0.000683,0.151,1.55,0.0177,16.8,NA,NA,NA,NA,NA,NA,2,NA,2,NA,NA,NA,NA,NA,0,0,0,NA,NA,""
3348,3352,92898,134,22,2024-09-20 19:09:00,2024-09-20 21:41:00,"20-09-2024 19:09","20-09-2024 19:09",2.53,2.53,0,55.7,54.4,55.7,53.2,NA,0.0388,"ppm",NA,NA,NA,NA,NA,0.0368,0.000419,0.0932,1.65,0.0187,13.5,NA,NA,NA,NA,NA,NA,2,NA,2,NA,NA,NA,NA,NA,0,0,0,NA,NA,""
3348,3352,92899,135,23,2024-09-20 21:41:00,2024-09-21 00:13:00,"20-09-2024 21:41","20-09-2024 21:41",2.53,2.53,0,58.2,57,58.2,55.7,NA,0.0349,"ppm",NA,NA,NA,NA,NA,0.0258,0.000294,0.0654,1.71,0.0195,12.4,NA,NA,NA,NA,NA,NA,2,NA,2,NA,NA,NA,NA,NA,0,0,0,NA,NA,""
3348,3352,92900,136,24,2024-09-21 00:13:00,2024-09-21 02:45:00,"21-09-2024 00:13","21-09-2024 00:13",2.53,2.53,0,60.8,59.5,60.8,58.2,NA,0.033,"ppm",NA,NA,NA,NA,NA,0.0238,0.00027,0.0602,1.77,0.0202,11.4,NA,NA,NA,NA,NA,NA,2,NA,2,NA,NA,NA,NA,NA,0,0,0,NA,NA,""
3348,3352,92901,137,25,2024-09-21 02:45:00,2024-09-21 05:17:00,"21-09-2024 02:45","21-09-2024 02:45",2.53,2.53,0,63.3,62,63.3,60.8,NA,0.0326,"ppm",NA,NA,NA,NA,NA,0.021,0.000239,0.0531,1.83,0.0208,11.4,NA,NA,NA,NA,NA,NA,2,NA,2,NA,NA,NA,NA,NA,0,0,0,NA,NA,""
3348,3352,92902,138,26,2024-09-21 05:17:00,2024-09-21 07:49:00,"21-09-2024 05:17","21-09-2024 05:17",2.53,2.53,0,65.8,64.6,65.8,63.3,NA,0.0326,"ppm",NA,NA,NA,NA,NA,0.0194,0.000221,0.0491,1.87,0.0213,11.1,NA,NA,NA,NA,NA,NA,2,NA,2,NA,NA,NA,NA,NA,0,0,0,NA,NA,""
3348,3352,92903,139,27,2024-09-21 07:49:00,2024-09-21 10:21:00,"21-09-2024 07:49","21-09-2024 07:49",2.53,2.53,0,68.4,67.1,68.4,65.8,NA,0.047,"ppm",NA,NA,NA,NA,NA,0.0206,0.000235,0.0523,1.93,0.0219,12.6,NA,NA,NA,NA,NA,NA,2,NA,2,NA,NA,NA,NA,NA,0,0,0,NA,NA,""
3348,3352,92904,140,28,2024-09-21 10:21:00,2024-09-21 12:53:00,"21-09-2024 10:21","21-09-2024 10:21",2.53,2.53,0,70.9,69.6,70.9,68.4,NA,0.0915,"ppm",NA,NA,NA,NA,NA,0.0464,0.000528,0.118,2.04,0.0233,18.8,NA,NA,NA,NA,NA,NA,2,NA,2,NA,NA,NA,NA,NA,0,0,0,NA,NA,""
3348,3352,92905,141,29,2024-09-21 12:53:00,2024-09-21 15:25:00,"21-09-2024 12:53","21-09-2024 12:53",2.53,2.53,0,73.4,72.2,73.4,70.9,NA,0.101,"ppm",NA,NA,NA,NA,NA,0.0782,0.00089,0.198,2.24,0.0255,20.9,NA,NA,NA,NA,NA,NA,2,NA,2,NA,NA,NA,NA,NA,0,0,0,NA,NA,""
3348,3352,92906,142,30,2024-09-21 15:25:00,2024-09-21 17:57:00,"21-09-2024 15:25","21-09-2024 15:25",2.53,2.53,0,76,74.7,76,73.4,NA,0.0682,"ppm",NA,NA,NA,NA,NA,0.0763,0.000868,0.193,2.44,0.0277,18.7,NA,NA,NA,NA,NA,NA,2,NA,2,NA,NA,NA,NA,NA,0,0,0,NA,NA,""
3348,3352,92907,143,31,2024-09-21 17:57:00,2024-09-21 20:29:00,"21-09-2024 17:57","21-09-2024 17:57",2.53,2.53,0,78.5,77.2,78.5,76,NA,0.0451,"ppm",NA,NA,NA,NA,NA,0.0448,0.00051,0.114,2.55,0.029,14,NA,NA,NA,NA,NA,NA,2,NA,2,NA,NA,NA,NA,NA,0,0,0,NA,NA,""
3348,3352,92908,144,32,2024-09-21 20:29:00,2024-09-21 23:01:00,"21-09-2024 20:29","21-09-2024 20:29",2.53,2.53,0,81,79.8,81,78.5,NA,0.0325,"ppm",NA,NA,NA,NA,NA,0.0226,0.000257,0.0572,2.61,0.0297,12.8,NA,NA,NA,NA,NA,NA,2,NA,2,NA,NA,NA,NA,NA,0,0,0,NA,NA,""
3348,3352,92909,145,33,2024-09-21 23:01:00,2024-09-22 01:33:00,"21-09-2024 23:01","21-09-2024 23:01",2.53,2.53,0,83.6,82.3,83.6,81,NA,0.0316,"ppm",NA,NA,NA,NA,NA,0.0172,0.000196,0.0437,2.65,0.0302,11,NA,NA,NA,NA,NA,NA,2,NA,2,NA,NA,NA,NA,NA,0,0,0,NA,NA,""
3348,3352,92910,146,34,2024-09-22 01:33:00,2024-09-22 04:04:00,"22-09-2024 01:33","22-09-2024 01:33",2.52,2.52,0,86.1,84.8,86.1,83.6,NA,0.029,"ppm",NA,NA,NA,NA,NA,0.0161,0.000184,0.0406,2.69,0.0306,10.9,NA,NA,NA,NA,NA,NA,2,NA,2,NA,NA,NA,NA,NA,0,0,0,NA,NA,""
3348,3352,92911,147,35,2024-09-22 04:04:00,2024-09-22 06:36:00,"22-09-2024 04:04","22-09-2024 04:04",2.53,2.53,0,88.6,87.4,88.6,86.1,NA,0.0293,"ppm",NA,NA,NA,NA,NA,0.0172,0.000196,0.0436,2.73,0.0311,9.4,NA,NA,NA,NA,NA,NA,2,NA,2,NA,NA,NA,NA,NA,0,0,0,NA,NA,""
3348,3352,92912,148,36,2024-09-22 06:36:00,2024-09-22 09:08:00,"22-09-2024 06:36","22-09-2024 06:36",2.53,2.53,0,91.2,89.9,91.2,88.6,NA,0.0363,"ppm",NA,NA,NA,NA,NA,0.0155,0.000177,0.0393,2.77,0.0316,11.9,NA,NA,NA,NA,NA,NA,2,NA,2,NA,NA,NA,NA,NA,0,0,0,NA,NA,""
3348,3352,92913,149,37,2024-09-22 09:08:00,2024-09-22 11:40:00,"22-09-2024 09:08","22-09-2024 09:08",2.53,2.53,0,93.7,92.4,93.7,91.2,NA,0.0699,"ppm",NA,NA,NA,NA,NA,0.0417,0.000474,0.106,2.88,0.0328,15.6,NA,NA,NA,NA,NA,NA,2,NA,2,NA,NA,NA,NA,NA,0,0,0,NA,NA,""
3348,3352,92914,150,38,2024-09-22 11:40:00,2024-09-22 14:12:00,"22-09-2024 11:40","22-09-2024 11:40",2.53,2.53,0,96.2,95,96.2,93.7,NA,0.0823,"ppm",NA,NA,NA,NA,NA,0.0815,0.000928,0.207,3.09,0.0351,19.4,NA,NA,NA,NA,NA,NA,2,NA,2,NA,NA,NA,NA,NA,0,0,0,NA,NA,""
3348,3352,92915,151,39,2024-09-22 14:12:00,2024-09-22 16:44:00,"22-09-2024 14:12","22-09-2024 14:12",2.53,2.53,0,98.8,97.5,98.8,96.2,NA,0.0716,"ppm",NA,NA,NA,NA,NA,0.0838,0.000954,0.212,3.3,0.0375,18.6,NA,NA,NA,NA,NA,NA,2,NA,2,NA,NA,NA,NA,NA,0,0,0,NA,NA,""
3348,3352,92916,152,40,2024-09-22 16:44:00,2024-09-22 19:16:00,"22-09-2024 16:44","22-09-2024 16:44",2.53,2.53,0,101,100,101,98.8,NA,0.042,"ppm",NA,NA,NA,NA,NA,0.0555,0.000631,0.141,3.44,0.0391,15.5,NA,NA,NA,NA,NA,NA,2,NA,2,NA,NA,NA,NA,NA,0,0,0,NA,NA,""
3348,3352,92917,153,41,2024-09-22 19:16:00,2024-09-22 21:48:00,"22-09-2024 19:16","22-09-2024 19:16",2.53,2.53,0,104,103,104,101,NA,0.0299,"ppm",NA,NA,NA,NA,NA,0.0313,0.000356,0.0793,3.52,0.04,11.8,NA,NA,NA,NA,NA,NA,2,NA,2,NA,NA,NA,NA,NA,0,0,0,NA,NA,""
3348,3352,92918,154,42,2024-09-22 21:48:00,2024-09-23 00:20:00,"22-09-2024 21:48","22-09-2024 21:48",2.53,2.53,0,106,105,106,104,NA,0.0336,"ppm",NA,NA,NA,NA,NA,0.017,0.000193,0.043,3.56,0.0405,11.2,NA,NA,NA,NA,NA,NA,2,NA,2,NA,NA,NA,NA,NA,0,0,0,NA,NA,""
3348,3352,92919,155,43,2024-09-23 00:20:00,2024-09-23 02:52:00,"23-09-2024 00:20","23-09-2024 00:20",2.53,2.53,0,109,108,109,106,NA,0.029,"ppm",NA,NA,NA,NA,NA,0.0129,0.000147,0.0327,3.59,0.0409,9.1,NA,NA,NA,NA,NA,NA,2,NA,2,NA,NA,NA,NA,NA,0,0,0,NA,NA,""
3348,3352,92920,156,44,2024-09-23 02:52:00,2024-09-23 05:24:00,"23-09-2024 02:52","23-09-2024 02:52",2.53,2.53,0,111,110,111,109,NA,0.0265,"ppm",NA,NA,NA,NA,NA,0.0136,0.000155,0.0344,3.63,0.0413,7.5,NA,NA,NA,NA,NA,NA,2,NA,2,NA,NA,NA,NA,NA,0,0,0,NA,NA,""
3348,3352,92921,157,45,2024-09-23 05:24:00,2024-09-23 07:56:00,"23-09-2024 05:24","23-09-2024 05:24",2.53,2.53,0,114,113,114,111,NA,0.0277,"ppm",NA,NA,NA,NA,NA,0.0164,0.000187,0.0416,3.67,0.0418,11.3,NA,NA,NA,NA,NA,NA,2,NA,2,NA,NA,NA,NA,NA,0,0,0,NA,NA,""
3348,3352,92922,158,46,2024-09-23 07:56:00,2024-09-23 10:27:00,"23-09-2024 07:56","23-09-2024 07:56",2.52,2.52,0,116,115,116,114,NA,0.0359,"ppm",NA,NA,NA,NA,NA,0.0252,0.000287,0.0635,3.73,0.0425,12.7,NA,NA,NA,NA,NA,NA,2,NA,2,NA,NA,NA,NA,NA,0,0,0,NA,NA,""
3348,3352,92923,159,47,2024-09-23 10:27:00,2024-09-23 12:59:00,"23-09-2024 10:27","23-09-2024 10:27",2.53,2.53,0,119,118,119,116,NA,0.0603,"ppm",NA,NA,NA,NA,NA,0.0518,0.00059,0.131,3.86,0.044,15.2,NA,NA,NA,NA,NA,NA,2,NA,2,NA,NA,NA,NA,NA,0,0,0,NA,NA,""
3348,3352,92924,160,48,2024-09-23 12:59:00,2024-09-23 15:31:00,"23-09-2024 12:59","23-09-2024 12:59",2.53,2.53,0,122,120,122,119,NA,0.0634,"ppm",NA,NA,NA,NA,NA,0.0519,0.00059,0.131,4,0.0455,18.3,NA,NA,NA,NA,NA,NA,2,NA,2,NA,NA,NA,NA,NA,0,0,0,NA,NA,""
3348,3352,92925,161,49,2024-09-23 15:31:00,2024-09-23 18:03:00,"23-09-2024 15:31","23-09-2024 15:31",2.53,2.53,0,124,123,124,122,NA,0.0442,"ppm",NA,NA,NA,NA,NA,0.0311,0.000354,0.0788,4.07,0.0464,17.3,NA,NA,NA,NA,NA,NA,2,NA,2,NA,NA,NA,NA,NA,0,0,0,NA,NA,""
3348,3352,92926,162,50,2024-09-23 18:03:00,2024-09-23 20:35:00,"23-09-2024 18:03","23-09-2024 18:03",2.53,2.53,0,127,125,127,124,NA,0.0321,"ppm",NA,NA,NA,NA,NA,0.0281,0.00032,0.0712,4.15,0.0472,15,NA,NA,NA,NA,NA,NA,2,NA,2,NA,NA,NA,NA,NA,0,0,0,NA,NA,""
3348,3352,92927,163,51,2024-09-23 20:35:00,2024-09-23 23:07:00,"23-09-2024 20:35","23-09-2024 20:35",2.53,2.53,0,129,128,129,127,NA,0.0291,"ppm",NA,NA,NA,NA,NA,0.0225,0.000256,0.057,4.2,0.0478,15,NA,NA,NA,NA,NA,NA,2,NA,2,NA,NA,NA,NA,NA,0,0,0,NA,NA,""
3348,3352,92928,164,52,2024-09-23 23:07:00,2024-09-24 01:39:00,"23-09-2024 23:07","23-09-2024 23:07",2.53,2.53,0,132,130,132,129,NA,0.028,"ppm",NA,NA,NA,NA,NA,0.0219,0.000249,0.0554,4.26,0.0485,14.7,NA,NA,NA,NA,NA,NA,2,NA,2,NA,NA,NA,NA,NA,0,0,0,NA,NA,""
3348,3352,92929,165,53,2024-09-24 01:39:00,2024-09-24 04:11:00,"24-09-2024 01:39","24-09-2024 01:39",2.53,2.53,0,134,133,134,132,NA,0.0271,"ppm",NA,NA,NA,NA,NA,0.023,0.000262,0.0583,4.32,0.0491,14.5,NA,NA,NA,NA,NA,NA,2,NA,2,NA,NA,NA,NA,NA,0,0,0,NA,NA,""
3349,3353,92930,166,1,2024-09-18 14:07:00,2024-09-18 16:39:00,"18-09-2024 14:07","18-09-2024 14:07",2.53,2.53,0,2.53,1.27,4.15,1.62,NA,0.116,"ppm",NA,NA,NA,NA,NA,0.146,0.00167,0.369,0.369,0.00424,19.6,NA,NA,NA,NA,NA,NA,2,NA,2,NA,NA,NA,NA,NA,0,0,0,NA,NA,""
3349,3353,92931,167,2,2024-09-18 16:39:00,2024-09-18 19:11:00,"18-09-2024 16:39","18-09-2024 16:39",2.53,2.53,0,5.07,3.8,6.68,4.15,NA,0.0678,"ppm",NA,NA,NA,NA,NA,0.103,0.00119,0.262,0.631,0.00724,17,NA,NA,NA,NA,NA,NA,2,NA,2,NA,NA,NA,NA,NA,0,0,0,NA,NA,""
3349,3353,92932,168,3,2024-09-18 19:11:00,2024-09-18 21:43:00,"18-09-2024 19:11","18-09-2024 19:11",2.53,2.53,0,7.6,6.33,9.22,6.68,NA,0.0467,"ppm",NA,NA,NA,NA,NA,0.0553,0.000634,0.14,0.771,0.00885,13.5,NA,NA,NA,NA,NA,NA,2,NA,2,NA,NA,NA,NA,NA,0,0,0,NA,NA,""
3349,3353,92933,169,4,2024-09-18 21:43:00,2024-09-19 00:15:00,"18-09-2024 21:43","18-09-2024 21:43",2.53,2.53,0,10.1,8.87,11.8,9.22,NA,0.0561,"ppm",NA,NA,NA,NA,NA,0.0184,0.000211,0.0466,0.818,0.00939,11.9,NA,NA,NA,NA,NA,NA,2,NA,2,NA,NA,NA,NA,NA,0,0,0,NA,NA,""
3349,3353,92934,170,5,2024-09-19 00:15:00,2024-09-19 02:47:00,"19-09-2024 00:15","19-09-2024 00:15",2.53,2.53,0,12.7,11.4,14.3,11.8,NA,0.0377,"ppm",NA,NA,NA,NA,NA,0.0175,0.000201,0.0443,0.862,0.00989,10.2,NA,NA,NA,NA,NA,NA,2,NA,2,NA,NA,NA,NA,NA,0,0,0,NA,NA,""
3349,3353,92935,171,6,2024-09-19 02:47:00,2024-09-19 05:19:00,"19-09-2024 02:47","19-09-2024 02:47",2.53,2.53,0,15.2,13.9,16.8,14.3,NA,0.0347,"ppm",NA,NA,NA,NA,NA,0.0364,0.000418,0.0923,0.954,0.011,9.7,NA,NA,NA,NA,NA,NA,2,NA,2,NA,NA,NA,NA,NA,0,0,0,NA,NA,""
3349,3353,92936,172,7,2024-09-19 05:19:00,2024-09-19 07:50:00,"19-09-2024 05:19","19-09-2024 05:19",2.52,2.52,0,17.7,16.5,19.3,16.8,NA,0.0351,"ppm",NA,NA,NA,NA,NA,0.0374,0.000429,0.0941,1.05,0.012,11.1,NA,NA,NA,NA,NA,NA,2,NA,2,NA,NA,NA,NA,NA,0,0,0,NA,NA,""
3349,3353,92937,173,8,2024-09-19 07:50:00,2024-09-19 10:22:00,"19-09-2024 07:50","19-09-2024 07:50",2.53,2.53,0,20.2,19,21.9,19.3,NA,0.0637,"ppm",NA,NA,NA,NA,NA,0.0927,0.00106,0.235,1.28,0.0147,14.6,NA,NA,NA,NA,NA,NA,2,NA,2,NA,NA,NA,NA,NA,0,0,0,NA,NA,""
3349,3353,92938,174,9,2024-09-19 10:22:00,2024-09-19 12:54:00,"19-09-2024 10:22","19-09-2024 10:22",2.53,2.53,0,22.8,21.5,24.4,21.9,NA,0.1,"ppm",NA,NA,NA,NA,NA,0.15,0.00173,0.381,1.66,0.0191,19.8,NA,NA,NA,NA,NA,NA,2,NA,2,NA,NA,NA,NA,NA,0,0,0,NA,NA,""
3349,3353,92939,175,10,2024-09-19 12:54:00,2024-09-19 15:26:00,"19-09-2024 12:54","19-09-2024 12:54",2.53,2.53,0,25.3,24,26.9,24.4,NA,0.116,"ppm",NA,NA,NA,NA,NA,0.179,0.00205,0.452,2.12,0.0243,21.1,NA,NA,NA,NA,NA,NA,2,NA,2,NA,NA,NA,NA,NA,0,0,0,NA,NA,""
3349,3353,92940,176,11,2024-09-19 15:26:00,2024-09-19 17:58:00,"19-09-2024 15:26","19-09-2024 15:26",2.53,2.53,0,27.8,26.6,29.5,26.9,NA,0.0768,"ppm",NA,NA,NA,NA,NA,0.188,0.00216,0.476,2.59,0.0298,18.9,NA,NA,NA,NA,NA,NA,2,NA,2,NA,NA,NA,NA,NA,0,0,0,NA,NA,""
3349,3353,92941,177,12,2024-09-19 17:58:00,2024-09-19 20:30:00,"19-09-2024 17:58","19-09-2024 17:58",2.53,2.53,0,30.4,29.1,32,29.5,NA,0.0445,"ppm",NA,NA,NA,NA,NA,0.115,0.00132,0.292,2.89,0.0331,13.6,NA,NA,NA,NA,NA,NA,2,NA,2,NA,NA,NA,NA,NA,0,0,0,NA,NA,""
3349,3353,92942,178,13,2024-09-19 20:30:00,2024-09-19 23:02:00,"19-09-2024 20:30","19-09-2024 20:30",2.53,2.53,0,32.9,31.6,34.5,32,NA,0.0358,"ppm",NA,NA,NA,NA,NA,0.0477,0.000547,0.121,3.01,0.0345,12.5,NA,NA,NA,NA,NA,NA,2,NA,2,NA,NA,NA,NA,NA,0,0,0,NA,NA,""
3349,3353,92943,179,14,2024-09-19 23:02:00,2024-09-20 01:34:00,"19-09-2024 23:02","19-09-2024 23:02",2.53,2.53,0,35.4,34.2,37.1,34.5,NA,0.0338,"ppm",NA,NA,NA,NA,NA,0.0368,0.000422,0.0932,3.1,0.0356,12,NA,NA,NA,NA,NA,NA,2,NA,2,NA,NA,NA,NA,NA,0,0,0,NA,NA,""
3349,3353,92944,180,15,2024-09-20 01:34:00,2024-09-20 04:06:00,"20-09-2024 01:34","20-09-2024 01:34",2.53,2.53,0,38,36.7,39.6,37.1,NA,0.0339,"ppm",NA,NA,NA,NA,NA,0.0364,0.000418,0.0923,3.19,0.0366,11.3,NA,NA,NA,NA,NA,NA,2,NA,2,NA,NA,NA,NA,NA,0,0,0,NA,NA,""
3349,3353,92945,181,16,2024-09-20 04:06:00,2024-09-20 06:38:00,"20-09-2024 04:06","20-09-2024 04:06",2.53,2.53,0,40.5,39.2,42.1,39.6,NA,0.0333,"ppm",NA,NA,NA,NA,NA,0.0414,0.000475,0.105,3.3,0.0378,12.4,NA,NA,NA,NA,NA,NA,2,NA,2,NA,NA,NA,NA,NA,0,0,0,NA,NA,""
3349,3353,92946,182,17,2024-09-20 06:38:00,2024-09-20 09:10:00,"20-09-2024 06:38","20-09-2024 06:38",2.53,2.53,0,43,41.8,44.7,42.1,NA,0.0369,"ppm",NA,NA,NA,NA,NA,0.0506,0.00058,0.128,3.42,0.0393,12.9,NA,NA,NA,NA,NA,NA,2,NA,2,NA,NA,NA,NA,NA,0,0,0,NA,NA,""
3349,3353,92947,183,18,2024-09-20 09:10:00,2024-09-20 11:42:00,"20-09-2024 09:10","20-09-2024 09:10",2.53,2.53,0,45.6,44.3,47.2,44.7,NA,0.0496,"ppm",NA,NA,NA,NA,NA,0.0736,0.000845,0.187,3.61,0.0414,14.1,NA,NA,NA,NA,NA,NA,2,NA,2,NA,NA,NA,NA,NA,0,0,0,NA,NA,""
3349,3353,92948,184,19,2024-09-20 11:42:00,2024-09-20 14:14:00,"20-09-2024 11:42","20-09-2024 11:42",2.53,2.53,0,48.1,46.8,49.7,47.2,NA,0.0836,"ppm",NA,NA,NA,NA,NA,0.122,0.0014,0.31,3.92,0.045,17.1,NA,NA,NA,NA,NA,NA,2,NA,2,NA,NA,NA,NA,NA,0,0,0,NA,NA,""
3349,3353,92949,185,20,2024-09-20 14:14:00,2024-09-20 16:46:00,"20-09-2024 14:14","20-09-2024 14:14",2.53,2.53,0,50.6,49.4,52.3,49.7,NA,0.099,"ppm",NA,NA,NA,NA,NA,0.155,0.00178,0.392,4.31,0.0495,19.5,NA,NA,NA,NA,NA,NA,2,NA,2,NA,NA,NA,NA,NA,0,0,0,NA,NA,""
3349,3353,92950,186,21,2024-09-20 16:46:00,2024-09-20 19:17:00,"20-09-2024 16:46","20-09-2024 16:46",2.52,2.52,0,53.2,51.9,54.8,52.3,NA,0.0561,"ppm",NA,NA,NA,NA,NA,0.119,0.00137,0.3,4.61,0.0529,16.8,NA,NA,NA,NA,NA,NA,2,NA,2,NA,NA,NA,NA,NA,0,0,0,NA,NA,""
3349,3353,92951,187,22,2024-09-20 19:17:00,2024-09-20 21:49:00,"20-09-2024 19:17","20-09-2024 19:17",2.53,2.53,0,55.7,54.4,57.3,54.8,NA,0.0388,"ppm",NA,NA,NA,NA,NA,0.0632,0.000725,0.16,4.77,0.0548,13.5,NA,NA,NA,NA,NA,NA,2,NA,2,NA,NA,NA,NA,NA,0,0,0,NA,NA,""
3349,3353,92952,188,23,2024-09-20 21:49:00,2024-09-21 00:21:00,"20-09-2024 21:49","20-09-2024 21:49",2.53,2.53,0,58.2,57,59.8,57.3,NA,0.0349,"ppm",NA,NA,NA,NA,NA,0.0522,0.000599,0.132,4.91,0.0563,12.4,NA,NA,NA,NA,NA,NA,2,NA,2,NA,NA,NA,NA,NA,0,0,0,NA,NA,""
3349,3353,92953,189,24,2024-09-21 00:21:00,2024-09-21 02:53:00,"21-09-2024 00:21","21-09-2024 00:21",2.53,2.53,0,60.8,59.5,62.4,59.8,NA,0.033,"ppm",NA,NA,NA,NA,NA,0.0596,0.000684,0.151,5.06,0.058,11.4,NA,NA,NA,NA,NA,NA,2,NA,2,NA,NA,NA,NA,NA,0,0,0,NA,NA,""
3349,3353,92954,190,25,2024-09-21 02:53:00,2024-09-21 05:25:00,"21-09-2024 02:53","21-09-2024 02:53",2.53,2.53,0,63.3,62,64.9,62.4,NA,0.0326,"ppm",NA,NA,NA,NA,NA,0.0628,0.000721,0.159,5.22,0.0598,11.1,NA,NA,NA,NA,NA,NA,2,NA,2,NA,NA,NA,NA,NA,0,0,0,NA,NA,""
3349,3353,92955,191,26,2024-09-21 05:25:00,2024-09-21 07:57:00,"21-09-2024 05:25","21-09-2024 05:25",2.53,2.53,0,65.8,64.6,67.4,64.9,NA,0.0326,"ppm",NA,NA,NA,NA,NA,0.0647,0.000742,0.164,5.38,0.0617,11.1,NA,NA,NA,NA,NA,NA,2,NA,2,NA,NA,NA,NA,NA,0,0,0,NA,NA,""
3349,3353,92956,192,27,2024-09-21 07:57:00,2024-09-21 10:29:00,"21-09-2024 07:57","21-09-2024 07:57",2.53,2.53,0,68.4,67.1,70,67.4,NA,0.047,"ppm",NA,NA,NA,NA,NA,0.0877,0.00101,0.222,5.6,0.0643,14,NA,NA,NA,NA,NA,NA,2,NA,2,NA,NA,NA,NA,NA,0,0,0,NA,NA,""
3349,3353,92957,193,28,2024-09-21 10:29:00,2024-09-21 13:01:00,"21-09-2024 10:29","21-09-2024 10:29",2.53,2.53,0,70.9,69.6,72.5,70,NA,0.0915,"ppm",NA,NA,NA,NA,NA,0.143,0.00164,0.361,5.96,0.0684,18.8,NA,NA,NA,NA,NA,NA,2,NA,2,NA,NA,NA,NA,NA,0,0,0,NA,NA,""
3349,3353,92958,194,29,2024-09-21 13:01:00,2024-09-21 15:33:00,"21-09-2024 13:01","21-09-2024 13:01",2.53,2.53,0,73.4,72.2,75,72.5,NA,0.101,"ppm",NA,NA,NA,NA,NA,0.182,0.00209,0.461,6.42,0.0737,20.9,NA,NA,NA,NA,NA,NA,2,NA,2,NA,NA,NA,NA,NA,0,0,0,NA,NA,""
3349,3353,92959,195,30,2024-09-21 15:33:00,2024-09-21 18:05:00,"21-09-2024 15:33","21-09-2024 15:33",2.53,2.53,0,76,74.7,77.6,75,NA,0.0682,"ppm",NA,NA,NA,NA,NA,0.165,0.00189,0.417,6.84,0.0785,18.7,NA,NA,NA,NA,NA,NA,2,NA,2,NA,NA,NA,NA,NA,0,0,0,NA,NA,""
3349,3353,92960,196,31,2024-09-21 18:05:00,2024-09-21 20:37:00,"21-09-2024 18:05","21-09-2024 18:05",2.53,2.53,0,78.5,77.2,80.1,77.6,NA,0.0451,"ppm",NA,NA,NA,NA,NA,0.0977,0.00112,0.248,7.09,0.0813,14,NA,NA,NA,NA,NA,NA,2,NA,2,NA,NA,NA,NA,NA,0,0,0,NA,NA,""
3349,3353,92961,197,32,2024-09-21 20:37:00,2024-09-21 23:09:00,"21-09-2024 20:37","21-09-2024 20:37",2.53,2.53,0,81,79.8,82.6,80.1,NA,0.0325,"ppm",NA,NA,NA,NA,NA,0.0542,0.000622,0.137,7.23,0.0829,12.8,NA,NA,NA,NA,NA,NA,2,NA,2,NA,NA,NA,NA,NA,0,0,0,NA,NA,""
3349,3353,92962,198,33,2024-09-21 23:09:00,2024-09-22 01:41:00,"21-09-2024 23:09","21-09-2024 23:09",2.53,2.53,0,83.6,82.3,85.2,82.6,NA,0.0316,"ppm",NA,NA,NA,NA,NA,0.0488,0.00056,0.124,7.35,0.0843,11,NA,NA,NA,NA,NA,NA,2,NA,2,NA,NA,NA,NA,NA,0,0,0,NA,NA,""
3349,3353,92963,199,34,2024-09-22 01:41:00,2024-09-22 04:12:00,"22-09-2024 01:41","22-09-2024 01:41",2.52,2.52,0,86.1,84.8,87.7,85.2,NA,0.029,"ppm",NA,NA,NA,NA,NA,0.0471,0.000541,0.119,7.47,0.0857,10.9,NA,NA,NA,NA,NA,NA,2,NA,2,NA,NA,NA,NA,NA,0,0,0,NA,NA,""
3349,3353,92964,200,35,2024-09-22 04:12:00,2024-09-22 06:44:00,"22-09-2024 04:12","22-09-2024 04:12",2.53,2.53,0,88.6,87.4,90.2,87.7,NA,0.0293,"ppm",NA,NA,NA,NA,NA,0.0476,0.000546,0.121,7.59,0.0871,9.4,NA,NA,NA,NA,NA,NA,2,NA,2,NA,NA,NA,NA,NA,0,0,0,NA,NA,""
3349,3353,92965,201,36,2024-09-22 06:44:00,2024-09-22 09:16:00,"22-09-2024 06:44","22-09-2024 06:44",2.53,2.53,0,91.2,89.9,92.8,90.2,NA,0.0363,"ppm",NA,NA,NA,NA,NA,0.0475,0.000545,0.12,7.71,0.0885,11.9,NA,NA,NA,NA,NA,NA,2,NA,2,NA,NA,NA,NA,NA,0,0,0,NA,NA,""
3349,3353,92966,202,37,2024-09-22 09:16:00,2024-09-22 11:48:00,"22-09-2024 09:16","22-09-2024 09:16",2.53,2.53,0,93.7,92.4,95.3,92.8,NA,0.0699,"ppm",NA,NA,NA,NA,NA,0.0985,0.00113,0.249,7.96,0.0913,15.6,NA,NA,NA,NA,NA,NA,2,NA,2,NA,NA,NA,NA,NA,0,0,0,NA,NA,""
3349,3353,92967,203,38,2024-09-22 11:48:00,2024-09-22 14:20:00,"22-09-2024 11:48","22-09-2024 11:48",2.53,2.53,0,96.2,95,97.8,95.3,NA,0.0823,"ppm",NA,NA,NA,NA,NA,0.144,0.00165,0.364,8.32,0.0955,19.4,NA,NA,NA,NA,NA,NA,2,NA,2,NA,NA,NA,NA,NA,0,0,0,NA,NA,""
3349,3353,92968,204,39,2024-09-22 14:20:00,2024-09-22 16:52:00,"22-09-2024 14:20","22-09-2024 14:20",2.53,2.53,0,98.8,97.5,100,97.8,NA,0.0716,"ppm",NA,NA,NA,NA,NA,0.131,0.0015,0.331,8.65,0.0993,18.6,NA,NA,NA,NA,NA,NA,2,NA,2,NA,NA,NA,NA,NA,0,0,0,NA,NA,""
3349,3353,92969,205,40,2024-09-22 16:52:00,2024-09-22 19:24:00,"22-09-2024 16:52","22-09-2024 16:52",2.53,2.53,0,101,100,103,100,NA,0.042,"ppm",NA,NA,NA,NA,NA,0.0876,0.001,0.222,8.88,0.102,15.5,NA,NA,NA,NA,NA,NA,2,NA,2,NA,NA,NA,NA,NA,0,0,0,NA,NA,""
3349,3353,92970,206,41,2024-09-22 19:24:00,2024-09-22 21:56:00,"22-09-2024 19:24","22-09-2024 19:24",2.53,2.53,0,104,103,105,103,NA,0.0299,"ppm",NA,NA,NA,NA,NA,0.0436,0.000501,0.111,8.99,0.103,11.8,NA,NA,NA,NA,NA,NA,2,NA,2,NA,NA,NA,NA,NA,0,0,0,NA,NA,""
3349,3353,92971,207,42,2024-09-22 21:56:00,2024-09-23 00:28:00,"22-09-2024 21:56","22-09-2024 21:56",2.53,2.53,0,106,105,108,105,NA,0.0336,"ppm",NA,NA,NA,NA,NA,0.0293,0.000336,0.0742,9.06,0.104,10.5,NA,NA,NA,NA,NA,NA,2,NA,2,NA,NA,NA,NA,NA,0,0,0,NA,NA,""
3349,3353,92972,208,43,2024-09-23 00:28:00,2024-09-23 03:00:00,"23-09-2024 00:28","23-09-2024 00:28",2.53,2.53,0,109,108,110,108,NA,0.029,"ppm",NA,NA,NA,NA,NA,0.0296,0.000339,0.0749,9.14,0.105,9.1,NA,NA,NA,NA,NA,NA,2,NA,2,NA,NA,NA,NA,NA,0,0,0,NA,NA,""
3349,3353,92973,209,44,2024-09-23 03:00:00,2024-09-23 05:32:00,"23-09-2024 03:00","23-09-2024 03:00",2.53,2.53,0,111,110,113,110,NA,0.0265,"ppm",NA,NA,NA,NA,NA,0.0327,0.000375,0.0829,9.22,0.106,8.1,NA,NA,NA,NA,NA,NA,2,NA,2,NA,NA,NA,NA,NA,0,0,0,NA,NA,""
3349,3353,92974,210,45,2024-09-23 05:32:00,2024-09-23 08:04:00,"23-09-2024 05:32","23-09-2024 05:32",2.53,2.53,0,114,113,116,113,NA,0.0277,"ppm",NA,NA,NA,NA,NA,0.0365,0.000419,0.0925,9.31,0.107,11.3,NA,NA,NA,NA,NA,NA,2,NA,2,NA,NA,NA,NA,NA,0,0,0,NA,NA,""
3349,3353,92975,211,46,2024-09-23 08:04:00,2024-09-23 10:35:00,"23-09-2024 08:04","23-09-2024 08:04",2.52,2.52,0,116,115,118,116,NA,0.0359,"ppm",NA,NA,NA,NA,NA,0.0512,0.000588,0.129,9.44,0.108,12.7,NA,NA,NA,NA,NA,NA,2,NA,2,NA,NA,NA,NA,NA,0,0,0,NA,NA,""
3349,3353,92976,212,47,2024-09-23 10:35:00,2024-09-23 13:07:00,"23-09-2024 10:35","23-09-2024 10:35",2.53,2.53,0,119,118,121,118,NA,0.0603,"ppm",NA,NA,NA,NA,NA,0.0754,0.000865,0.191,9.63,0.111,15.2,NA,NA,NA,NA,NA,NA,2,NA,2,NA,NA,NA,NA,NA,0,0,0,NA,NA,""
3349,3353,92977,213,48,2024-09-23 13:07:00,2024-09-23 15:39:00,"23-09-2024 13:07","23-09-2024 13:07",2.53,2.53,0,122,120,123,121,NA,0.0634,"ppm",NA,NA,NA,NA,NA,0.0734,0.000842,0.186,9.82,0.113,18.3,NA,NA,NA,NA,NA,NA,2,NA,2,NA,NA,NA,NA,NA,0,0,0,NA,NA,""
3349,3353,92978,214,49,2024-09-23 15:39:00,2024-09-23 18:11:00,"23-09-2024 15:39","23-09-2024 15:39",2.53,2.53,0,124,123,126,123,NA,0.0442,"ppm",NA,NA,NA,NA,NA,0.0527,0.000605,0.134,9.95,0.114,17.3,NA,NA,NA,NA,NA,NA,2,NA,2,NA,NA,NA,NA,NA,0,0,0,NA,NA,""
3349,3353,92979,215,50,2024-09-23 18:11:00,2024-09-23 20:43:00,"23-09-2024 18:11","23-09-2024 18:11",2.53,2.53,0,127,125,128,126,NA,0.0321,"ppm",NA,NA,NA,NA,NA,0.0417,0.000479,0.106,10.1,0.115,15,NA,NA,NA,NA,NA,NA,2,NA,2,NA,NA,NA,NA,NA,0,0,0,NA,NA,""
3349,3353,92980,216,51,2024-09-23 20:43:00,2024-09-23 23:15:00,"23-09-2024 20:43","23-09-2024 20:43",2.53,2.53,0,129,128,131,128,NA,0.0291,"ppm",NA,NA,NA,NA,NA,0.0336,0.000385,0.0851,10.1,0.116,15,NA,NA,NA,NA,NA,NA,2,NA,2,NA,NA,NA,NA,NA,0,0,0,NA,NA,""
3349,3353,92981,217,52,2024-09-23 23:15:00,2024-09-24 01:47:00,"23-09-2024 23:15","23-09-2024 23:15",2.53,2.53,0,132,130,133,131,NA,0.028,"ppm",NA,NA,NA,NA,NA,0.0321,0.000368,0.0812,10.2,0.117,14.7,NA,NA,NA,NA,NA,NA,2,NA,2,NA,NA,NA,NA,NA,0,0,0,NA,NA,""
3349,3353,92982,218,53,2024-09-24 01:47:00,2024-09-24 04:19:00,"24-09-2024 01:47","24-09-2024 01:47",2.53,2.53,0,134,133,136,133,NA,0.0271,"ppm",NA,NA,NA,NA,NA,0.0322,0.000369,0.0816,10.3,0.118,14.5,NA,NA,NA,NA,NA,NA,2,NA,2,NA,NA,NA,NA,NA,0,0,0,NA,NA,""
3350,3354,92983,219,1,2024-09-18 14:15:00,2024-09-18 16:47:00,"18-09-2024 14:15","18-09-2024 14:15",2.53,2.53,0,2.53,1.27,2.53,0,NA,0.116,"ppm",NA,NA,NA,NA,NA,0.00282,3.27e-05,0.00714,0.00714,8.29e-05,19.6,NA,NA,NA,NA,NA,NA,2,NA,2,NA,NA,NA,NA,NA,0,0,0,NA,NA,""
3350,3354,92984,220,2,2024-09-18 16:47:00,2024-09-18 19:19:00,"18-09-2024 16:47","18-09-2024 16:47",2.53,2.53,0,5.07,3.8,5.07,2.53,NA,0.0678,"ppm",NA,NA,NA,NA,NA,0.0405,0.00047,0.103,0.11,0.00127,17,NA,NA,NA,NA,NA,NA,2,NA,2,NA,NA,NA,NA,NA,0,0,0,NA,NA,""
3350,3354,92985,221,3,2024-09-18 19:19:00,2024-09-18 21:51:00,"18-09-2024 19:19","18-09-2024 19:19",2.53,2.53,0,7.6,6.33,7.6,5.07,NA,0.0467,"ppm",NA,NA,NA,NA,NA,0.0292,0.000339,0.0739,0.184,0.00213,13.5,NA,NA,NA,NA,NA,NA,2,NA,2,NA,NA,NA,NA,NA,0,0,0,NA,NA,""
3350,3354,92986,222,4,2024-09-18 21:51:00,2024-09-19 00:23:00,"18-09-2024 21:51","18-09-2024 21:51",2.53,2.53,0,10.1,8.87,10.1,7.6,NA,0.0561,"ppm",NA,NA,NA,NA,NA,0.00633,7.35e-05,0.016,0.2,0.00232,11.9,NA,NA,NA,NA,NA,NA,2,NA,2,NA,NA,NA,NA,NA,0,0,0,NA,NA,""
3350,3354,92987,223,5,2024-09-19 00:23:00,2024-09-19 02:55:00,"19-09-2024 00:23","19-09-2024 00:23",2.53,2.53,0,12.7,11.4,12.7,10.1,NA,0.0377,"ppm",NA,NA,NA,NA,NA,0.00304,3.53e-05,0.0077,0.207,0.00241,10.2,NA,NA,NA,NA,NA,NA,2,NA,2,NA,NA,NA,NA,NA,0,0,0,NA,NA,""
3350,3354,92988,224,6,2024-09-19 02:55:00,2024-09-19 05:27:00,"19-09-2024 02:55","19-09-2024 02:55",2.53,2.53,0,15.2,13.9,15.2,12.7,NA,0.0347,"ppm",NA,NA,NA,NA,NA,0.0181,0.00021,0.0459,0.253,0.00294,10,NA,NA,NA,NA,NA,NA,2,NA,2,NA,NA,NA,NA,NA,0,0,0,NA,NA,""
3350,3354,92989,225,7,2024-09-19 05:27:00,2024-09-19 07:58:00,"19-09-2024 05:27","19-09-2024 05:27",2.52,2.52,0,17.7,16.5,17.7,15.2,NA,0.0351,"ppm",NA,NA,NA,NA,NA,0.0223,0.000259,0.0562,0.309,0.00359,11.1,NA,NA,NA,NA,NA,NA,2,NA,2,NA,NA,NA,NA,NA,0,0,0,NA,NA,""
3350,3354,92990,226,8,2024-09-19 07:58:00,2024-09-19 10:30:00,"19-09-2024 07:58","19-09-2024 07:58",2.53,2.53,0,20.2,19,20.2,17.7,NA,0.0637,"ppm",NA,NA,NA,NA,NA,0.0532,0.000617,0.135,0.444,0.00516,16.7,NA,NA,NA,NA,NA,NA,2,NA,2,NA,NA,NA,NA,NA,0,0,0,NA,NA,""
3350,3354,92991,227,9,2024-09-19 10:30:00,2024-09-19 13:02:00,"19-09-2024 10:30","19-09-2024 10:30",2.53,2.53,0,22.8,21.5,22.8,20.2,NA,0.1,"ppm",NA,NA,NA,NA,NA,0.0966,0.00112,0.245,0.689,0.008,19.8,NA,NA,NA,NA,NA,NA,2,NA,2,NA,NA,NA,NA,NA,0,0,0,NA,NA,""
3350,3354,92992,228,10,2024-09-19 13:02:00,2024-09-19 15:34:00,"19-09-2024 13:02","19-09-2024 13:02",2.53,2.53,0,25.3,24,25.3,22.8,NA,0.116,"ppm",NA,NA,NA,NA,NA,0.122,0.00141,0.308,0.997,0.0116,21.1,NA,NA,NA,NA,NA,NA,2,NA,2,NA,NA,NA,NA,NA,0,0,0,NA,NA,""
3350,3354,92993,229,11,2024-09-19 15:34:00,2024-09-19 18:06:00,"19-09-2024 15:34","19-09-2024 15:34",2.53,2.53,0,27.8,26.6,27.8,25.3,NA,0.0768,"ppm",NA,NA,NA,NA,NA,0.112,0.0013,0.283,1.28,0.0149,18.9,NA,NA,NA,NA,NA,NA,2,NA,2,NA,NA,NA,NA,NA,0,0,0,NA,NA,""
3350,3354,92994,230,12,2024-09-19 18:06:00,2024-09-19 20:38:00,"19-09-2024 18:06","19-09-2024 18:06",2.53,2.53,0,30.4,29.1,30.4,27.8,NA,0.0445,"ppm",NA,NA,NA,NA,NA,0.0649,0.000754,0.164,1.44,0.0168,13.6,NA,NA,NA,NA,NA,NA,2,NA,2,NA,NA,NA,NA,NA,0,0,0,NA,NA,""
3350,3354,92995,231,13,2024-09-19 20:38:00,2024-09-19 23:10:00,"19-09-2024 20:38","19-09-2024 20:38",2.53,2.53,0,32.9,31.6,32.9,30.4,NA,0.0358,"ppm",NA,NA,NA,NA,NA,0.0342,0.000398,0.0867,1.53,0.0178,12.5,NA,NA,NA,NA,NA,NA,2,NA,2,NA,NA,NA,NA,NA,0,0,0,NA,NA,""
3350,3354,92996,232,14,2024-09-19 23:10:00,2024-09-20 01:42:00,"19-09-2024 23:10","19-09-2024 23:10",2.53,2.53,0,35.4,34.2,35.4,32.9,NA,0.0338,"ppm",NA,NA,NA,NA,NA,0.0286,0.000332,0.0724,1.6,0.0186,12,NA,NA,NA,NA,NA,NA,2,NA,2,NA,NA,NA,NA,NA,0,0,0,NA,NA,""
3350,3354,92997,233,15,2024-09-20 01:42:00,2024-09-20 04:14:00,"20-09-2024 01:42","20-09-2024 01:42",2.53,2.53,0,38,36.7,38,35.4,NA,0.0339,"ppm",NA,NA,NA,NA,NA,0.0252,0.000293,0.0638,1.67,0.0194,11.3,NA,NA,NA,NA,NA,NA,2,NA,2,NA,NA,NA,NA,NA,0,0,0,NA,NA,""
3350,3354,92998,234,16,2024-09-20 04:14:00,2024-09-20 06:46:00,"20-09-2024 04:14","20-09-2024 04:14",2.53,2.53,0,40.5,39.2,40.5,38,NA,0.0333,"ppm",NA,NA,NA,NA,NA,0.0278,0.000323,0.0703,1.74,0.0202,12.4,NA,NA,NA,NA,NA,NA,2,NA,2,NA,NA,NA,NA,NA,0,0,0,NA,NA,""
3350,3354,92999,235,17,2024-09-20 06:46:00,2024-09-20 09:18:00,"20-09-2024 06:46","20-09-2024 06:46",2.53,2.53,0,43,41.8,43,40.5,NA,0.0369,"ppm",NA,NA,NA,NA,NA,0.0357,0.000415,0.0904,1.83,0.0212,12.9,NA,NA,NA,NA,NA,NA,2,NA,2,NA,NA,NA,NA,NA,0,0,0,NA,NA,""
3350,3354,93000,236,18,2024-09-20 09:18:00,2024-09-20 11:50:00,"20-09-2024 09:18","20-09-2024 09:18",2.53,2.53,0,45.6,44.3,45.6,43,NA,0.0496,"ppm",NA,NA,NA,NA,NA,0.045,0.000523,0.114,1.94,0.0226,14.1,NA,NA,NA,NA,NA,NA,2,NA,2,NA,NA,NA,NA,NA,0,0,0,NA,NA,""
3350,3354,93001,237,19,2024-09-20 11:50:00,2024-09-20 14:22:00,"20-09-2024 11:50","20-09-2024 11:50",2.53,2.53,0,48.1,46.8,48.1,45.6,NA,0.0836,"ppm",NA,NA,NA,NA,NA,0.0743,0.000863,0.188,2.13,0.0247,17.1,NA,NA,NA,NA,NA,NA,2,NA,2,NA,NA,NA,NA,NA,0,0,0,NA,NA,""
3350,3354,93002,238,20,2024-09-20 14:22:00,2024-09-20 16:54:00,"20-09-2024 14:22","20-09-2024 14:22",2.53,2.53,0,50.6,49.4,50.6,48.1,NA,0.099,"ppm",NA,NA,NA,NA,NA,0.0963,0.00112,0.244,2.37,0.0276,19.5,NA,NA,NA,NA,NA,NA,2,NA,2,NA,NA,NA,NA,NA,0,0,0,NA,NA,""
3350,3354,93003,239,21,2024-09-20 16:54:00,2024-09-20 19:25:00,"20-09-2024 16:54","20-09-2024 16:54",2.52,2.52,0,53.2,51.9,53.2,50.6,NA,0.0561,"ppm",NA,NA,NA,NA,NA,0.0745,0.000866,0.188,2.56,0.0298,14.7,NA,NA,NA,NA,NA,NA,2,NA,2,NA,NA,NA,NA,NA,0,0,0,NA,NA,""
3350,3354,93004,240,22,2024-09-20 19:25:00,2024-09-20 21:57:00,"20-09-2024 19:25","20-09-2024 19:25",2.53,2.53,0,55.7,54.4,55.7,53.2,NA,0.0388,"ppm",NA,NA,NA,NA,NA,0.045,0.000523,0.114,2.68,0.0311,13.5,NA,NA,NA,NA,NA,NA,2,NA,2,NA,NA,NA,NA,NA,0,0,0,NA,NA,""
3350,3354,93005,241,23,2024-09-20 21:57:00,2024-09-21 00:29:00,"20-09-2024 21:57","20-09-2024 21:57",2.53,2.53,0,58.2,57,58.2,55.7,NA,0.0349,"ppm",NA,NA,NA,NA,NA,0.0349,0.000405,0.0883,2.76,0.0321,11.7,NA,NA,NA,NA,NA,NA,2,NA,2,NA,NA,NA,NA,NA,0,0,0,NA,NA,""
3350,3354,93006,242,24,2024-09-21 00:29:00,2024-09-21 03:01:00,"21-09-2024 00:29","21-09-2024 00:29",2.53,2.53,0,60.8,59.5,60.8,58.2,NA,0.033,"ppm",NA,NA,NA,NA,NA,0.0338,0.000393,0.0857,2.85,0.0331,11.4,NA,NA,NA,NA,NA,NA,2,NA,2,NA,NA,NA,NA,NA,0,0,0,NA,NA,""
3350,3354,93007,243,25,2024-09-21 03:01:00,2024-09-21 05:33:00,"21-09-2024 03:01","21-09-2024 03:01",2.53,2.53,0,63.3,62,63.3,60.8,NA,0.0326,"ppm",NA,NA,NA,NA,NA,0.0319,0.000371,0.0809,2.93,0.034,11.1,NA,NA,NA,NA,NA,NA,2,NA,2,NA,NA,NA,NA,NA,0,0,0,NA,NA,""
3350,3354,93008,244,26,2024-09-21 05:33:00,2024-09-21 08:05:00,"21-09-2024 05:33","21-09-2024 05:33",2.53,2.53,0,65.8,64.6,65.8,63.3,NA,0.0326,"ppm",NA,NA,NA,NA,NA,0.0299,0.000347,0.0757,3.01,0.0349,11.1,NA,NA,NA,NA,NA,NA,2,NA,2,NA,NA,NA,NA,NA,0,0,0,NA,NA,""
3350,3354,93009,245,27,2024-09-21 08:05:00,2024-09-21 10:37:00,"21-09-2024 08:05","21-09-2024 08:05",2.53,2.53,0,68.4,67.1,68.4,65.8,NA,0.047,"ppm",NA,NA,NA,NA,NA,0.0383,0.000445,0.0971,3.1,0.036,14,NA,NA,NA,NA,NA,NA,2,NA,2,NA,NA,NA,NA,NA,0,0,0,NA,NA,""
3350,3354,93010,246,28,2024-09-21 10:37:00,2024-09-21 13:09:00,"21-09-2024 10:37","21-09-2024 10:37",2.53,2.53,0,70.9,69.6,70.9,68.4,NA,0.0915,"ppm",NA,NA,NA,NA,NA,0.0759,0.000882,0.192,3.3,0.0383,18.8,NA,NA,NA,NA,NA,NA,2,NA,2,NA,NA,NA,NA,NA,0,0,0,NA,NA,""
3350,3354,93011,247,29,2024-09-21 13:09:00,2024-09-21 15:41:00,"21-09-2024 13:09","21-09-2024 13:09",2.53,2.53,0,73.4,72.2,73.4,70.9,NA,0.101,"ppm",NA,NA,NA,NA,NA,0.112,0.00131,0.285,3.58,0.0416,20.9,NA,NA,NA,NA,NA,NA,2,NA,2,NA,NA,NA,NA,NA,0,0,0,NA,NA,""
3350,3354,93012,248,30,2024-09-21 15:41:00,2024-09-21 18:13:00,"21-09-2024 15:41","21-09-2024 15:41",2.53,2.53,0,76,74.7,76,73.4,NA,0.0682,"ppm",NA,NA,NA,NA,NA,0.0994,0.00115,0.252,3.83,0.0445,18.7,NA,NA,NA,NA,NA,NA,2,NA,2,NA,NA,NA,NA,NA,0,0,0,NA,NA,""
3350,3354,93013,249,31,2024-09-21 18:13:00,2024-09-21 20:45:00,"21-09-2024 18:13","21-09-2024 18:13",2.53,2.53,0,78.5,77.2,78.5,76,NA,0.0451,"ppm",NA,NA,NA,NA,NA,0.0542,0.000629,0.137,3.97,0.0461,14,NA,NA,NA,NA,NA,NA,2,NA,2,NA,NA,NA,NA,NA,0,0,0,NA,NA,""
3350,3354,93014,250,32,2024-09-21 20:45:00,2024-09-21 23:17:00,"21-09-2024 20:45","21-09-2024 20:45",2.53,2.53,0,81,79.8,81,78.5,NA,0.0325,"ppm",NA,NA,NA,NA,NA,0.0304,0.000353,0.0769,4.05,0.047,12.8,NA,NA,NA,NA,NA,NA,2,NA,2,NA,NA,NA,NA,NA,0,0,0,NA,NA,""
3350,3354,93015,251,33,2024-09-21 23:17:00,2024-09-22 01:49:00,"21-09-2024 23:17","21-09-2024 23:17",2.53,2.53,0,83.6,82.3,83.6,81,NA,0.0316,"ppm",NA,NA,NA,NA,NA,0.0261,0.000303,0.066,4.11,0.0478,11,NA,NA,NA,NA,NA,NA,2,NA,2,NA,NA,NA,NA,NA,0,0,0,NA,NA,""
3350,3354,93016,252,34,2024-09-22 01:49:00,2024-09-22 04:20:00,"22-09-2024 01:49","22-09-2024 01:49",2.52,2.52,0,86.1,84.8,86.1,83.6,NA,0.029,"ppm",NA,NA,NA,NA,NA,0.0249,0.000289,0.0626,4.18,0.0485,10.9,NA,NA,NA,NA,NA,NA,2,NA,2,NA,NA,NA,NA,NA,0,0,0,NA,NA,""
3350,3354,93017,253,35,2024-09-22 04:20:00,2024-09-22 06:52:00,"22-09-2024 04:20","22-09-2024 04:20",2.53,2.53,0,88.6,87.4,88.6,86.1,NA,0.0293,"ppm",NA,NA,NA,NA,NA,0.0245,0.000285,0.0622,4.24,0.0492,9.4,NA,NA,NA,NA,NA,NA,2,NA,2,NA,NA,NA,NA,NA,0,0,0,NA,NA,""
3350,3354,93018,254,36,2024-09-22 06:52:00,2024-09-22 09:24:00,"22-09-2024 06:52","22-09-2024 06:52",2.53,2.53,0,91.2,89.9,91.2,88.6,NA,0.0363,"ppm",NA,NA,NA,NA,NA,0.0269,0.000312,0.0682,4.31,0.05,11.9,NA,NA,NA,NA,NA,NA,2,NA,2,NA,NA,NA,NA,NA,0,0,0,NA,NA,""
3350,3354,93019,255,37,2024-09-22 09:24:00,2024-09-22 11:56:00,"22-09-2024 09:24","22-09-2024 09:24",2.53,2.53,0,93.7,92.4,93.7,91.2,NA,0.0699,"ppm",NA,NA,NA,NA,NA,0.058,0.000673,0.147,4.45,0.0517,15.6,NA,NA,NA,NA,NA,NA,2,NA,2,NA,NA,NA,NA,NA,0,0,0,NA,NA,""
3350,3354,93020,256,38,2024-09-22 11:56:00,2024-09-22 14:28:00,"22-09-2024 11:56","22-09-2024 11:56",2.53,2.53,0,96.2,95,96.2,93.7,NA,0.0823,"ppm",NA,NA,NA,NA,NA,0.0932,0.00108,0.236,4.69,0.0545,19.5,NA,NA,NA,NA,NA,NA,2,NA,2,NA,NA,NA,NA,NA,0,0,0,NA,NA,""
3350,3354,93021,257,39,2024-09-22 14:28:00,2024-09-22 17:00:00,"22-09-2024 14:28","22-09-2024 14:28",2.53,2.53,0,98.8,97.5,98.8,96.2,NA,0.0716,"ppm",NA,NA,NA,NA,NA,0.0944,0.0011,0.239,4.93,0.0572,18.6,NA,NA,NA,NA,NA,NA,2,NA,2,NA,NA,NA,NA,NA,0,0,0,NA,NA,""
3350,3354,93022,258,40,2024-09-22 17:00:00,2024-09-22 19:32:00,"22-09-2024 17:00","22-09-2024 17:00",2.53,2.53,0,101,100,101,98.8,NA,0.042,"ppm",NA,NA,NA,NA,NA,0.0649,0.000754,0.164,5.09,0.0591,13.9,NA,NA,NA,NA,NA,NA,2,NA,2,NA,NA,NA,NA,NA,0,0,0,NA,NA,""
3350,3354,93023,259,41,2024-09-22 19:32:00,2024-09-22 22:04:00,"22-09-2024 19:32","22-09-2024 19:32",2.53,2.53,0,104,103,104,101,NA,0.0299,"ppm",NA,NA,NA,NA,NA,0.0374,0.000434,0.0947,5.19,0.0602,11.8,NA,NA,NA,NA,NA,NA,2,NA,2,NA,NA,NA,NA,NA,0,0,0,NA,NA,""
3350,3354,93024,260,42,2024-09-22 22:04:00,2024-09-23 00:36:00,"22-09-2024 22:04","22-09-2024 22:04",2.53,2.53,0,106,105,106,104,NA,0.0336,"ppm",NA,NA,NA,NA,NA,0.0242,0.000281,0.0614,5.25,0.061,10.5,NA,NA,NA,NA,NA,NA,2,NA,2,NA,NA,NA,NA,NA,0,0,0,NA,NA,""
3350,3354,93025,261,43,2024-09-23 00:36:00,2024-09-23 03:08:00,"23-09-2024 00:36","23-09-2024 00:36",2.53,2.53,0,109,108,109,106,NA,0.029,"ppm",NA,NA,NA,NA,NA,0.0198,0.00023,0.0501,5.3,0.0615,9.1,NA,NA,NA,NA,NA,NA,2,NA,2,NA,NA,NA,NA,NA,0,0,0,NA,NA,""
3350,3354,93026,262,44,2024-09-23 03:08:00,2024-09-23 05:40:00,"23-09-2024 03:08","23-09-2024 03:08",2.53,2.53,0,111,110,111,109,NA,0.0265,"ppm",NA,NA,NA,NA,NA,0.0203,0.000236,0.0514,5.35,0.0621,8.1,NA,NA,NA,NA,NA,NA,2,NA,2,NA,NA,NA,NA,NA,0,0,0,NA,NA,""
3350,3354,93027,263,45,2024-09-23 05:40:00,2024-09-23 08:12:00,"23-09-2024 05:40","23-09-2024 05:40",2.53,2.53,0,114,113,114,111,NA,0.0277,"ppm",NA,NA,NA,NA,NA,0.0244,0.000283,0.0618,5.41,0.0629,11.3,NA,NA,NA,NA,NA,NA,2,NA,2,NA,NA,NA,NA,NA,0,0,0,NA,NA,""
3350,3354,93028,264,46,2024-09-23 08:12:00,2024-09-23 10:43:00,"23-09-2024 08:12","23-09-2024 08:12",2.52,2.52,0,116,115,116,114,NA,0.0359,"ppm",NA,NA,NA,NA,NA,0.0348,0.000404,0.0876,5.5,0.0639,12.7,NA,NA,NA,NA,NA,NA,2,NA,2,NA,NA,NA,NA,NA,0,0,0,NA,NA,""
3350,3354,93029,265,47,2024-09-23 10:43:00,2024-09-23 13:15:00,"23-09-2024 10:43","23-09-2024 10:43",2.53,2.53,0,119,118,119,116,NA,0.0603,"ppm",NA,NA,NA,NA,NA,0.051,0.000592,0.129,5.63,0.0654,15.2,NA,NA,NA,NA,NA,NA,2,NA,2,NA,NA,NA,NA,NA,0,0,0,NA,NA,""
3350,3354,93030,266,48,2024-09-23 13:15:00,2024-09-23 15:47:00,"23-09-2024 13:15","23-09-2024 13:15",2.53,2.53,0,122,120,122,119,NA,0.0634,"ppm",NA,NA,NA,NA,NA,0.0485,0.000563,0.123,5.75,0.0668,18.3,NA,NA,NA,NA,NA,NA,2,NA,2,NA,NA,NA,NA,NA,0,0,0,NA,NA,""
3350,3354,93031,267,49,2024-09-23 15:47:00,2024-09-23 18:19:00,"23-09-2024 15:47","23-09-2024 15:47",2.53,2.53,0,124,123,124,122,NA,0.0442,"ppm",NA,NA,NA,NA,NA,0.0368,0.000428,0.0933,5.84,0.0679,17.3,NA,NA,NA,NA,NA,NA,2,NA,2,NA,NA,NA,NA,NA,0,0,0,NA,NA,""
3350,3354,93032,268,50,2024-09-23 18:19:00,2024-09-23 20:51:00,"23-09-2024 18:19","23-09-2024 18:19",2.53,2.53,0,127,125,127,124,NA,0.0321,"ppm",NA,NA,NA,NA,NA,0.0348,0.000404,0.0881,5.93,0.0689,15,NA,NA,NA,NA,NA,NA,2,NA,2,NA,NA,NA,NA,NA,0,0,0,NA,NA,""
3350,3354,93033,269,51,2024-09-23 20:51:00,2024-09-23 23:23:00,"23-09-2024 20:51","23-09-2024 20:51",2.53,2.53,0,129,128,129,127,NA,0.0291,"ppm",NA,NA,NA,NA,NA,0.0302,0.000351,0.0765,6.01,0.0698,15,NA,NA,NA,NA,NA,NA,2,NA,2,NA,NA,NA,NA,NA,0,0,0,NA,NA,""
3350,3354,93034,270,52,2024-09-23 23:23:00,2024-09-24 01:55:00,"23-09-2024 23:23","23-09-2024 23:23",2.53,2.53,0,132,130,132,129,NA,0.028,"ppm",NA,NA,NA,NA,NA,0.0305,0.000354,0.0772,6.09,0.0707,14.7,NA,NA,NA,NA,NA,NA,2,NA,2,NA,NA,NA,NA,NA,0,0,0,NA,NA,""
3350,3354,93035,271,53,2024-09-24 01:55:00,2024-09-24 04:27:00,"24-09-2024 01:55","24-09-2024 01:55",2.53,2.53,0,134,133,134,132,NA,0.0271,"ppm",NA,NA,NA,NA,NA,0.0317,0.000369,0.0804,6.17,0.0716,14.5,NA,NA,NA,NA,NA,NA,2,NA,2,NA,NA,NA,NA,NA,0,0,0,NA,NA,""
3351,3355,93036,272,1,2024-09-18 14:23:00,2024-09-18 16:55:00,"18-09-2024 14:23","18-09-2024 14:23",2.53,2.53,0,2.53,1.27,2.53,0,NA,0.116,"ppm",NA,NA,NA,NA,NA,0.207,0.00251,0.525,0.525,0.00635,19.6,NA,NA,NA,NA,NA,NA,2,NA,2,NA,NA,NA,NA,NA,0,0,0,NA,NA,""
3351,3355,93037,273,2,2024-09-18 16:55:00,2024-09-18 19:27:00,"18-09-2024 16:55","18-09-2024 16:55",2.53,2.53,0,5.07,3.8,5.07,2.53,NA,0.0678,"ppm",NA,NA,NA,NA,NA,0.0559,0.000677,0.142,0.667,0.00807,15.3,NA,NA,NA,NA,NA,NA,2,NA,2,NA,NA,NA,NA,NA,0,0,0,NA,NA,""
3351,3355,93038,274,3,2024-09-18 19:27:00,2024-09-18 21:59:00,"18-09-2024 19:27","18-09-2024 19:27",2.53,2.53,0,7.6,6.33,7.6,5.07,NA,0.0467,"ppm",NA,NA,NA,NA,NA,0.0324,0.000393,0.0822,0.749,0.00906,13.5,NA,NA,NA,NA,NA,NA,2,NA,2,NA,NA,NA,NA,NA,0,0,0,NA,NA,""
3351,3355,93039,275,4,2024-09-18 21:59:00,2024-09-19 00:31:00,"18-09-2024 21:59","18-09-2024 21:59",2.53,2.53,0,10.1,8.87,10.1,7.6,NA,0.0561,"ppm",NA,NA,NA,NA,NA,0.00718,8.69e-05,0.0182,0.767,0.00928,12.2,NA,NA,NA,NA,NA,NA,2,NA,2,NA,NA,NA,NA,NA,0,0,0,NA,NA,""
3351,3355,93040,276,5,2024-09-19 00:31:00,2024-09-19 03:03:00,"19-09-2024 00:31","19-09-2024 00:31",2.53,2.53,0,12.7,11.4,12.7,10.1,NA,0.0377,"ppm",NA,NA,NA,NA,NA,0.00466,5.64e-05,0.0118,0.779,0.00943,10.2,NA,NA,NA,NA,NA,NA,2,NA,2,NA,NA,NA,NA,NA,0,0,0,NA,NA,""
3351,3355,93041,277,6,2024-09-19 03:03:00,2024-09-19 05:35:00,"19-09-2024 03:03","19-09-2024 03:03",2.53,2.53,0,15.2,13.9,15.2,12.7,NA,0.0347,"ppm",NA,NA,NA,NA,NA,0.0216,0.000262,0.0548,0.833,0.0101,10,NA,NA,NA,NA,NA,NA,2,NA,2,NA,NA,NA,NA,NA,0,0,0,NA,NA,""
3351,3355,93042,278,7,2024-09-19 05:35:00,2024-09-19 08:06:00,"19-09-2024 05:35","19-09-2024 05:35",2.52,2.52,0,17.7,16.5,17.7,15.2,NA,0.0351,"ppm",NA,NA,NA,NA,NA,0.0259,0.000313,0.0651,0.899,0.0109,11.1,NA,NA,NA,NA,NA,NA,2,NA,2,NA,NA,NA,NA,NA,0,0,0,NA,NA,""
3351,3355,93043,279,8,2024-09-19 08:06:00,2024-09-19 10:38:00,"19-09-2024 08:06","19-09-2024 08:06",2.53,2.53,0,20.2,19,20.2,17.7,NA,0.0637,"ppm",NA,NA,NA,NA,NA,0.07,0.000848,0.177,1.08,0.013,16.7,NA,NA,NA,NA,NA,NA,2,NA,2,NA,NA,NA,NA,NA,0,0,0,NA,NA,""
3351,3355,93044,280,9,2024-09-19 10:38:00,2024-09-19 13:10:00,"19-09-2024 10:38","19-09-2024 10:38",2.53,2.53,0,22.8,21.5,22.8,20.2,NA,0.1,"ppm",NA,NA,NA,NA,NA,0.104,0.00126,0.264,1.34,0.0162,19.8,NA,NA,NA,NA,NA,NA,2,NA,2,NA,NA,NA,NA,NA,0,0,0,NA,NA,""
3351,3355,93045,281,10,2024-09-19 13:10:00,2024-09-19 15:42:00,"19-09-2024 13:10","19-09-2024 13:10",2.53,2.53,0,25.3,24,25.3,22.8,NA,0.116,"ppm",NA,NA,NA,NA,NA,0.0987,0.00119,0.25,1.59,0.0192,21.1,NA,NA,NA,NA,NA,NA,2,NA,2,NA,NA,NA,NA,NA,0,0,0,NA,NA,""
3351,3355,93046,282,11,2024-09-19 15:42:00,2024-09-19 18:14:00,"19-09-2024 15:42","19-09-2024 15:42",2.53,2.53,0,27.8,26.6,27.8,25.3,NA,0.0768,"ppm",NA,NA,NA,NA,NA,0.086,0.00104,0.218,1.81,0.0219,18.9,NA,NA,NA,NA,NA,NA,2,NA,2,NA,NA,NA,NA,NA,0,0,0,NA,NA,""
3351,3355,93047,283,12,2024-09-19 18:14:00,2024-09-19 20:46:00,"19-09-2024 18:14","19-09-2024 18:14",2.53,2.53,0,30.4,29.1,30.4,27.8,NA,0.0445,"ppm",NA,NA,NA,NA,NA,0.0518,0.000627,0.131,1.94,0.0235,13.6,NA,NA,NA,NA,NA,NA,2,NA,2,NA,NA,NA,NA,NA,0,0,0,NA,NA,""
3351,3355,93048,284,13,2024-09-19 20:46:00,2024-09-19 23:18:00,"19-09-2024 20:46","19-09-2024 20:46",2.53,2.53,0,32.9,31.6,32.9,30.4,NA,0.0358,"ppm",NA,NA,NA,NA,NA,0.0289,0.000349,0.0731,2.01,0.0244,12.5,NA,NA,NA,NA,NA,NA,2,NA,2,NA,NA,NA,NA,NA,0,0,0,NA,NA,""
3351,3355,93049,285,14,2024-09-19 23:18:00,2024-09-20 01:50:00,"19-09-2024 23:18","19-09-2024 23:18",2.53,2.53,0,35.4,34.2,35.4,32.9,NA,0.0338,"ppm",NA,NA,NA,NA,NA,0.0243,0.000294,0.0615,2.07,0.0251,12,NA,NA,NA,NA,NA,NA,2,NA,2,NA,NA,NA,NA,NA,0,0,0,NA,NA,""
3351,3355,93050,286,15,2024-09-20 01:50:00,2024-09-20 04:22:00,"20-09-2024 01:50","20-09-2024 01:50",2.53,2.53,0,38,36.7,38,35.4,NA,0.0339,"ppm",NA,NA,NA,NA,NA,0.0226,0.000273,0.0572,2.13,0.0258,11.3,NA,NA,NA,NA,NA,NA,2,NA,2,NA,NA,NA,NA,NA,0,0,0,NA,NA,""
3351,3355,93051,287,16,2024-09-20 04:22:00,2024-09-20 06:54:00,"20-09-2024 04:22","20-09-2024 04:22",2.53,2.53,0,40.5,39.2,40.5,38,NA,0.0333,"ppm",NA,NA,NA,NA,NA,0.0266,0.000322,0.0673,2.2,0.0266,12.4,NA,NA,NA,NA,NA,NA,2,NA,2,NA,NA,NA,NA,NA,0,0,0,NA,NA,""
3351,3355,93052,288,17,2024-09-20 06:54:00,2024-09-20 09:26:00,"20-09-2024 06:54","20-09-2024 06:54",2.53,2.53,0,43,41.8,43,40.5,NA,0.0369,"ppm",NA,NA,NA,NA,NA,0.0365,0.000442,0.0925,2.29,0.0277,13.2,NA,NA,NA,NA,NA,NA,2,NA,2,NA,NA,NA,NA,NA,0,0,0,NA,NA,""
3351,3355,93053,289,18,2024-09-20 09:26:00,2024-09-20 11:58:00,"20-09-2024 09:26","20-09-2024 09:26",2.53,2.53,0,45.6,44.3,45.6,43,NA,0.0496,"ppm",NA,NA,NA,NA,NA,0.0527,0.000638,0.134,2.42,0.0293,14.1,NA,NA,NA,NA,NA,NA,2,NA,2,NA,NA,NA,NA,NA,0,0,0,NA,NA,""
3351,3355,93054,290,19,2024-09-20 11:58:00,2024-09-20 14:30:00,"20-09-2024 11:58","20-09-2024 11:58",2.53,2.53,0,48.1,46.8,48.1,45.6,NA,0.0836,"ppm",NA,NA,NA,NA,NA,0.0807,0.000977,0.204,2.63,0.0318,18.8,NA,NA,NA,NA,NA,NA,2,NA,2,NA,NA,NA,NA,NA,0,0,0,NA,NA,""
3351,3355,93055,291,20,2024-09-20 14:30:00,2024-09-20 17:02:00,"20-09-2024 14:30","20-09-2024 14:30",2.53,2.53,0,50.6,49.4,50.6,48.1,NA,0.099,"ppm",NA,NA,NA,NA,NA,0.0881,0.00107,0.223,2.85,0.0345,19.5,NA,NA,NA,NA,NA,NA,2,NA,2,NA,NA,NA,NA,NA,0,0,0,NA,NA,""
3351,3355,93056,292,21,2024-09-20 17:02:00,2024-09-20 19:33:00,"20-09-2024 17:02","20-09-2024 17:02",2.52,2.52,0,53.2,51.9,53.2,50.6,NA,0.0561,"ppm",NA,NA,NA,NA,NA,0.0625,0.000757,0.157,3.01,0.0364,14.7,NA,NA,NA,NA,NA,NA,2,NA,2,NA,NA,NA,NA,NA,0,0,0,NA,NA,""
3351,3355,93057,293,22,2024-09-20 19:33:00,2024-09-20 22:05:00,"20-09-2024 19:33","20-09-2024 19:33",2.53,2.53,0,55.7,54.4,55.7,53.2,NA,0.0388,"ppm",NA,NA,NA,NA,NA,0.0394,0.000476,0.0997,3.11,0.0376,13.5,NA,NA,NA,NA,NA,NA,2,NA,2,NA,NA,NA,NA,NA,0,0,0,NA,NA,""
3351,3355,93058,294,23,2024-09-20 22:05:00,2024-09-21 00:37:00,"20-09-2024 22:05","20-09-2024 22:05",2.53,2.53,0,58.2,57,58.2,55.7,NA,0.0349,"ppm",NA,NA,NA,NA,NA,0.0342,0.000415,0.0868,3.2,0.0387,11.7,NA,NA,NA,NA,NA,NA,2,NA,2,NA,NA,NA,NA,NA,0,0,0,NA,NA,""
3351,3355,93059,295,24,2024-09-21 00:37:00,2024-09-21 03:09:00,"21-09-2024 00:37","21-09-2024 00:37",2.53,2.53,0,60.8,59.5,60.8,58.2,NA,0.033,"ppm",NA,NA,NA,NA,NA,0.0367,0.000444,0.0929,3.29,0.0398,11.4,NA,NA,NA,NA,NA,NA,2,NA,2,NA,NA,NA,NA,NA,0,0,0,NA,NA,""
3351,3355,93060,296,25,2024-09-21 03:09:00,2024-09-21 05:41:00,"21-09-2024 03:09","21-09-2024 03:09",2.53,2.53,0,63.3,62,63.3,60.8,NA,0.0326,"ppm",NA,NA,NA,NA,NA,0.0368,0.000445,0.0932,3.38,0.0409,11.1,NA,NA,NA,NA,NA,NA,2,NA,2,NA,NA,NA,NA,NA,0,0,0,NA,NA,""
3351,3355,93061,297,26,2024-09-21 05:41:00,2024-09-21 08:13:00,"21-09-2024 05:41","21-09-2024 05:41",2.53,2.53,0,65.8,64.6,65.8,63.3,NA,0.0326,"ppm",NA,NA,NA,NA,NA,0.0368,0.000446,0.0934,3.47,0.0421,11.1,NA,NA,NA,NA,NA,NA,2,NA,2,NA,NA,NA,NA,NA,0,0,0,NA,NA,""
3351,3355,93062,298,27,2024-09-21 08:13:00,2024-09-21 10:45:00,"21-09-2024 08:13","21-09-2024 08:13",2.53,2.53,0,68.4,67.1,68.4,65.8,NA,0.047,"ppm",NA,NA,NA,NA,NA,0.0679,0.000822,0.172,3.65,0.0442,14,NA,NA,NA,NA,NA,NA,2,NA,2,NA,NA,NA,NA,NA,0,0,0,NA,NA,""
3351,3355,93063,299,28,2024-09-21 10:45:00,2024-09-21 13:17:00,"21-09-2024 10:45","21-09-2024 10:45",2.53,2.53,0,70.9,69.6,70.9,68.4,NA,0.0915,"ppm",NA,NA,NA,NA,NA,0.0988,0.0012,0.25,3.9,0.0472,18.8,NA,NA,NA,NA,NA,NA,2,NA,2,NA,NA,NA,NA,NA,0,0,0,NA,NA,""
3351,3355,93064,300,29,2024-09-21 13:17:00,2024-09-21 15:49:00,"21-09-2024 13:17","21-09-2024 13:17",2.53,2.53,0,73.4,72.2,73.4,70.9,NA,0.101,"ppm",NA,NA,NA,NA,NA,0.107,0.00129,0.271,4.17,0.0505,20.9,NA,NA,NA,NA,NA,NA,2,NA,2,NA,NA,NA,NA,NA,0,0,0,NA,NA,""
3351,3355,93065,301,30,2024-09-21 15:49:00,2024-09-21 18:21:00,"21-09-2024 15:49","21-09-2024 15:49",2.53,2.53,0,76,74.7,76,73.4,NA,0.0682,"ppm",NA,NA,NA,NA,NA,0.0914,0.00111,0.232,4.4,0.0533,18.7,NA,NA,NA,NA,NA,NA,2,NA,2,NA,NA,NA,NA,NA,0,0,0,NA,NA,""
3351,3355,93066,302,31,2024-09-21 18:21:00,2024-09-21 20:53:00,"21-09-2024 18:21","21-09-2024 18:21",2.53,2.53,0,78.5,77.2,78.5,76,NA,0.0451,"ppm",NA,NA,NA,NA,NA,0.0478,0.000578,0.121,4.52,0.0547,14,NA,NA,NA,NA,NA,NA,2,NA,2,NA,NA,NA,NA,NA,0,0,0,NA,NA,""
3351,3355,93067,303,32,2024-09-21 20:53:00,2024-09-21 23:25:00,"21-09-2024 20:53","21-09-2024 20:53",2.53,2.53,0,81,79.8,81,78.5,NA,0.0325,"ppm",NA,NA,NA,NA,NA,0.0275,0.000334,0.0698,4.59,0.0556,12.7,NA,NA,NA,NA,NA,NA,2,NA,2,NA,NA,NA,NA,NA,0,0,0,NA,NA,""
3351,3355,93068,304,33,2024-09-21 23:25:00,2024-09-22 01:57:00,"21-09-2024 23:25","21-09-2024 23:25",2.53,2.53,0,83.6,82.3,83.6,81,NA,0.0316,"ppm",NA,NA,NA,NA,NA,0.0235,0.000285,0.0596,4.65,0.0563,11,NA,NA,NA,NA,NA,NA,2,NA,2,NA,NA,NA,NA,NA,0,0,0,NA,NA,""
3351,3355,93069,305,34,2024-09-22 01:57:00,2024-09-22 04:28:00,"22-09-2024 01:57","22-09-2024 01:57",2.52,2.52,0,86.1,84.8,86.1,83.6,NA,0.029,"ppm",NA,NA,NA,NA,NA,0.0235,0.000285,0.0593,4.71,0.057,10.8,NA,NA,NA,NA,NA,NA,2,NA,2,NA,NA,NA,NA,NA,0,0,0,NA,NA,""
3351,3355,93070,306,35,2024-09-22 04:28:00,2024-09-22 07:00:00,"22-09-2024 04:28","22-09-2024 04:28",2.53,2.53,0,88.6,87.4,88.6,86.1,NA,0.0293,"ppm",NA,NA,NA,NA,NA,0.0249,0.000301,0.063,4.77,0.0578,9.4,NA,NA,NA,NA,NA,NA,2,NA,2,NA,NA,NA,NA,NA,0,0,0,NA,NA,""
3351,3355,93071,307,36,2024-09-22 07:00:00,2024-09-22 09:32:00,"22-09-2024 07:00","22-09-2024 07:00",2.53,2.53,0,91.2,89.9,91.2,88.6,NA,0.0363,"ppm",NA,NA,NA,NA,NA,0.0287,0.000347,0.0726,4.85,0.0587,14.5,NA,NA,NA,NA,NA,NA,2,NA,2,NA,NA,NA,NA,NA,0,0,0,NA,NA,""
3351,3355,93072,308,37,2024-09-22 09:32:00,2024-09-22 12:04:00,"22-09-2024 09:32","22-09-2024 09:32",2.53,2.53,0,93.7,92.4,93.7,91.2,NA,0.0699,"ppm",NA,NA,NA,NA,NA,0.0532,0.000644,0.135,4.98,0.0603,15.6,NA,NA,NA,NA,NA,NA,2,NA,2,NA,NA,NA,NA,NA,0,0,0,NA,NA,""
3351,3355,93073,309,38,2024-09-22 12:04:00,2024-09-22 14:36:00,"22-09-2024 12:04","22-09-2024 12:04",2.53,2.53,0,96.2,95,96.2,93.7,NA,0.0823,"ppm",NA,NA,NA,NA,NA,0.0789,0.000955,0.2,5.18,0.0627,19.5,NA,NA,NA,NA,NA,NA,2,NA,2,NA,NA,NA,NA,NA,0,0,0,NA,NA,""
3351,3355,93074,310,39,2024-09-22 14:36:00,2024-09-22 17:08:00,"22-09-2024 14:36","22-09-2024 14:36",2.53,2.53,0,98.8,97.5,98.8,96.2,NA,0.0716,"ppm",NA,NA,NA,NA,NA,0.078,0.000944,0.198,5.38,0.0651,18.6,NA,NA,NA,NA,NA,NA,2,NA,2,NA,NA,NA,NA,NA,0,0,0,NA,NA,""
3351,3355,93075,311,40,2024-09-22 17:08:00,2024-09-22 19:40:00,"22-09-2024 17:08","22-09-2024 17:08",2.53,2.53,0,101,100,101,98.8,NA,0.042,"ppm",NA,NA,NA,NA,NA,0.053,0.000642,0.134,5.51,0.0667,13.9,NA,NA,NA,NA,NA,NA,2,NA,2,NA,NA,NA,NA,NA,0,0,0,NA,NA,""
3351,3355,93076,312,41,2024-09-22 19:40:00,2024-09-22 22:12:00,"22-09-2024 19:40","22-09-2024 19:40",2.53,2.53,0,104,103,104,101,NA,0.0299,"ppm",NA,NA,NA,NA,NA,0.0313,0.000379,0.0793,5.59,0.0677,11.8,NA,NA,NA,NA,NA,NA,2,NA,2,NA,NA,NA,NA,NA,0,0,0,NA,NA,""
3351,3355,93077,313,42,2024-09-22 22:12:00,2024-09-23 00:44:00,"22-09-2024 22:12","22-09-2024 22:12",2.53,2.53,0,106,105,106,104,NA,0.0336,"ppm",NA,NA,NA,NA,NA,0.0207,0.000251,0.0525,5.64,0.0683,10.5,NA,NA,NA,NA,NA,NA,2,NA,2,NA,NA,NA,NA,NA,0,0,0,NA,NA,""
3351,3355,93078,314,43,2024-09-23 00:44:00,2024-09-23 03:16:00,"23-09-2024 00:44","23-09-2024 00:44",2.53,2.53,0,109,108,109,106,NA,0.029,"ppm",NA,NA,NA,NA,NA,0.0177,0.000214,0.0448,5.69,0.0689,9.1,NA,NA,NA,NA,NA,NA,2,NA,2,NA,NA,NA,NA,NA,0,0,0,NA,NA,""
3351,3355,93079,315,44,2024-09-23 03:16:00,2024-09-23 05:48:00,"23-09-2024 03:16","23-09-2024 03:16",2.53,2.53,0,111,110,111,109,NA,0.0265,"ppm",NA,NA,NA,NA,NA,0.019,0.00023,0.0481,5.74,0.0694,8.1,NA,NA,NA,NA,NA,NA,2,NA,2,NA,NA,NA,NA,NA,0,0,0,NA,NA,""
3351,3355,93080,316,45,2024-09-23 05:48:00,2024-09-23 08:20:00,"23-09-2024 05:48","23-09-2024 05:48",2.53,2.53,0,114,113,114,111,NA,0.0277,"ppm",NA,NA,NA,NA,NA,0.0248,0.000301,0.0629,5.8,0.0702,11.3,NA,NA,NA,NA,NA,NA,2,NA,2,NA,NA,NA,NA,NA,0,0,0,NA,NA,""
3351,3355,93081,317,46,2024-09-23 08:20:00,2024-09-23 10:51:00,"23-09-2024 08:20","23-09-2024 08:20",2.52,2.52,0,116,115,116,114,NA,0.0359,"ppm",NA,NA,NA,NA,NA,0.04,0.000484,0.101,5.9,0.0714,12.7,NA,NA,NA,NA,NA,NA,2,NA,2,NA,NA,NA,NA,NA,0,0,0,NA,NA,""
3351,3355,93082,318,47,2024-09-23 10:51:00,2024-09-23 13:23:00,"23-09-2024 10:51","23-09-2024 10:51",2.53,2.53,0,119,118,119,116,NA,0.0603,"ppm",NA,NA,NA,NA,NA,0.0442,0.000535,0.112,6.01,0.0728,15.2,NA,NA,NA,NA,NA,NA,2,NA,2,NA,NA,NA,NA,NA,0,0,0,NA,NA,""
3351,3355,93083,319,48,2024-09-23 13:23:00,2024-09-23 15:55:00,"23-09-2024 13:23","23-09-2024 13:23",2.53,2.53,0,122,120,122,119,NA,0.0634,"ppm",NA,NA,NA,NA,NA,0.0371,0.000449,0.094,6.11,0.0739,18.3,NA,NA,NA,NA,NA,NA,2,NA,2,NA,NA,NA,NA,NA,0,0,0,NA,NA,""
3351,3355,93084,320,49,2024-09-23 15:55:00,2024-09-23 18:27:00,"23-09-2024 15:55","23-09-2024 15:55",2.53,2.53,0,124,123,124,122,NA,0.0442,"ppm",NA,NA,NA,NA,NA,0.0339,0.00041,0.0858,6.19,0.075,16.1,NA,NA,NA,NA,NA,NA,2,NA,2,NA,NA,NA,NA,NA,0,0,0,NA,NA,""
3351,3355,93085,321,50,2024-09-23 18:27:00,2024-09-23 20:59:00,"23-09-2024 18:27","23-09-2024 18:27",2.53,2.53,0,127,125,127,124,NA,0.0321,"ppm",NA,NA,NA,NA,NA,0.0299,0.000362,0.0758,6.27,0.0759,15,NA,NA,NA,NA,NA,NA,2,NA,2,NA,NA,NA,NA,NA,0,0,0,NA,NA,""
3351,3355,93086,322,51,2024-09-23 20:59:00,2024-09-23 23:31:00,"23-09-2024 20:59","23-09-2024 20:59",2.53,2.53,0,129,128,129,127,NA,0.0291,"ppm",NA,NA,NA,NA,NA,0.0265,0.00032,0.0671,6.33,0.0767,14.8,NA,NA,NA,NA,NA,NA,2,NA,2,NA,NA,NA,NA,NA,0,0,0,NA,NA,""
3351,3355,93087,323,52,2024-09-23 23:31:00,2024-09-24 02:03:00,"23-09-2024 23:31","23-09-2024 23:31",2.53,2.53,0,132,130,132,129,NA,0.028,"ppm",NA,NA,NA,NA,NA,0.0268,0.000324,0.0679,6.4,0.0775,14.7,NA,NA,NA,NA,NA,NA,2,NA,2,NA,NA,NA,NA,NA,0,0,0,NA,NA,""
3351,3355,93088,324,53,2024-09-24 02:03:00,2024-09-24 04:35:00,"24-09-2024 02:03","24-09-2024 02:03",2.53,2.53,0,134,133,134,132,NA,0.0271,"ppm",NA,NA,NA,NA,NA,0.0275,0.000333,0.0698,6.47,0.0784,14.5,NA,NA,NA,NA,NA,NA,2,NA,2,NA,NA,NA,NA,NA,0,0,0,NA,NA,""
3352,3356,93089,325,1,2024-09-18 14:31:00,2024-09-18 17:03:00,"18-09-2024 14:31","18-09-2024 14:31",2.53,2.53,0,2.53,1.27,2.53,0,NA,0.116,"ppm",NA,NA,NA,NA,NA,0.0702,0.000864,0.178,0.178,0.00219,19.6,NA,NA,NA,NA,NA,NA,2,NA,2,NA,NA,NA,NA,NA,0,0,0,NA,NA,""
3352,3356,93090,326,2,2024-09-18 17:03:00,2024-09-18 19:35:00,"18-09-2024 17:03","18-09-2024 17:03",2.53,2.53,0,5.07,3.8,5.07,2.53,NA,0.0678,"ppm",NA,NA,NA,NA,NA,0.0592,0.000729,0.15,0.328,0.00404,15.3,NA,NA,NA,NA,NA,NA,2,NA,2,NA,NA,NA,NA,NA,0,0,0,NA,NA,""
3352,3356,93091,327,3,2024-09-18 19:35:00,2024-09-18 22:07:00,"18-09-2024 19:35","18-09-2024 19:35",2.53,2.53,0,7.6,6.33,7.6,5.07,NA,0.0467,"ppm",NA,NA,NA,NA,NA,0.0294,0.000362,0.0744,0.402,0.00495,13.5,NA,NA,NA,NA,NA,NA,2,NA,2,NA,NA,NA,NA,NA,0,0,0,NA,NA,""
3352,3356,93092,328,4,2024-09-18 22:07:00,2024-09-19 00:39:00,"18-09-2024 22:07","18-09-2024 22:07",2.53,2.53,0,10.1,8.87,10.1,7.6,NA,0.0561,"ppm",NA,NA,NA,NA,NA,0.00586,7.22e-05,0.0149,0.417,0.00514,12.2,NA,NA,NA,NA,NA,NA,2,NA,2,NA,NA,NA,NA,NA,0,0,0,NA,NA,""
3352,3356,93093,329,5,2024-09-19 00:39:00,2024-09-19 03:11:00,"19-09-2024 00:39","19-09-2024 00:39",2.53,2.53,0,12.7,11.4,12.7,10.1,NA,0.0377,"ppm",NA,NA,NA,NA,NA,0.002,2.46e-05,0.00507,0.422,0.0052,10.2,NA,NA,NA,NA,NA,NA,2,NA,2,NA,NA,NA,NA,NA,0,0,0,NA,NA,""
3352,3356,93094,330,6,2024-09-19 03:11:00,2024-09-19 05:43:00,"19-09-2024 03:11","19-09-2024 03:11",2.53,2.53,0,15.2,13.9,15.2,12.7,NA,0.0347,"ppm",NA,NA,NA,NA,NA,0.0172,0.000211,0.0435,0.466,0.00573,10,NA,NA,NA,NA,NA,NA,2,NA,2,NA,NA,NA,NA,NA,0,0,0,NA,NA,""
3352,3356,93095,331,7,2024-09-19 05:43:00,2024-09-19 08:14:00,"19-09-2024 05:43","19-09-2024 05:43",2.52,2.52,0,17.7,16.5,17.7,15.2,NA,0.0351,"ppm",NA,NA,NA,NA,NA,0.0222,0.000273,0.0558,0.521,0.00642,11.1,NA,NA,NA,NA,NA,NA,2,NA,2,NA,NA,NA,NA,NA,0,0,0,NA,NA,""
3352,3356,93096,332,8,2024-09-19 08:14:00,2024-09-19 10:46:00,"19-09-2024 08:14","19-09-2024 08:14",2.53,2.53,0,20.2,19,20.2,17.7,NA,0.0637,"ppm",NA,NA,NA,NA,NA,0.0609,0.00075,0.154,0.676,0.00832,16.7,NA,NA,NA,NA,NA,NA,2,NA,2,NA,NA,NA,NA,NA,0,0,0,NA,NA,""
3352,3356,93097,333,9,2024-09-19 10:46:00,2024-09-19 13:18:00,"19-09-2024 10:46","19-09-2024 10:46",2.53,2.53,0,22.8,21.5,22.8,20.2,NA,0.1,"ppm",NA,NA,NA,NA,NA,0.113,0.00139,0.285,0.961,0.0118,19.8,NA,NA,NA,NA,NA,NA,2,NA,2,NA,NA,NA,NA,NA,0,0,0,NA,NA,""
3352,3356,93098,334,10,2024-09-19 13:18:00,2024-09-19 15:50:00,"19-09-2024 13:18","19-09-2024 13:18",2.53,2.53,0,25.3,24,25.3,22.8,NA,0.116,"ppm",NA,NA,NA,NA,NA,0.124,0.00153,0.315,1.28,0.0157,21.1,NA,NA,NA,NA,NA,NA,2,NA,2,NA,NA,NA,NA,NA,0,0,0,NA,NA,""
3352,3356,93099,335,11,2024-09-19 15:50:00,2024-09-19 18:22:00,"19-09-2024 15:50","19-09-2024 15:50",2.53,2.53,0,27.8,26.6,27.8,25.3,NA,0.0768,"ppm",NA,NA,NA,NA,NA,0.0975,0.0012,0.247,1.52,0.0188,18.9,NA,NA,NA,NA,NA,NA,2,NA,2,NA,NA,NA,NA,NA,0,0,0,NA,NA,""
3352,3356,93100,336,12,2024-09-19 18:22:00,2024-09-19 20:54:00,"19-09-2024 18:22","19-09-2024 18:22",2.53,2.53,0,30.4,29.1,30.4,27.8,NA,0.0445,"ppm",NA,NA,NA,NA,NA,0.0555,0.000683,0.141,1.66,0.0205,13.6,NA,NA,NA,NA,NA,NA,2,NA,2,NA,NA,NA,NA,NA,0,0,0,NA,NA,""
3352,3356,93101,337,13,2024-09-19 20:54:00,2024-09-19 23:26:00,"19-09-2024 20:54","19-09-2024 20:54",2.53,2.53,0,32.9,31.6,32.9,30.4,NA,0.0358,"ppm",NA,NA,NA,NA,NA,0.032,0.000394,0.0812,1.74,0.0215,12.5,NA,NA,NA,NA,NA,NA,2,NA,2,NA,NA,NA,NA,NA,0,0,0,NA,NA,""
3352,3356,93102,338,14,2024-09-19 23:26:00,2024-09-20 01:58:00,"19-09-2024 23:26","19-09-2024 23:26",2.53,2.53,0,35.4,34.2,35.4,32.9,NA,0.0338,"ppm",NA,NA,NA,NA,NA,0.0275,0.000339,0.0697,1.81,0.0223,12,NA,NA,NA,NA,NA,NA,2,NA,2,NA,NA,NA,NA,NA,0,0,0,NA,NA,""
3352,3356,93103,339,15,2024-09-20 01:58:00,2024-09-20 04:30:00,"20-09-2024 01:58","20-09-2024 01:58",2.53,2.53,0,38,36.7,38,35.4,NA,0.0339,"ppm",NA,NA,NA,NA,NA,0.0241,0.000297,0.0612,1.88,0.0231,11.7,NA,NA,NA,NA,NA,NA,2,NA,2,NA,NA,NA,NA,NA,0,0,0,NA,NA,""
3352,3356,93104,340,16,2024-09-20 04:30:00,2024-09-20 07:02:00,"20-09-2024 04:30","20-09-2024 04:30",2.53,2.53,0,40.5,39.2,40.5,38,NA,0.0333,"ppm",NA,NA,NA,NA,NA,0.0265,0.000326,0.0671,1.94,0.0239,12.4,NA,NA,NA,NA,NA,NA,2,NA,2,NA,NA,NA,NA,NA,0,0,0,NA,NA,""
3352,3356,93105,341,17,2024-09-20 07:02:00,2024-09-20 09:34:00,"20-09-2024 07:02","20-09-2024 07:02",2.53,2.53,0,43,41.8,43,40.5,NA,0.0369,"ppm",NA,NA,NA,NA,NA,0.0358,0.00044,0.0906,2.03,0.025,13.2,NA,NA,NA,NA,NA,NA,2,NA,2,NA,NA,NA,NA,NA,0,0,0,NA,NA,""
3352,3356,93106,342,18,2024-09-20 09:34:00,2024-09-20 12:06:00,"20-09-2024 09:34","20-09-2024 09:34",2.53,2.53,0,45.6,44.3,45.6,43,NA,0.0496,"ppm",NA,NA,NA,NA,NA,0.0447,0.00055,0.113,2.15,0.0264,14.1,NA,NA,NA,NA,NA,NA,2,NA,2,NA,NA,NA,NA,NA,0,0,0,NA,NA,""
3352,3356,93107,343,19,2024-09-20 12:06:00,2024-09-20 14:38:00,"20-09-2024 12:06","20-09-2024 12:06",2.53,2.53,0,48.1,46.8,48.1,45.6,NA,0.0836,"ppm",NA,NA,NA,NA,NA,0.0813,0.001,0.206,2.35,0.029,18.8,NA,NA,NA,NA,NA,NA,2,NA,2,NA,NA,NA,NA,NA,0,0,0,NA,NA,""
3352,3356,93108,344,20,2024-09-20 14:38:00,2024-09-20 17:10:00,"20-09-2024 14:38","20-09-2024 14:38",2.53,2.53,0,50.6,49.4,50.6,48.1,NA,0.099,"ppm",NA,NA,NA,NA,NA,0.0999,0.00123,0.253,2.61,0.0321,19.5,NA,NA,NA,NA,NA,NA,2,NA,2,NA,NA,NA,NA,NA,0,0,0,NA,NA,""
3352,3356,93109,345,21,2024-09-20 17:10:00,2024-09-20 19:41:00,"20-09-2024 17:10","20-09-2024 17:10",2.52,2.52,0,53.2,51.9,53.2,50.6,NA,0.0561,"ppm",NA,NA,NA,NA,NA,0.0643,0.000791,0.162,2.77,0.0341,14.7,NA,NA,NA,NA,NA,NA,2,NA,2,NA,NA,NA,NA,NA,0,0,0,NA,NA,""
3352,3356,93110,346,22,2024-09-20 19:41:00,2024-09-20 22:13:00,"20-09-2024 19:41","20-09-2024 19:41",2.53,2.53,0,55.7,54.4,55.7,53.2,NA,0.0388,"ppm",NA,NA,NA,NA,NA,0.0389,0.000479,0.0984,2.87,0.0353,13.5,NA,NA,NA,NA,NA,NA,2,NA,2,NA,NA,NA,NA,NA,0,0,0,NA,NA,""
3352,3356,93111,347,23,2024-09-20 22:13:00,2024-09-21 00:45:00,"20-09-2024 22:13","20-09-2024 22:13",2.53,2.53,0,58.2,57,58.2,55.7,NA,0.0349,"ppm",NA,NA,NA,NA,NA,0.0331,0.000408,0.0839,2.95,0.0363,11.7,NA,NA,NA,NA,NA,NA,2,NA,2,NA,NA,NA,NA,NA,0,0,0,NA,NA,""
3352,3356,93112,348,24,2024-09-21 00:45:00,2024-09-21 03:17:00,"21-09-2024 00:45","21-09-2024 00:45",2.53,2.53,0,60.8,59.5,60.8,58.2,NA,0.033,"ppm",NA,NA,NA,NA,NA,0.0313,0.000386,0.0793,3.03,0.0373,11.4,NA,NA,NA,NA,NA,NA,2,NA,2,NA,NA,NA,NA,NA,0,0,0,NA,NA,""
3352,3356,93113,349,25,2024-09-21 03:17:00,2024-09-21 05:49:00,"21-09-2024 03:17","21-09-2024 03:17",2.53,2.53,0,63.3,62,63.3,60.8,NA,0.0326,"ppm",NA,NA,NA,NA,NA,0.0296,0.000364,0.075,3.1,0.0382,11.1,NA,NA,NA,NA,NA,NA,2,NA,2,NA,NA,NA,NA,NA,0,0,0,NA,NA,""
3352,3356,93114,350,26,2024-09-21 05:49:00,2024-09-21 08:21:00,"21-09-2024 05:49","21-09-2024 05:49",2.53,2.53,0,65.8,64.6,65.8,63.3,NA,0.0326,"ppm",NA,NA,NA,NA,NA,0.0288,0.000355,0.073,3.18,0.0391,11.1,NA,NA,NA,NA,NA,NA,2,NA,2,NA,NA,NA,NA,NA,0,0,0,NA,NA,""
3352,3356,93115,351,27,2024-09-21 08:21:00,2024-09-21 10:53:00,"21-09-2024 08:21","21-09-2024 08:21",2.53,2.53,0,68.4,67.1,68.4,65.8,NA,0.047,"ppm",NA,NA,NA,NA,NA,0.0409,0.000504,0.104,3.28,0.0404,14,NA,NA,NA,NA,NA,NA,2,NA,2,NA,NA,NA,NA,NA,0,0,0,NA,NA,""
3352,3356,93116,352,28,2024-09-21 10:53:00,2024-09-21 13:25:00,"21-09-2024 10:53","21-09-2024 10:53",2.53,2.53,0,70.9,69.6,70.9,68.4,NA,0.0915,"ppm",NA,NA,NA,NA,NA,0.0837,0.00103,0.212,3.49,0.043,20.2,NA,NA,NA,NA,NA,NA,2,NA,2,NA,NA,NA,NA,NA,0,0,0,NA,NA,""
3352,3356,93117,353,29,2024-09-21 13:25:00,2024-09-21 15:57:00,"21-09-2024 13:25","21-09-2024 13:25",2.53,2.53,0,73.4,72.2,73.4,70.9,NA,0.101,"ppm",NA,NA,NA,NA,NA,0.12,0.00148,0.304,3.8,0.0467,20.9,NA,NA,NA,NA,NA,NA,2,NA,2,NA,NA,NA,NA,NA,0,0,0,NA,NA,""
3352,3356,93118,354,30,2024-09-21 15:57:00,2024-09-21 18:29:00,"21-09-2024 15:57","21-09-2024 15:57",2.53,2.53,0,76,74.7,76,73.4,NA,0.0682,"ppm",NA,NA,NA,NA,NA,0.096,0.00118,0.243,4.04,0.0497,16.8,NA,NA,NA,NA,NA,NA,2,NA,2,NA,NA,NA,NA,NA,0,0,0,NA,NA,""
3352,3356,93119,355,31,2024-09-21 18:29:00,2024-09-21 21:01:00,"21-09-2024 18:29","21-09-2024 18:29",2.53,2.53,0,78.5,77.2,78.5,76,NA,0.0451,"ppm",NA,NA,NA,NA,NA,0.0477,0.000587,0.121,4.16,0.0512,14,NA,NA,NA,NA,NA,NA,2,NA,2,NA,NA,NA,NA,NA,0,0,0,NA,NA,""
3352,3356,93120,356,32,2024-09-21 21:01:00,2024-09-21 23:33:00,"21-09-2024 21:01","21-09-2024 21:01",2.53,2.53,0,81,79.8,81,78.5,NA,0.0325,"ppm",NA,NA,NA,NA,NA,0.0281,0.000346,0.0712,4.23,0.0521,12.7,NA,NA,NA,NA,NA,NA,2,NA,2,NA,NA,NA,NA,NA,0,0,0,NA,NA,""
3352,3356,93121,357,33,2024-09-21 23:33:00,2024-09-22 02:05:00,"21-09-2024 23:33","21-09-2024 23:33",2.53,2.53,0,83.6,82.3,83.6,81,NA,0.0316,"ppm",NA,NA,NA,NA,NA,0.0239,0.000294,0.0604,4.29,0.0529,11,NA,NA,NA,NA,NA,NA,2,NA,2,NA,NA,NA,NA,NA,0,0,0,NA,NA,""
3352,3356,93122,358,34,2024-09-22 02:05:00,2024-09-22 04:36:00,"22-09-2024 02:05","22-09-2024 02:05",2.52,2.52,0,86.1,84.8,86.1,83.6,NA,0.029,"ppm",NA,NA,NA,NA,NA,0.0235,0.00029,0.0592,4.35,0.0536,10.8,NA,NA,NA,NA,NA,NA,2,NA,2,NA,NA,NA,NA,NA,0,0,0,NA,NA,""
3352,3356,93123,359,35,2024-09-22 04:36:00,2024-09-22 07:08:00,"22-09-2024 04:36","22-09-2024 04:36",2.53,2.53,0,88.6,87.4,88.6,86.1,NA,0.0293,"ppm",NA,NA,NA,NA,NA,0.0231,0.000284,0.0585,4.41,0.0543,9.4,NA,NA,NA,NA,NA,NA,2,NA,2,NA,NA,NA,NA,NA,0,0,0,NA,NA,""
3352,3356,93124,360,36,2024-09-22 07:08:00,2024-09-22 09:40:00,"22-09-2024 07:08","22-09-2024 07:08",2.53,2.53,0,91.2,89.9,91.2,88.6,NA,0.0363,"ppm",NA,NA,NA,NA,NA,0.0276,0.00034,0.0699,4.48,0.0552,14.5,NA,NA,NA,NA,NA,NA,2,NA,2,NA,NA,NA,NA,NA,0,0,0,NA,NA,""
3352,3356,93125,361,37,2024-09-22 09:40:00,2024-09-22 12:12:00,"22-09-2024 09:40","22-09-2024 09:40",2.53,2.53,0,93.7,92.4,93.7,91.2,NA,0.0699,"ppm",NA,NA,NA,NA,NA,0.0645,0.000794,0.163,4.64,0.0572,15.6,NA,NA,NA,NA,NA,NA,2,NA,2,NA,NA,NA,NA,NA,0,0,0,NA,NA,""
3352,3356,93126,362,38,2024-09-22 12:12:00,2024-09-22 14:44:00,"22-09-2024 12:12","22-09-2024 12:12",2.53,2.53,0,96.2,95,96.2,93.7,NA,0.0823,"ppm",NA,NA,NA,NA,NA,0.108,0.00133,0.274,4.92,0.0605,19.5,NA,NA,NA,NA,NA,NA,2,NA,2,NA,NA,NA,NA,NA,0,0,0,NA,NA,""
3352,3356,93127,363,39,2024-09-22 14:44:00,2024-09-22 17:16:00,"22-09-2024 14:44","22-09-2024 14:44",2.53,2.53,0,98.8,97.5,98.8,96.2,NA,0.0716,"ppm",NA,NA,NA,NA,NA,0.105,0.00129,0.265,5.18,0.0638,18.6,NA,NA,NA,NA,NA,NA,2,NA,2,NA,NA,NA,NA,NA,0,0,0,NA,NA,""
3352,3356,93128,364,40,2024-09-22 17:16:00,2024-09-22 19:48:00,"22-09-2024 17:16","22-09-2024 17:16",2.53,2.53,0,101,100,101,98.8,NA,0.042,"ppm",NA,NA,NA,NA,NA,0.0637,0.000784,0.161,5.34,0.0658,13.9,NA,NA,NA,NA,NA,NA,2,NA,2,NA,NA,NA,NA,NA,0,0,0,NA,NA,""
3352,3356,93129,365,41,2024-09-22 19:48:00,2024-09-22 22:20:00,"22-09-2024 19:48","22-09-2024 19:48",2.53,2.53,0,104,103,104,101,NA,0.0299,"ppm",NA,NA,NA,NA,NA,0.0355,0.000438,0.09,5.43,0.0669,11.8,NA,NA,NA,NA,NA,NA,2,NA,2,NA,NA,NA,NA,NA,0,0,0,NA,NA,""
3352,3356,93130,366,42,2024-09-22 22:20:00,2024-09-23 00:52:00,"22-09-2024 22:20","22-09-2024 22:20",2.53,2.53,0,106,105,106,104,NA,0.0336,"ppm",NA,NA,NA,NA,NA,0.0235,0.00029,0.0596,5.49,0.0676,10.5,NA,NA,NA,NA,NA,NA,2,NA,2,NA,NA,NA,NA,NA,0,0,0,NA,NA,""
3352,3356,93131,367,43,2024-09-23 00:52:00,2024-09-23 03:24:00,"23-09-2024 00:52","23-09-2024 00:52",2.53,2.53,0,109,108,109,106,NA,0.029,"ppm",NA,NA,NA,NA,NA,0.0192,0.000236,0.0486,5.54,0.0682,9.1,NA,NA,NA,NA,NA,NA,2,NA,2,NA,NA,NA,NA,NA,0,0,0,NA,NA,""
3352,3356,93132,368,44,2024-09-23 03:24:00,2024-09-23 05:56:00,"23-09-2024 03:24","23-09-2024 03:24",2.53,2.53,0,111,110,111,109,NA,0.0265,"ppm",NA,NA,NA,NA,NA,0.0192,0.000237,0.0488,5.59,0.0688,8.1,NA,NA,NA,NA,NA,NA,2,NA,2,NA,NA,NA,NA,NA,0,0,0,NA,NA,""
3352,3356,93133,369,45,2024-09-23 05:56:00,2024-09-23 08:28:00,"23-09-2024 05:56","23-09-2024 05:56",2.53,2.53,0,114,113,114,111,NA,0.0277,"ppm",NA,NA,NA,NA,NA,0.0242,0.000298,0.0613,5.65,0.0696,12,NA,NA,NA,NA,NA,NA,2,NA,2,NA,NA,NA,NA,NA,0,0,0,NA,NA,""
3352,3356,93134,370,46,2024-09-23 08:28:00,2024-09-23 10:59:00,"23-09-2024 08:28","23-09-2024 08:28",2.52,2.52,0,116,115,116,114,NA,0.0359,"ppm",NA,NA,NA,NA,NA,0.0363,0.000447,0.0913,5.74,0.0707,12.7,NA,NA,NA,NA,NA,NA,2,NA,2,NA,NA,NA,NA,NA,0,0,0,NA,NA,""
3352,3356,93135,371,47,2024-09-23 10:59:00,2024-09-23 13:31:00,"23-09-2024 10:59","23-09-2024 10:59",2.53,2.53,0,119,118,119,116,NA,0.0603,"ppm",NA,NA,NA,NA,NA,0.0487,6e-04,0.123,5.87,0.0722,17.5,NA,NA,NA,NA,NA,NA,2,NA,2,NA,NA,NA,NA,NA,0,0,0,NA,NA,""
3352,3356,93136,372,48,2024-09-23 13:31:00,2024-09-23 16:03:00,"23-09-2024 13:31","23-09-2024 13:31",2.53,2.53,0,122,120,122,119,NA,0.0634,"ppm",NA,NA,NA,NA,NA,0.0436,0.000537,0.11,5.98,0.0736,18.3,NA,NA,NA,NA,NA,NA,2,NA,2,NA,NA,NA,NA,NA,0,0,0,NA,NA,""
3352,3356,93137,373,49,2024-09-23 16:03:00,2024-09-23 18:35:00,"23-09-2024 16:03","23-09-2024 16:03",2.53,2.53,0,124,123,124,122,NA,0.0442,"ppm",NA,NA,NA,NA,NA,0.0344,0.000424,0.0872,6.06,0.0747,16.1,NA,NA,NA,NA,NA,NA,2,NA,2,NA,NA,NA,NA,NA,0,0,0,NA,NA,""
3352,3356,93138,374,50,2024-09-23 18:35:00,2024-09-23 21:07:00,"23-09-2024 18:35","23-09-2024 18:35",2.53,2.53,0,127,125,127,124,NA,0.0321,"ppm",NA,NA,NA,NA,NA,0.0336,0.000413,0.085,6.15,0.0757,15,NA,NA,NA,NA,NA,NA,2,NA,2,NA,NA,NA,NA,NA,0,0,0,NA,NA,""
3352,3356,93139,375,51,2024-09-23 21:07:00,2024-09-23 23:39:00,"23-09-2024 21:07","23-09-2024 21:07",2.53,2.53,0,129,128,129,127,NA,0.0291,"ppm",NA,NA,NA,NA,NA,0.0302,0.000372,0.0766,6.22,0.0767,14.8,NA,NA,NA,NA,NA,NA,2,NA,2,NA,NA,NA,NA,NA,0,0,0,NA,NA,""
3352,3356,93140,376,52,2024-09-23 23:39:00,2024-09-24 02:11:00,"23-09-2024 23:39","23-09-2024 23:39",2.53,2.53,0,132,130,132,129,NA,0.028,"ppm",NA,NA,NA,NA,NA,0.0308,0.000379,0.078,6.3,0.0776,14.7,NA,NA,NA,NA,NA,NA,2,NA,2,NA,NA,NA,NA,NA,0,0,0,NA,NA,""
3352,3356,93141,377,53,2024-09-24 02:11:00,2024-09-24 04:43:00,"24-09-2024 02:11","24-09-2024 02:11",2.53,2.53,0,134,133,134,132,NA,0.0271,"ppm",NA,NA,NA,NA,NA,0.0314,0.000387,0.0797,6.38,0.0786,14.5,NA,NA,NA,NA,NA,NA,2,NA,2,NA,NA,NA,NA,NA,0,0,0,NA,NA,""
3353,3357,93142,378,1,2024-09-18 14:47:00,2024-09-18 17:19:00,"18-09-2024 14:47","18-09-2024 14:47",2.53,2.53,0,2.53,1.27,2.53,0,NA,0.116,"ppm",NA,NA,NA,NA,NA,-0.00846,-9.63e-05,-0.0214,-0.0214,-0.000244,19.6,NA,NA,NA,NA,NA,NA,2,NA,2,NA,NA,NA,NA,NA,0,0,0,NA,NA,""
3353,3357,93143,379,2,2024-09-18 17:19:00,2024-09-18 19:51:00,"18-09-2024 17:19","18-09-2024 17:19",2.53,2.53,0,5.07,3.8,5.07,2.53,NA,0.0678,"ppm",NA,NA,NA,NA,NA,0.0383,0.000436,0.097,0.0756,0.000861,15.3,NA,NA,NA,NA,NA,NA,2,NA,2,NA,NA,NA,NA,NA,0,0,0,NA,NA,""
3353,3357,93144,380,3,2024-09-18 19:51:00,2024-09-18 22:23:00,"18-09-2024 19:51","18-09-2024 19:51",2.53,2.53,0,7.6,6.33,7.6,5.07,NA,0.0467,"ppm",NA,NA,NA,NA,NA,0.0262,0.000299,0.0665,0.142,0.00162,13.5,NA,NA,NA,NA,NA,NA,2,NA,2,NA,NA,NA,NA,NA,0,0,0,NA,NA,""
3353,3357,93145,381,4,2024-09-18 22:23:00,2024-09-19 00:55:00,"18-09-2024 22:23","18-09-2024 22:23",2.53,2.53,0,10.1,8.87,10.1,7.6,NA,0.0561,"ppm",NA,NA,NA,NA,NA,0.00906,0.000103,0.0229,0.165,0.00188,12.2,NA,NA,NA,NA,NA,NA,2,NA,2,NA,NA,NA,NA,NA,0,0,0,NA,NA,""
3353,3357,93146,382,5,2024-09-19 00:55:00,2024-09-19 03:27:00,"19-09-2024 00:55","19-09-2024 00:55",2.53,2.53,0,12.7,11.4,12.7,10.1,NA,0.0377,"ppm",NA,NA,NA,NA,NA,0.00647,7.36e-05,0.0164,0.181,0.00207,9.5,NA,NA,NA,NA,NA,NA,2,NA,2,NA,NA,NA,NA,NA,0,0,0,NA,NA,""
3353,3357,93147,383,6,2024-09-19 03:27:00,2024-09-19 05:58:00,"19-09-2024 03:27","19-09-2024 03:27",2.52,2.52,0,15.2,13.9,15.2,12.7,NA,0.0347,"ppm",NA,NA,NA,NA,NA,0.0227,0.000258,0.0571,0.239,0.00272,10,NA,NA,NA,NA,NA,NA,2,NA,2,NA,NA,NA,NA,NA,0,0,0,NA,NA,""
3353,3357,93148,384,7,2024-09-19 05:58:00,2024-09-19 08:30:00,"19-09-2024 05:58","19-09-2024 05:58",2.53,2.53,0,17.7,16.4,17.7,15.2,NA,0.0351,"ppm",NA,NA,NA,NA,NA,0.0292,0.000333,0.0741,0.313,0.00356,12.9,NA,NA,NA,NA,NA,NA,2,NA,2,NA,NA,NA,NA,NA,0,0,0,NA,NA,""
3353,3357,93149,385,8,2024-09-19 08:30:00,2024-09-19 11:02:00,"19-09-2024 08:30","19-09-2024 08:30",2.53,2.53,0,20.2,19,20.2,17.7,NA,0.0637,"ppm",NA,NA,NA,NA,NA,0.0702,8e-04,0.178,0.491,0.00558,16.7,NA,NA,NA,NA,NA,NA,2,NA,2,NA,NA,NA,NA,NA,0,0,0,NA,NA,""
3353,3357,93150,386,9,2024-09-19 11:02:00,2024-09-19 13:34:00,"19-09-2024 11:02","19-09-2024 11:02",2.53,2.53,0,22.8,21.5,22.8,20.2,NA,0.1,"ppm",NA,NA,NA,NA,NA,0.117,0.00133,0.296,0.787,0.00896,20.5,NA,NA,NA,NA,NA,NA,2,NA,2,NA,NA,NA,NA,NA,0,0,0,NA,NA,""
3353,3357,93151,387,10,2024-09-19 13:34:00,2024-09-19 16:06:00,"19-09-2024 13:34","19-09-2024 13:34",2.53,2.53,0,25.3,24,25.3,22.8,NA,0.116,"ppm",NA,NA,NA,NA,NA,0.122,0.00139,0.31,1.1,0.0125,21.1,NA,NA,NA,NA,NA,NA,2,NA,2,NA,NA,NA,NA,NA,0,0,0,NA,NA,""
3353,3357,93152,388,11,2024-09-19 16:06:00,2024-09-19 18:38:00,"19-09-2024 16:06","19-09-2024 16:06",2.53,2.53,0,27.8,26.6,27.8,25.3,NA,0.0768,"ppm",NA,NA,NA,NA,NA,0.0953,0.00108,0.241,1.34,0.0152,16.6,NA,NA,NA,NA,NA,NA,2,NA,2,NA,NA,NA,NA,NA,0,0,0,NA,NA,""
3353,3357,93153,389,12,2024-09-19 18:38:00,2024-09-19 21:10:00,"19-09-2024 18:38","19-09-2024 18:38",2.53,2.53,0,30.4,29.1,30.4,27.8,NA,0.0445,"ppm",NA,NA,NA,NA,NA,0.0562,0.00064,0.142,1.48,0.0169,13.6,NA,NA,NA,NA,NA,NA,2,NA,2,NA,NA,NA,NA,NA,0,0,0,NA,NA,""
3353,3357,93154,390,13,2024-09-19 21:10:00,2024-09-19 23:42:00,"19-09-2024 21:10","19-09-2024 21:10",2.53,2.53,0,32.9,31.6,32.9,30.4,NA,0.0358,"ppm",NA,NA,NA,NA,NA,0.0369,0.00042,0.0935,1.57,0.0179,12.5,NA,NA,NA,NA,NA,NA,2,NA,2,NA,NA,NA,NA,NA,0,0,0,NA,NA,""
3353,3357,93155,391,14,2024-09-19 23:42:00,2024-09-20 02:14:00,"19-09-2024 23:42","19-09-2024 23:42",2.53,2.53,0,35.4,34.2,35.4,32.9,NA,0.0338,"ppm",NA,NA,NA,NA,NA,0.0344,0.000391,0.0871,1.66,0.0189,12,NA,NA,NA,NA,NA,NA,2,NA,2,NA,NA,NA,NA,NA,0,0,0,NA,NA,""
3353,3357,93156,392,15,2024-09-20 02:14:00,2024-09-20 04:46:00,"20-09-2024 02:14","20-09-2024 02:14",2.53,2.53,0,38,36.7,38,35.4,NA,0.0339,"ppm",NA,NA,NA,NA,NA,0.0329,0.000374,0.0833,1.74,0.0199,11.7,NA,NA,NA,NA,NA,NA,2,NA,2,NA,NA,NA,NA,NA,0,0,0,NA,NA,""
3353,3357,93157,393,16,2024-09-20 04:46:00,2024-09-20 07:18:00,"20-09-2024 04:46","20-09-2024 04:46",2.53,2.53,0,40.5,39.2,40.5,38,NA,0.0333,"ppm",NA,NA,NA,NA,NA,0.0363,0.000413,0.092,1.84,0.0209,12.4,NA,NA,NA,NA,NA,NA,2,NA,2,NA,NA,NA,NA,NA,0,0,0,NA,NA,""
3353,3357,93158,394,17,2024-09-20 07:18:00,2024-09-20 09:50:00,"20-09-2024 07:18","20-09-2024 07:18",2.53,2.53,0,43,41.8,43,40.5,NA,0.0369,"ppm",NA,NA,NA,NA,NA,0.044,0.000501,0.112,1.95,0.0222,13.2,NA,NA,NA,NA,NA,NA,2,NA,2,NA,NA,NA,NA,NA,0,0,0,NA,NA,""
3353,3357,93159,395,18,2024-09-20 09:50:00,2024-09-20 12:22:00,"20-09-2024 09:50","20-09-2024 09:50",2.53,2.53,0,45.6,44.3,45.6,43,NA,0.0496,"ppm",NA,NA,NA,NA,NA,0.0546,0.000621,0.138,2.09,0.0237,14.1,NA,NA,NA,NA,NA,NA,2,NA,2,NA,NA,NA,NA,NA,0,0,0,NA,NA,""
3353,3357,93160,396,19,2024-09-20 12:22:00,2024-09-20 14:54:00,"20-09-2024 12:22","20-09-2024 12:22",2.53,2.53,0,48.1,46.8,48.1,45.6,NA,0.0836,"ppm",NA,NA,NA,NA,NA,0.093,0.00106,0.236,2.32,0.0264,18.8,NA,NA,NA,NA,NA,NA,2,NA,2,NA,NA,NA,NA,NA,0,0,0,NA,NA,""
3353,3357,93161,397,20,2024-09-20 14:54:00,2024-09-20 17:26:00,"20-09-2024 14:54","20-09-2024 14:54",2.53,2.53,0,50.6,49.4,50.6,48.1,NA,0.099,"ppm",NA,NA,NA,NA,NA,0.108,0.00123,0.274,2.6,0.0296,18.8,NA,NA,NA,NA,NA,NA,2,NA,2,NA,NA,NA,NA,NA,0,0,0,NA,NA,""
3353,3357,93162,398,21,2024-09-20 17:26:00,2024-09-20 19:57:00,"20-09-2024 17:26","20-09-2024 17:26",2.52,2.52,0,53.2,51.9,53.2,50.6,NA,0.0561,"ppm",NA,NA,NA,NA,NA,0.0671,0.000764,0.169,2.76,0.0315,14.7,NA,NA,NA,NA,NA,NA,2,NA,2,NA,NA,NA,NA,NA,0,0,0,NA,NA,""
3353,3357,93163,399,22,2024-09-20 19:57:00,2024-09-20 22:29:00,"20-09-2024 19:57","20-09-2024 19:57",2.53,2.53,0,55.7,54.4,55.7,53.2,NA,0.0388,"ppm",NA,NA,NA,NA,NA,0.0419,0.000477,0.106,2.87,0.0327,12.9,NA,NA,NA,NA,NA,NA,2,NA,2,NA,NA,NA,NA,NA,0,0,0,NA,NA,""
3353,3357,93164,400,23,2024-09-20 22:29:00,2024-09-21 01:01:00,"20-09-2024 22:29","20-09-2024 22:29",2.53,2.53,0,58.2,57,58.2,55.7,NA,0.0349,"ppm",NA,NA,NA,NA,NA,0.039,0.000444,0.0989,2.97,0.0338,11.7,NA,NA,NA,NA,NA,NA,2,NA,2,NA,NA,NA,NA,NA,0,0,0,NA,NA,""
3353,3357,93165,401,24,2024-09-21 01:01:00,2024-09-21 03:33:00,"21-09-2024 01:01","21-09-2024 01:01",2.53,2.53,0,60.8,59.5,60.8,58.2,NA,0.033,"ppm",NA,NA,NA,NA,NA,0.0366,0.000416,0.0926,3.06,0.0349,11.3,NA,NA,NA,NA,NA,NA,2,NA,2,NA,NA,NA,NA,NA,0,0,0,NA,NA,""
3353,3357,93166,402,25,2024-09-21 03:33:00,2024-09-21 06:05:00,"21-09-2024 03:33","21-09-2024 03:33",2.53,2.53,0,63.3,62,63.3,60.8,NA,0.0326,"ppm",NA,NA,NA,NA,NA,0.0352,0.000401,0.0892,3.15,0.0359,11.1,NA,NA,NA,NA,NA,NA,2,NA,2,NA,NA,NA,NA,NA,0,0,0,NA,NA,""
3353,3357,93167,403,26,2024-09-21 06:05:00,2024-09-21 08:37:00,"21-09-2024 06:05","21-09-2024 06:05",2.53,2.53,0,65.8,64.6,65.8,63.3,NA,0.0326,"ppm",NA,NA,NA,NA,NA,0.0367,0.000418,0.093,3.24,0.0369,11.8,NA,NA,NA,NA,NA,NA,2,NA,2,NA,NA,NA,NA,NA,0,0,0,NA,NA,""
3353,3357,93168,404,27,2024-09-21 08:37:00,2024-09-21 11:09:00,"21-09-2024 08:37","21-09-2024 08:37",2.53,2.53,0,68.4,67.1,68.4,65.8,NA,0.047,"ppm",NA,NA,NA,NA,NA,0.0631,0.000718,0.16,3.4,0.0388,14,NA,NA,NA,NA,NA,NA,2,NA,2,NA,NA,NA,NA,NA,0,0,0,NA,NA,""
3353,3357,93169,405,28,2024-09-21 11:09:00,2024-09-21 13:41:00,"21-09-2024 11:09","21-09-2024 11:09",2.53,2.53,0,70.9,69.6,70.9,68.4,NA,0.0915,"ppm",NA,NA,NA,NA,NA,0.103,0.00117,0.261,3.67,0.0417,20.2,NA,NA,NA,NA,NA,NA,2,NA,2,NA,NA,NA,NA,NA,0,0,0,NA,NA,""
3353,3357,93170,406,29,2024-09-21 13:41:00,2024-09-21 16:13:00,"21-09-2024 13:41","21-09-2024 13:41",2.53,2.53,0,73.4,72.2,73.4,70.9,NA,0.101,"ppm",NA,NA,NA,NA,NA,0.121,0.00138,0.307,3.97,0.0452,20.9,NA,NA,NA,NA,NA,NA,2,NA,2,NA,NA,NA,NA,NA,0,0,0,NA,NA,""
3353,3357,93171,407,30,2024-09-21 16:13:00,2024-09-21 18:45:00,"21-09-2024 16:13","21-09-2024 16:13",2.53,2.53,0,76,74.7,76,73.4,NA,0.0682,"ppm",NA,NA,NA,NA,NA,0.0927,0.00106,0.235,4.21,0.0479,16.8,NA,NA,NA,NA,NA,NA,2,NA,2,NA,NA,NA,NA,NA,0,0,0,NA,NA,""
3353,3357,93172,408,31,2024-09-21 18:45:00,2024-09-21 21:17:00,"21-09-2024 18:45","21-09-2024 18:45",2.53,2.53,0,78.5,77.2,78.5,76,NA,0.0451,"ppm",NA,NA,NA,NA,NA,0.0461,0.000525,0.117,4.32,0.0492,14,NA,NA,NA,NA,NA,NA,2,NA,2,NA,NA,NA,NA,NA,0,0,0,NA,NA,""
3353,3357,93173,409,32,2024-09-21 21:17:00,2024-09-21 23:49:00,"21-09-2024 21:17","21-09-2024 21:17",2.53,2.53,0,81,79.8,81,78.5,NA,0.0325,"ppm",NA,NA,NA,NA,NA,0.0314,0.000357,0.0795,4.4,0.0501,12.7,NA,NA,NA,NA,NA,NA,2,NA,2,NA,NA,NA,NA,NA,0,0,0,NA,NA,""
3353,3357,93174,410,33,2024-09-21 23:49:00,2024-09-22 02:21:00,"21-09-2024 23:49","21-09-2024 23:49",2.53,2.53,0,83.6,82.3,83.6,81,NA,0.0316,"ppm",NA,NA,NA,NA,NA,0.0291,0.000331,0.0738,4.48,0.051,11,NA,NA,NA,NA,NA,NA,2,NA,2,NA,NA,NA,NA,NA,0,0,0,NA,NA,""
3353,3357,93175,411,34,2024-09-22 02:21:00,2024-09-22 04:52:00,"22-09-2024 02:21","22-09-2024 02:21",2.52,2.52,0,86.1,84.8,86.1,83.6,NA,0.029,"ppm",NA,NA,NA,NA,NA,0.0298,0.000339,0.075,4.55,0.0518,10.8,NA,NA,NA,NA,NA,NA,2,NA,2,NA,NA,NA,NA,NA,0,0,0,NA,NA,""
3353,3357,93176,412,35,2024-09-22 04:52:00,2024-09-22 07:24:00,"22-09-2024 04:52","22-09-2024 04:52",2.53,2.53,0,88.6,87.4,88.6,86.1,NA,0.0293,"ppm",NA,NA,NA,NA,NA,0.0291,0.000331,0.0737,4.63,0.0527,9.4,NA,NA,NA,NA,NA,NA,2,NA,2,NA,NA,NA,NA,NA,0,0,0,NA,NA,""
3353,3357,93177,413,36,2024-09-22 07:24:00,2024-09-22 09:56:00,"22-09-2024 07:24","22-09-2024 07:24",2.53,2.53,0,91.2,89.9,91.2,88.6,NA,0.0363,"ppm",NA,NA,NA,NA,NA,0.0434,0.000494,0.11,4.74,0.0539,14.5,NA,NA,NA,NA,NA,NA,2,NA,2,NA,NA,NA,NA,NA,0,0,0,NA,NA,""
3353,3357,93178,414,37,2024-09-22 09:56:00,2024-09-22 12:28:00,"22-09-2024 09:56","22-09-2024 09:56",2.53,2.53,0,93.7,92.4,93.7,91.2,NA,0.0699,"ppm",NA,NA,NA,NA,NA,0.0781,0.000888,0.198,4.93,0.0562,18.5,NA,NA,NA,NA,NA,NA,2,NA,2,NA,NA,NA,NA,NA,0,0,0,NA,NA,""
3353,3357,93179,415,38,2024-09-22 12:28:00,2024-09-22 15:00:00,"22-09-2024 12:28","22-09-2024 12:28",2.53,2.53,0,96.2,95,96.2,93.7,NA,0.0823,"ppm",NA,NA,NA,NA,NA,0.108,0.00123,0.275,5.21,0.0593,19.5,NA,NA,NA,NA,NA,NA,2,NA,2,NA,NA,NA,NA,NA,0,0,0,NA,NA,""
3353,3357,93180,416,39,2024-09-22 15:00:00,2024-09-22 17:32:00,"22-09-2024 15:00","22-09-2024 15:00",2.53,2.53,0,98.8,97.5,98.8,96.2,NA,0.0716,"ppm",NA,NA,NA,NA,NA,0.105,0.00119,0.265,5.47,0.0623,17.3,NA,NA,NA,NA,NA,NA,2,NA,2,NA,NA,NA,NA,NA,0,0,0,NA,NA,""
3353,3357,93181,417,40,2024-09-22 17:32:00,2024-09-22 20:04:00,"22-09-2024 17:32","22-09-2024 17:32",2.53,2.53,0,101,100,101,98.8,NA,0.042,"ppm",NA,NA,NA,NA,NA,0.0639,0.000727,0.162,5.64,0.0642,13.9,NA,NA,NA,NA,NA,NA,2,NA,2,NA,NA,NA,NA,NA,0,0,0,NA,NA,""
3353,3357,93182,418,41,2024-09-22 20:04:00,2024-09-22 22:36:00,"22-09-2024 20:04","22-09-2024 20:04",2.53,2.53,0,104,103,104,101,NA,0.0299,"ppm",NA,NA,NA,NA,NA,0.0375,0.000426,0.0949,5.73,0.0652,11.8,NA,NA,NA,NA,NA,NA,2,NA,2,NA,NA,NA,NA,NA,0,0,0,NA,NA,""
3353,3357,93183,419,42,2024-09-22 22:36:00,2024-09-23 01:08:00,"22-09-2024 22:36","22-09-2024 22:36",2.53,2.53,0,106,105,106,104,NA,0.0336,"ppm",NA,NA,NA,NA,NA,0.0284,0.000323,0.0719,5.8,0.0661,10.5,NA,NA,NA,NA,NA,NA,2,NA,2,NA,NA,NA,NA,NA,0,0,0,NA,NA,""
3353,3357,93184,420,43,2024-09-23 01:08:00,2024-09-23 03:40:00,"23-09-2024 01:08","23-09-2024 01:08",2.53,2.53,0,109,108,109,106,NA,0.029,"ppm",NA,NA,NA,NA,NA,0.0246,0.00028,0.0624,5.87,0.0668,8.1,NA,NA,NA,NA,NA,NA,2,NA,2,NA,NA,NA,NA,NA,0,0,0,NA,NA,""
3353,3357,93185,421,44,2024-09-23 03:40:00,2024-09-23 06:12:00,"23-09-2024 03:40","23-09-2024 03:40",2.53,2.53,0,111,110,111,109,NA,0.0265,"ppm",NA,NA,NA,NA,NA,0.0247,0.000281,0.0625,5.93,0.0675,8.1,NA,NA,NA,NA,NA,NA,2,NA,2,NA,NA,NA,NA,NA,0,0,0,NA,NA,""
3353,3357,93186,422,45,2024-09-23 06:12:00,2024-09-23 08:44:00,"23-09-2024 06:12","23-09-2024 06:12",2.53,2.53,0,114,113,114,111,NA,0.0277,"ppm",NA,NA,NA,NA,NA,0.0321,0.000365,0.0812,6.01,0.0684,12,NA,NA,NA,NA,NA,NA,2,NA,2,NA,NA,NA,NA,NA,0,0,0,NA,NA,""
3353,3357,93187,423,46,2024-09-23 08:44:00,2024-09-23 11:15:00,"23-09-2024 08:44","23-09-2024 08:44",2.52,2.52,0,116,115,116,114,NA,0.0359,"ppm",NA,NA,NA,NA,NA,0.0496,0.000564,0.125,6.13,0.0698,12.7,NA,NA,NA,NA,NA,NA,2,NA,2,NA,NA,NA,NA,NA,0,0,0,NA,NA,""
3353,3357,93188,424,47,2024-09-23 11:15:00,2024-09-23 13:47:00,"23-09-2024 11:15","23-09-2024 11:15",2.53,2.53,0,119,118,119,116,NA,0.0603,"ppm",NA,NA,NA,NA,NA,0.0838,0.000953,0.212,6.35,0.0722,17.5,NA,NA,NA,NA,NA,NA,2,NA,2,NA,NA,NA,NA,NA,0,0,0,NA,NA,""
3353,3357,93189,425,48,2024-09-23 13:47:00,2024-09-23 16:19:00,"23-09-2024 13:47","23-09-2024 13:47",2.53,2.53,0,122,120,122,119,NA,0.0634,"ppm",NA,NA,NA,NA,NA,0.0804,0.000915,0.204,6.55,0.0746,18.3,NA,NA,NA,NA,NA,NA,2,NA,2,NA,NA,NA,NA,NA,0,0,0,NA,NA,""
3353,3357,93190,426,49,2024-09-23 16:19:00,2024-09-23 18:51:00,"23-09-2024 16:19","23-09-2024 16:19",2.53,2.53,0,124,123,124,122,NA,0.0442,"ppm",NA,NA,NA,NA,NA,0.0502,0.000571,0.127,6.68,0.076,16.1,NA,NA,NA,NA,NA,NA,2,NA,2,NA,NA,NA,NA,NA,0,0,0,NA,NA,""
3353,3357,93191,427,50,2024-09-23 18:51:00,2024-09-23 21:23:00,"23-09-2024 18:51","23-09-2024 18:51",2.53,2.53,0,127,125,127,124,NA,0.0321,"ppm",NA,NA,NA,NA,NA,0.0443,0.000504,0.112,6.79,0.0773,15,NA,NA,NA,NA,NA,NA,2,NA,2,NA,NA,NA,NA,NA,0,0,0,NA,NA,""
3353,3357,93192,428,51,2024-09-23 21:23:00,2024-09-23 23:55:00,"23-09-2024 21:23","23-09-2024 21:23",2.53,2.53,0,129,128,129,127,NA,0.0291,"ppm",NA,NA,NA,NA,NA,0.0406,0.000462,0.103,6.89,0.0784,14.8,NA,NA,NA,NA,NA,NA,2,NA,2,NA,NA,NA,NA,NA,0,0,0,NA,NA,""
3353,3357,93193,429,52,2024-09-23 23:55:00,2024-09-24 02:27:00,"23-09-2024 23:55","23-09-2024 23:55",2.53,2.53,0,132,130,132,129,NA,0.028,"ppm",NA,NA,NA,NA,NA,0.042,0.000478,0.106,7,0.0797,14.6,NA,NA,NA,NA,NA,NA,2,NA,2,NA,NA,NA,NA,NA,0,0,0,NA,NA,""
3353,3357,93194,430,53,2024-09-24 02:27:00,2024-09-24 04:59:00,"24-09-2024 02:27","24-09-2024 02:27",2.53,2.53,0,134,133,134,132,NA,0.0271,"ppm",NA,NA,NA,NA,NA,0.0422,0.000481,0.107,7.11,0.0809,14.5,NA,NA,NA,NA,NA,NA,2,NA,2,NA,NA,NA,NA,NA,0,0,0,NA,NA,""
3354,3358,93195,431,1,2024-09-18 14:55:00,2024-09-18 17:27:00,"18-09-2024 14:55","18-09-2024 14:55",2.53,2.53,0,2.53,1.27,4.95,2.42,NA,0.116,"ppm",NA,NA,NA,NA,NA,0.171,0.00196,0.433,0.433,0.00497,18.6,NA,NA,NA,NA,NA,NA,2,NA,2,NA,NA,NA,NA,NA,0,0,0,NA,NA,""
3354,3358,93196,432,2,2024-09-18 17:27:00,2024-09-18 19:59:00,"18-09-2024 17:27","18-09-2024 17:27",2.53,2.53,0,5.07,3.8,7.48,4.95,NA,0.0678,"ppm",NA,NA,NA,NA,NA,0.112,0.00129,0.284,0.717,0.00823,15.3,NA,NA,NA,NA,NA,NA,2,NA,2,NA,NA,NA,NA,NA,0,0,0,NA,NA,""
3354,3358,93197,433,3,2024-09-18 19:59:00,2024-09-18 22:31:00,"18-09-2024 19:59","18-09-2024 19:59",2.53,2.53,0,7.6,6.33,10,7.48,NA,0.0467,"ppm",NA,NA,NA,NA,NA,0.0555,0.000637,0.141,0.858,0.00984,12.9,NA,NA,NA,NA,NA,NA,2,NA,2,NA,NA,NA,NA,NA,0,0,0,NA,NA,""
3354,3358,93198,434,4,2024-09-18 22:31:00,2024-09-19 01:03:00,"18-09-2024 22:31","18-09-2024 22:31",2.53,2.53,0,10.1,8.87,12.6,10,NA,0.0561,"ppm",NA,NA,NA,NA,NA,0.0321,0.000368,0.0813,0.939,0.0108,12.2,NA,NA,NA,NA,NA,NA,2,NA,2,NA,NA,NA,NA,NA,0,0,0,NA,NA,""
3354,3358,93199,435,5,2024-09-19 01:03:00,2024-09-19 03:35:00,"19-09-2024 01:03","19-09-2024 01:03",2.53,2.53,0,12.7,11.4,15.1,12.6,NA,0.0377,"ppm",NA,NA,NA,NA,NA,0.031,0.000356,0.0785,1.02,0.0117,9.5,NA,NA,NA,NA,NA,NA,2,NA,2,NA,NA,NA,NA,NA,0,0,0,NA,NA,""
3354,3358,93200,436,6,2024-09-19 03:35:00,2024-09-19 06:06:00,"19-09-2024 03:35","19-09-2024 03:35",2.52,2.52,0,15.2,13.9,17.6,15.1,NA,0.0347,"ppm",NA,NA,NA,NA,NA,0.0466,0.000535,0.117,1.14,0.013,10,NA,NA,NA,NA,NA,NA,2,NA,2,NA,NA,NA,NA,NA,0,0,0,NA,NA,""
3354,3358,93201,437,7,2024-09-19 06:06:00,2024-09-19 08:38:00,"19-09-2024 06:06","19-09-2024 06:06",2.53,2.53,0,17.7,16.4,20.1,17.6,NA,0.0351,"ppm",NA,NA,NA,NA,NA,0.0492,0.000564,0.125,1.26,0.0145,12.9,NA,NA,NA,NA,NA,NA,2,NA,2,NA,NA,NA,NA,NA,0,0,0,NA,NA,""
3354,3358,93202,438,8,2024-09-19 08:38:00,2024-09-19 11:10:00,"19-09-2024 08:38","19-09-2024 08:38",2.53,2.53,0,20.2,19,22.7,20.1,NA,0.0637,"ppm",NA,NA,NA,NA,NA,0.108,0.00124,0.275,1.53,0.0176,16.7,NA,NA,NA,NA,NA,NA,2,NA,2,NA,NA,NA,NA,NA,0,0,0,NA,NA,""
3354,3358,93203,439,9,2024-09-19 11:10:00,2024-09-19 13:42:00,"19-09-2024 11:10","19-09-2024 11:10",2.53,2.53,0,22.8,21.5,25.2,22.7,NA,0.1,"ppm",NA,NA,NA,NA,NA,0.19,0.00218,0.482,2.02,0.0231,20.5,NA,NA,NA,NA,NA,NA,2,NA,2,NA,NA,NA,NA,NA,0,0,0,NA,NA,""
3354,3358,93204,440,10,2024-09-19 13:42:00,2024-09-19 16:14:00,"19-09-2024 13:42","19-09-2024 13:42",2.53,2.53,0,25.3,24,27.7,25.2,NA,0.116,"ppm",NA,NA,NA,NA,NA,0.209,0.0024,0.531,2.55,0.0292,21.1,NA,NA,NA,NA,NA,NA,2,NA,2,NA,NA,NA,NA,NA,0,0,0,NA,NA,""
3354,3358,93205,441,11,2024-09-19 16:14:00,2024-09-19 18:46:00,"19-09-2024 16:14","19-09-2024 16:14",2.53,2.53,0,27.8,26.6,30.3,27.7,NA,0.0768,"ppm",NA,NA,NA,NA,NA,0.155,0.00178,0.393,2.94,0.0337,16.6,NA,NA,NA,NA,NA,NA,2,NA,2,NA,NA,NA,NA,NA,0,0,0,NA,NA,""
3354,3358,93206,442,12,2024-09-19 18:46:00,2024-09-19 21:18:00,"19-09-2024 18:46","19-09-2024 18:46",2.53,2.53,0,30.4,29.1,32.8,30.3,NA,0.0445,"ppm",NA,NA,NA,NA,NA,0.0827,0.000949,0.21,3.15,0.0361,13.6,NA,NA,NA,NA,NA,NA,2,NA,2,NA,NA,NA,NA,NA,0,0,0,NA,NA,""
3354,3358,93207,443,13,2024-09-19 21:18:00,2024-09-19 23:50:00,"19-09-2024 21:18","19-09-2024 21:18",2.53,2.53,0,32.9,31.6,35.3,32.8,NA,0.0358,"ppm",NA,NA,NA,NA,NA,0.0555,0.000637,0.141,3.29,0.0378,12.5,NA,NA,NA,NA,NA,NA,2,NA,2,NA,NA,NA,NA,NA,0,0,0,NA,NA,""
3354,3358,93208,444,14,2024-09-19 23:50:00,2024-09-20 02:22:00,"19-09-2024 23:50","19-09-2024 23:50",2.53,2.53,0,35.4,34.2,37.9,35.3,NA,0.0338,"ppm",NA,NA,NA,NA,NA,0.0513,0.000589,0.13,3.42,0.0392,12,NA,NA,NA,NA,NA,NA,2,NA,2,NA,NA,NA,NA,NA,0,0,0,NA,NA,""
3354,3358,93209,445,15,2024-09-20 02:22:00,2024-09-20 04:54:00,"20-09-2024 02:22","20-09-2024 02:22",2.53,2.53,0,38,36.7,40.4,37.9,NA,0.0339,"ppm",NA,NA,NA,NA,NA,0.0445,0.000511,0.113,3.53,0.0405,11.7,NA,NA,NA,NA,NA,NA,2,NA,2,NA,NA,NA,NA,NA,0,0,0,NA,NA,""
3354,3358,93210,446,16,2024-09-20 04:54:00,2024-09-20 07:26:00,"20-09-2024 04:54","20-09-2024 04:54",2.53,2.53,0,40.5,39.2,42.9,40.4,NA,0.0333,"ppm",NA,NA,NA,NA,NA,0.0515,0.000591,0.13,3.66,0.042,12.6,NA,NA,NA,NA,NA,NA,2,NA,2,NA,NA,NA,NA,NA,0,0,0,NA,NA,""
3354,3358,93211,447,17,2024-09-20 07:26:00,2024-09-20 09:58:00,"20-09-2024 07:26","20-09-2024 07:26",2.53,2.53,0,43,41.8,45.5,42.9,NA,0.0369,"ppm",NA,NA,NA,NA,NA,0.0697,0.000799,0.176,3.84,0.0441,13.2,NA,NA,NA,NA,NA,NA,2,NA,2,NA,NA,NA,NA,NA,0,0,0,NA,NA,""
3354,3358,93212,448,18,2024-09-20 09:58:00,2024-09-20 12:30:00,"20-09-2024 09:58","20-09-2024 09:58",2.53,2.53,0,45.6,44.3,48,45.5,NA,0.0496,"ppm",NA,NA,NA,NA,NA,0.0987,0.00113,0.25,4.09,0.0469,15.3,NA,NA,NA,NA,NA,NA,2,NA,2,NA,NA,NA,NA,NA,0,0,0,NA,NA,""
3354,3358,93213,449,19,2024-09-20 12:30:00,2024-09-20 15:02:00,"20-09-2024 12:30","20-09-2024 12:30",2.53,2.53,0,48.1,46.8,50.5,48,NA,0.0836,"ppm",NA,NA,NA,NA,NA,0.161,0.00185,0.409,4.5,0.0516,18.8,NA,NA,NA,NA,NA,NA,2,NA,2,NA,NA,NA,NA,NA,0,0,0,NA,NA,""
3354,3358,93214,450,20,2024-09-20 15:02:00,2024-09-20 17:34:00,"20-09-2024 15:02","20-09-2024 15:02",2.53,2.53,0,50.6,49.4,53.1,50.5,NA,0.099,"ppm",NA,NA,NA,NA,NA,0.179,0.00206,0.455,4.95,0.0568,18.8,NA,NA,NA,NA,NA,NA,2,NA,2,NA,NA,NA,NA,NA,0,0,0,NA,NA,""
3354,3358,93215,451,21,2024-09-20 17:34:00,2024-09-20 20:05:00,"20-09-2024 17:34","20-09-2024 17:34",2.52,2.52,0,53.2,51.9,55.6,53.1,NA,0.0561,"ppm",NA,NA,NA,NA,NA,0.107,0.00122,0.269,5.22,0.0599,14.7,NA,NA,NA,NA,NA,NA,2,NA,2,NA,NA,NA,NA,NA,0,0,0,NA,NA,""
3354,3358,93216,452,22,2024-09-20 20:05:00,2024-09-20 22:37:00,"20-09-2024 20:05","20-09-2024 20:05",2.53,2.53,0,55.7,54.4,58.1,55.6,NA,0.0388,"ppm",NA,NA,NA,NA,NA,0.0661,0.000758,0.167,5.39,0.0618,12.9,NA,NA,NA,NA,NA,NA,2,NA,2,NA,NA,NA,NA,NA,0,0,0,NA,NA,""
3354,3358,93217,453,23,2024-09-20 22:37:00,2024-09-21 01:09:00,"20-09-2024 22:37","20-09-2024 22:37",2.53,2.53,0,58.2,57,60.6,58.1,NA,0.0349,"ppm",NA,NA,NA,NA,NA,0.0775,0.000889,0.196,5.59,0.0641,11.7,NA,NA,NA,NA,NA,NA,2,NA,2,NA,NA,NA,NA,NA,0,0,0,NA,NA,""
3354,3358,93218,454,24,2024-09-21 01:09:00,2024-09-21 03:41:00,"21-09-2024 01:09","21-09-2024 01:09",2.53,2.53,0,60.8,59.5,63.2,60.6,NA,0.033,"ppm",NA,NA,NA,NA,NA,0.0805,0.000924,0.204,5.79,0.0664,11.3,NA,NA,NA,NA,NA,NA,2,NA,2,NA,NA,NA,NA,NA,0,0,0,NA,NA,""
3354,3358,93219,455,25,2024-09-21 03:41:00,2024-09-21 06:13:00,"21-09-2024 03:41","21-09-2024 03:41",2.53,2.53,0,63.3,62,65.7,63.2,NA,0.0326,"ppm",NA,NA,NA,NA,NA,0.0818,0.000939,0.207,6,0.0688,11.1,NA,NA,NA,NA,NA,NA,2,NA,2,NA,NA,NA,NA,NA,0,0,0,NA,NA,""
3354,3358,93220,456,26,2024-09-21 06:13:00,2024-09-21 08:45:00,"21-09-2024 06:13","21-09-2024 06:13",2.53,2.53,0,65.8,64.6,68.2,65.7,NA,0.0326,"ppm",NA,NA,NA,NA,NA,0.0895,0.00103,0.227,6.22,0.0714,11.8,NA,NA,NA,NA,NA,NA,2,NA,2,NA,NA,NA,NA,NA,0,0,0,NA,NA,""
3354,3358,93221,457,27,2024-09-21 08:45:00,2024-09-21 11:17:00,"21-09-2024 08:45","21-09-2024 08:45",2.53,2.53,0,68.4,67.1,70.8,68.2,NA,0.047,"ppm",NA,NA,NA,NA,NA,0.148,0.0017,0.375,6.6,0.0757,14,NA,NA,NA,NA,NA,NA,2,NA,2,NA,NA,NA,NA,NA,0,0,0,NA,NA,""
3354,3358,93222,458,28,2024-09-21 11:17:00,2024-09-21 13:49:00,"21-09-2024 11:17","21-09-2024 11:17",2.53,2.53,0,70.9,69.6,73.3,70.8,NA,0.0915,"ppm",NA,NA,NA,NA,NA,0.206,0.00236,0.522,7.12,0.0817,20.2,NA,NA,NA,NA,NA,NA,2,NA,2,NA,NA,NA,NA,NA,0,0,0,NA,NA,""
3354,3358,93223,459,29,2024-09-21 13:49:00,2024-09-21 16:21:00,"21-09-2024 13:49","21-09-2024 13:49",2.53,2.53,0,73.4,72.2,75.8,73.3,NA,0.101,"ppm",NA,NA,NA,NA,NA,0.199,0.00229,0.505,7.63,0.0875,20.9,NA,NA,NA,NA,NA,NA,2,NA,2,NA,NA,NA,NA,NA,0,0,0,NA,NA,""
3354,3358,93224,460,30,2024-09-21 16:21:00,2024-09-21 18:53:00,"21-09-2024 16:21","21-09-2024 16:21",2.53,2.53,0,76,74.7,78.4,75.8,NA,0.0682,"ppm",NA,NA,NA,NA,NA,0.134,0.00154,0.34,7.97,0.0914,16.8,NA,NA,NA,NA,NA,NA,2,NA,2,NA,NA,NA,NA,NA,0,0,0,NA,NA,""
3354,3358,93225,461,31,2024-09-21 18:53:00,2024-09-21 21:25:00,"21-09-2024 18:53","21-09-2024 18:53",2.53,2.53,0,78.5,77.2,80.9,78.4,NA,0.0451,"ppm",NA,NA,NA,NA,NA,0.0687,0.000788,0.174,8.14,0.0934,13.3,NA,NA,NA,NA,NA,NA,2,NA,2,NA,NA,NA,NA,NA,0,0,0,NA,NA,""
3354,3358,93226,462,32,2024-09-21 21:25:00,2024-09-21 23:57:00,"21-09-2024 21:25","21-09-2024 21:25",2.53,2.53,0,81,79.8,83.4,80.9,NA,0.0325,"ppm",NA,NA,NA,NA,NA,0.0577,0.000663,0.146,8.29,0.0951,12.7,NA,NA,NA,NA,NA,NA,2,NA,2,NA,NA,NA,NA,NA,0,0,0,NA,NA,""
3354,3358,93227,463,33,2024-09-21 23:57:00,2024-09-22 02:29:00,"21-09-2024 23:57","21-09-2024 23:57",2.53,2.53,0,83.6,82.3,86,83.4,NA,0.0316,"ppm",NA,NA,NA,NA,NA,0.0578,0.000663,0.146,8.43,0.0968,10.8,NA,NA,NA,NA,NA,NA,2,NA,2,NA,NA,NA,NA,NA,0,0,0,NA,NA,""
3354,3358,93228,464,34,2024-09-22 02:29:00,2024-09-22 05:00:00,"22-09-2024 02:29","22-09-2024 02:29",2.52,2.52,0,86.1,84.8,88.5,86,NA,0.029,"ppm",NA,NA,NA,NA,NA,0.0568,0.000652,0.143,8.58,0.0984,10.8,NA,NA,NA,NA,NA,NA,2,NA,2,NA,NA,NA,NA,NA,0,0,0,NA,NA,""
3354,3358,93229,465,35,2024-09-22 05:00:00,2024-09-22 07:32:00,"22-09-2024 05:00","22-09-2024 05:00",2.53,2.53,0,88.6,87.4,91,88.5,NA,0.0293,"ppm",NA,NA,NA,NA,NA,0.054,0.00062,0.137,8.71,0.1,9.8,NA,NA,NA,NA,NA,NA,2,NA,2,NA,NA,NA,NA,NA,0,0,0,NA,NA,""
3354,3358,93230,466,36,2024-09-22 07:32:00,2024-09-22 10:04:00,"22-09-2024 07:32","22-09-2024 07:32",2.53,2.53,0,91.2,89.9,93.6,91,NA,0.0363,"ppm",NA,NA,NA,NA,NA,0.126,0.00144,0.318,9.03,0.104,14.5,NA,NA,NA,NA,NA,NA,2,NA,2,NA,NA,NA,NA,NA,0,0,0,NA,NA,""
3354,3358,93231,467,37,2024-09-22 10:04:00,2024-09-22 12:36:00,"22-09-2024 10:04","22-09-2024 10:04",2.53,2.53,0,93.7,92.4,96.1,93.6,NA,0.0699,"ppm",NA,NA,NA,NA,NA,0.163,0.00187,0.414,9.44,0.108,18.5,NA,NA,NA,NA,NA,NA,2,NA,2,NA,NA,NA,NA,NA,0,0,0,NA,NA,""
3354,3358,93232,468,38,2024-09-22 12:36:00,2024-09-22 15:08:00,"22-09-2024 12:36","22-09-2024 12:36",2.53,2.53,0,96.2,95,98.6,96.1,NA,0.0823,"ppm",NA,NA,NA,NA,NA,0.139,0.00159,0.352,9.8,0.112,19.5,NA,NA,NA,NA,NA,NA,2,NA,2,NA,NA,NA,NA,NA,0,0,0,NA,NA,""
3354,3358,93233,469,39,2024-09-22 15:08:00,2024-09-22 17:40:00,"22-09-2024 15:08","22-09-2024 15:08",2.53,2.53,0,98.8,97.5,101,98.6,NA,0.0716,"ppm",NA,NA,NA,NA,NA,0.125,0.00143,0.316,10.1,0.116,17.3,NA,NA,NA,NA,NA,NA,2,NA,2,NA,NA,NA,NA,NA,0,0,0,NA,NA,""
3354,3358,93234,470,40,2024-09-22 17:40:00,2024-09-22 20:12:00,"22-09-2024 17:40","22-09-2024 17:40",2.53,2.53,0,101,100,104,101,NA,0.042,"ppm",NA,NA,NA,NA,NA,0.0661,0.000758,0.167,10.3,0.118,13.9,NA,NA,NA,NA,NA,NA,2,NA,2,NA,NA,NA,NA,NA,0,0,0,NA,NA,""
3354,3358,93235,471,41,2024-09-22 20:12:00,2024-09-22 22:44:00,"22-09-2024 20:12","22-09-2024 20:12",2.53,2.53,0,104,103,106,104,NA,0.0299,"ppm",NA,NA,NA,NA,NA,0.0355,0.000407,0.0899,10.4,0.119,11.8,NA,NA,NA,NA,NA,NA,2,NA,2,NA,NA,NA,NA,NA,0,0,0,NA,NA,""
3354,3358,93236,472,42,2024-09-22 22:44:00,2024-09-23 01:16:00,"22-09-2024 22:44","22-09-2024 22:44",2.53,2.53,0,106,105,109,106,NA,0.0336,"ppm",NA,NA,NA,NA,NA,0.0352,0.000404,0.0893,10.5,0.12,10.5,NA,NA,NA,NA,NA,NA,2,NA,2,NA,NA,NA,NA,NA,0,0,0,NA,NA,""
3354,3358,93237,473,43,2024-09-23 01:16:00,2024-09-23 03:48:00,"23-09-2024 01:16","23-09-2024 01:16",2.53,2.53,0,109,108,111,109,NA,0.029,"ppm",NA,NA,NA,NA,NA,0.0376,0.000431,0.0953,10.6,0.121,8.1,NA,NA,NA,NA,NA,NA,2,NA,2,NA,NA,NA,NA,NA,0,0,0,NA,NA,""
3354,3358,93238,474,44,2024-09-23 03:48:00,2024-09-23 06:20:00,"23-09-2024 03:48","23-09-2024 03:48",2.53,2.53,0,111,110,114,111,NA,0.0265,"ppm",NA,NA,NA,NA,NA,0.039,0.000448,0.0988,10.7,0.122,8.1,NA,NA,NA,NA,NA,NA,2,NA,2,NA,NA,NA,NA,NA,0,0,0,NA,NA,""
3354,3358,93239,475,45,2024-09-23 06:20:00,2024-09-23 08:52:00,"23-09-2024 06:20","23-09-2024 06:20",2.53,2.53,0,114,113,116,114,NA,0.0277,"ppm",NA,NA,NA,NA,NA,0.0476,0.000546,0.121,10.8,0.124,12,NA,NA,NA,NA,NA,NA,2,NA,2,NA,NA,NA,NA,NA,0,0,0,NA,NA,""
3354,3358,93240,476,46,2024-09-23 08:52:00,2024-09-23 11:23:00,"23-09-2024 08:52","23-09-2024 08:52",2.52,2.52,0,116,115,119,116,NA,0.0359,"ppm",NA,NA,NA,NA,NA,0.0757,0.000869,0.191,11,0.126,12.7,NA,NA,NA,NA,NA,NA,2,NA,2,NA,NA,NA,NA,NA,0,0,0,NA,NA,""
3354,3358,93241,477,47,2024-09-23 11:23:00,2024-09-23 13:55:00,"23-09-2024 11:23","23-09-2024 11:23",2.53,2.53,0,119,118,121,119,NA,0.0603,"ppm",NA,NA,NA,NA,NA,0.0891,0.00102,0.226,11.2,0.128,17.5,NA,NA,NA,NA,NA,NA,2,NA,2,NA,NA,NA,NA,NA,0,0,0,NA,NA,""
3354,3358,93242,478,48,2024-09-23 13:55:00,2024-09-23 16:27:00,"23-09-2024 13:55","23-09-2024 13:55",2.53,2.53,0,122,120,124,121,NA,0.0634,"ppm",NA,NA,NA,NA,NA,0.0645,0.00074,0.163,11.4,0.13,18.1,NA,NA,NA,NA,NA,NA,2,NA,2,NA,NA,NA,NA,NA,0,0,0,NA,NA,""
3354,3358,93243,479,49,2024-09-23 16:27:00,2024-09-23 18:59:00,"23-09-2024 16:27","23-09-2024 16:27",2.53,2.53,0,124,123,126,124,NA,0.0442,"ppm",NA,NA,NA,NA,NA,0.0392,0.00045,0.0994,11.5,0.131,16.1,NA,NA,NA,NA,NA,NA,2,NA,2,NA,NA,NA,NA,NA,0,0,0,NA,NA,""
3354,3358,93244,480,50,2024-09-23 18:59:00,2024-09-23 21:31:00,"23-09-2024 18:59","23-09-2024 18:59",2.53,2.53,0,127,125,129,126,NA,0.0321,"ppm",NA,NA,NA,NA,NA,0.0315,0.000361,0.0797,11.5,0.132,15,NA,NA,NA,NA,NA,NA,2,NA,2,NA,NA,NA,NA,NA,0,0,0,NA,NA,""
3354,3358,93245,481,51,2024-09-23 21:31:00,2024-09-24 00:03:00,"23-09-2024 21:31","23-09-2024 21:31",2.53,2.53,0,129,128,132,129,NA,0.0291,"ppm",NA,NA,NA,NA,NA,0.0299,0.000343,0.0758,11.6,0.133,14.8,NA,NA,NA,NA,NA,NA,2,NA,2,NA,NA,NA,NA,NA,0,0,0,NA,NA,""
3354,3358,93246,482,52,2024-09-24 00:03:00,2024-09-24 02:35:00,"24-09-2024 00:03","24-09-2024 00:03",2.53,2.53,0,132,130,134,132,NA,0.028,"ppm",NA,NA,NA,NA,NA,0.0316,0.000362,0.0799,11.7,0.134,14.6,NA,NA,NA,NA,NA,NA,2,NA,2,NA,NA,NA,NA,NA,0,0,0,NA,NA,""
3354,3358,93247,483,53,2024-09-24 02:35:00,2024-09-24 05:07:00,"24-09-2024 02:35","24-09-2024 02:35",2.53,2.53,0,134,133,137,134,NA,0.0271,"ppm",NA,NA,NA,NA,NA,0.0316,0.000363,0.0801,11.8,0.135,14.5,NA,NA,NA,NA,NA,NA,2,NA,2,NA,NA,NA,NA,NA,0,0,0,NA,NA,""
3355,3359,93248,484,1,2024-09-18 15:03:00,2024-09-18 17:35:00,"18-09-2024 15:03","18-09-2024 15:03",2.53,2.53,0,2.53,1.27,2.53,0,NA,0.116,"ppm",NA,NA,NA,NA,NA,-0.0396,-0.000459,-0.1,-0.1,-0.00116,18.6,NA,NA,NA,NA,NA,NA,2,NA,2,NA,NA,NA,NA,NA,0,0,0,NA,NA,""
3355,3359,93249,485,2,2024-09-18 17:35:00,2024-09-18 20:07:00,"18-09-2024 17:35","18-09-2024 17:35",2.53,2.53,0,5.07,3.8,5.07,2.53,NA,0.0678,"ppm",NA,NA,NA,NA,NA,0.00364,4.23e-05,0.00922,-0.091,-0.00106,15.3,NA,NA,NA,NA,NA,NA,2,NA,2,NA,NA,NA,NA,NA,0,0,0,NA,NA,""
3355,3359,93250,486,3,2024-09-18 20:07:00,2024-09-18 22:39:00,"18-09-2024 20:07","18-09-2024 20:07",2.53,2.53,0,7.6,6.33,7.6,5.07,NA,0.0467,"ppm",NA,NA,NA,NA,NA,0.00869,0.000101,0.022,-0.069,-0.000801,12.9,NA,NA,NA,NA,NA,NA,2,NA,2,NA,NA,NA,NA,NA,0,0,0,NA,NA,""
3355,3359,93251,487,4,2024-09-18 22:39:00,2024-09-19 01:11:00,"18-09-2024 22:39","18-09-2024 22:39",2.53,2.53,0,10.1,8.87,10.1,7.6,NA,0.0561,"ppm",NA,NA,NA,NA,NA,-0.00348,-4.05e-05,-0.00883,-0.0778,-0.000904,12.2,NA,NA,NA,NA,NA,NA,2,NA,2,NA,NA,NA,NA,NA,0,0,0,NA,NA,""
3355,3359,93252,488,5,2024-09-19 01:11:00,2024-09-19 03:43:00,"19-09-2024 01:11","19-09-2024 01:11",2.53,2.53,0,12.7,11.4,12.7,10.1,NA,0.0377,"ppm",NA,NA,NA,NA,NA,-0.00284,-3.3e-05,-0.00719,-0.085,-0.000987,9.5,NA,NA,NA,NA,NA,NA,2,NA,2,NA,NA,NA,NA,NA,0,0,0,NA,NA,""
3355,3359,93253,489,6,2024-09-19 03:43:00,2024-09-19 06:15:00,"19-09-2024 03:43","19-09-2024 03:43",2.53,2.53,0,15.2,13.9,15.2,12.7,NA,0.0347,"ppm",NA,NA,NA,NA,NA,0.0146,0.00017,0.037,-0.0479,-0.000557,10,NA,NA,NA,NA,NA,NA,2,NA,2,NA,NA,NA,NA,NA,0,0,0,NA,NA,""
3355,3359,93254,490,7,2024-09-19 06:15:00,2024-09-19 08:46:00,"19-09-2024 06:15","19-09-2024 06:15",2.52,2.52,0,17.7,16.5,17.7,15.2,NA,0.0351,"ppm",NA,NA,NA,NA,NA,0.022,0.000256,0.0554,0.0075,8.72e-05,12.9,NA,NA,NA,NA,NA,NA,2,NA,2,NA,NA,NA,NA,NA,0,0,0,NA,NA,""
3355,3359,93255,491,8,2024-09-19 08:46:00,2024-09-19 11:18:00,"19-09-2024 08:46","19-09-2024 08:46",2.53,2.53,0,20.2,19,20.2,17.7,NA,0.0637,"ppm",NA,NA,NA,NA,NA,0.0631,0.000733,0.16,0.167,0.00194,16.7,NA,NA,NA,NA,NA,NA,2,NA,2,NA,NA,NA,NA,NA,0,0,0,NA,NA,""
3355,3359,93256,492,9,2024-09-19 11:18:00,2024-09-19 13:50:00,"19-09-2024 11:18","19-09-2024 11:18",2.53,2.53,0,22.8,21.5,22.8,20.2,NA,0.1,"ppm",NA,NA,NA,NA,NA,0.104,0.00121,0.263,0.43,0.005,20.5,NA,NA,NA,NA,NA,NA,2,NA,2,NA,NA,NA,NA,NA,0,0,0,NA,NA,""
3355,3359,93257,493,10,2024-09-19 13:50:00,2024-09-19 16:22:00,"19-09-2024 13:50","19-09-2024 13:50",2.53,2.53,0,25.3,24,25.3,22.8,NA,0.116,"ppm",NA,NA,NA,NA,NA,0.0963,0.00112,0.244,0.674,0.00783,21.1,NA,NA,NA,NA,NA,NA,2,NA,2,NA,NA,NA,NA,NA,0,0,0,NA,NA,""
3355,3359,93258,494,11,2024-09-19 16:22:00,2024-09-19 18:54:00,"19-09-2024 16:22","19-09-2024 16:22",2.53,2.53,0,27.8,26.6,27.8,25.3,NA,0.0768,"ppm",NA,NA,NA,NA,NA,0.0611,0.000709,0.155,0.829,0.00963,16.6,NA,NA,NA,NA,NA,NA,2,NA,2,NA,NA,NA,NA,NA,0,0,0,NA,NA,""
3355,3359,93259,495,12,2024-09-19 18:54:00,2024-09-19 21:26:00,"19-09-2024 18:54","19-09-2024 18:54",2.53,2.53,0,30.4,29.1,30.4,27.8,NA,0.0445,"ppm",NA,NA,NA,NA,NA,0.0322,0.000375,0.0817,0.911,0.0106,12.9,NA,NA,NA,NA,NA,NA,2,NA,2,NA,NA,NA,NA,NA,0,0,0,NA,NA,""
3355,3359,93260,496,13,2024-09-19 21:26:00,2024-09-19 23:58:00,"19-09-2024 21:26","19-09-2024 21:26",2.53,2.53,0,32.9,31.6,32.9,30.4,NA,0.0358,"ppm",NA,NA,NA,NA,NA,0.0253,0.000294,0.0641,0.975,0.0113,12.5,NA,NA,NA,NA,NA,NA,2,NA,2,NA,NA,NA,NA,NA,0,0,0,NA,NA,""
3355,3359,93261,497,14,2024-09-19 23:58:00,2024-09-20 02:30:00,"19-09-2024 23:58","19-09-2024 23:58",2.53,2.53,0,35.4,34.2,35.4,32.9,NA,0.0338,"ppm",NA,NA,NA,NA,NA,0.0253,0.000294,0.0642,1.04,0.0121,11.3,NA,NA,NA,NA,NA,NA,2,NA,2,NA,NA,NA,NA,NA,0,0,0,NA,NA,""
3355,3359,93262,498,15,2024-09-20 02:30:00,2024-09-20 05:02:00,"20-09-2024 02:30","20-09-2024 02:30",2.53,2.53,0,38,36.7,38,35.4,NA,0.0339,"ppm",NA,NA,NA,NA,NA,0.0257,0.000299,0.0652,1.1,0.0128,11.7,NA,NA,NA,NA,NA,NA,2,NA,2,NA,NA,NA,NA,NA,0,0,0,NA,NA,""
3355,3359,93263,499,16,2024-09-20 05:02:00,2024-09-20 07:34:00,"20-09-2024 05:02","20-09-2024 05:02",2.53,2.53,0,40.5,39.2,40.5,38,NA,0.0333,"ppm",NA,NA,NA,NA,NA,0.0293,0.00034,0.0742,1.18,0.0137,12.6,NA,NA,NA,NA,NA,NA,2,NA,2,NA,NA,NA,NA,NA,0,0,0,NA,NA,""
3355,3359,93264,500,17,2024-09-20 07:34:00,2024-09-20 10:06:00,"20-09-2024 07:34","20-09-2024 07:34",2.53,2.53,0,43,41.8,43,40.5,NA,0.0369,"ppm",NA,NA,NA,NA,NA,0.0378,0.000439,0.0957,1.27,0.0148,13.2,NA,NA,NA,NA,NA,NA,2,NA,2,NA,NA,NA,NA,NA,0,0,0,NA,NA,""
3355,3359,93265,501,18,2024-09-20 10:06:00,2024-09-20 12:38:00,"20-09-2024 10:06","20-09-2024 10:06",2.53,2.53,0,45.6,44.3,45.6,43,NA,0.0496,"ppm",NA,NA,NA,NA,NA,0.0493,0.000572,0.125,1.4,0.0162,15.3,NA,NA,NA,NA,NA,NA,2,NA,2,NA,NA,NA,NA,NA,0,0,0,NA,NA,""
3355,3359,93266,502,19,2024-09-20 12:38:00,2024-09-20 15:10:00,"20-09-2024 12:38","20-09-2024 12:38",2.53,2.53,0,48.1,46.8,48.1,45.6,NA,0.0836,"ppm",NA,NA,NA,NA,NA,0.0874,0.00101,0.221,1.62,0.0188,18.8,NA,NA,NA,NA,NA,NA,2,NA,2,NA,NA,NA,NA,NA,0,0,0,NA,NA,""
3355,3359,93267,503,20,2024-09-20 15:10:00,2024-09-20 17:42:00,"20-09-2024 15:10","20-09-2024 15:10",2.53,2.53,0,50.6,49.4,50.6,48.1,NA,0.099,"ppm",NA,NA,NA,NA,NA,0.0922,0.00107,0.234,1.85,0.0215,18.8,NA,NA,NA,NA,NA,NA,2,NA,2,NA,NA,NA,NA,NA,0,0,0,NA,NA,""
3355,3359,93268,504,21,2024-09-20 17:42:00,2024-09-20 20:13:00,"20-09-2024 17:42","20-09-2024 17:42",2.52,2.52,0,53.2,51.9,53.2,50.6,NA,0.0561,"ppm",NA,NA,NA,NA,NA,0.0449,0.000522,0.113,1.97,0.0228,14.7,NA,NA,NA,NA,NA,NA,2,NA,2,NA,NA,NA,NA,NA,0,0,0,NA,NA,""
3355,3359,93269,505,22,2024-09-20 20:13:00,2024-09-20 22:45:00,"20-09-2024 20:13","20-09-2024 20:13",2.53,2.53,0,55.7,54.4,55.7,53.2,NA,0.0388,"ppm",NA,NA,NA,NA,NA,0.0293,0.00034,0.0742,2.04,0.0237,12.9,NA,NA,NA,NA,NA,NA,2,NA,2,NA,NA,NA,NA,NA,0,0,0,NA,NA,""
3355,3359,93270,506,23,2024-09-20 22:45:00,2024-09-21 01:17:00,"20-09-2024 22:45","20-09-2024 22:45",2.53,2.53,0,58.2,57,58.2,55.7,NA,0.0349,"ppm",NA,NA,NA,NA,NA,0.0317,0.000368,0.0802,2.12,0.0246,11.7,NA,NA,NA,NA,NA,NA,2,NA,2,NA,NA,NA,NA,NA,0,0,0,NA,NA,""
3355,3359,93271,507,24,2024-09-21 01:17:00,2024-09-21 03:49:00,"21-09-2024 01:17","21-09-2024 01:17",2.53,2.53,0,60.8,59.5,60.8,58.2,NA,0.033,"ppm",NA,NA,NA,NA,NA,0.0296,0.000344,0.0751,2.2,0.0255,11.3,NA,NA,NA,NA,NA,NA,2,NA,2,NA,NA,NA,NA,NA,0,0,0,NA,NA,""
3355,3359,93272,508,25,2024-09-21 03:49:00,2024-09-21 06:21:00,"21-09-2024 03:49","21-09-2024 03:49",2.53,2.53,0,63.3,62,63.3,60.8,NA,0.0326,"ppm",NA,NA,NA,NA,NA,0.0282,0.000327,0.0714,2.27,0.0263,11.1,NA,NA,NA,NA,NA,NA,2,NA,2,NA,NA,NA,NA,NA,0,0,0,NA,NA,""
3355,3359,93273,509,26,2024-09-21 06:21:00,2024-09-21 08:53:00,"21-09-2024 06:21","21-09-2024 06:21",2.53,2.53,0,65.8,64.6,65.8,63.3,NA,0.0326,"ppm",NA,NA,NA,NA,NA,0.0308,0.000357,0.0779,2.35,0.0272,11.8,NA,NA,NA,NA,NA,NA,2,NA,2,NA,NA,NA,NA,NA,0,0,0,NA,NA,""
3355,3359,93274,510,27,2024-09-21 08:53:00,2024-09-21 11:25:00,"21-09-2024 08:53","21-09-2024 08:53",2.53,2.53,0,68.4,67.1,68.4,65.8,NA,0.047,"ppm",NA,NA,NA,NA,NA,0.0609,0.000708,0.154,2.5,0.029,16,NA,NA,NA,NA,NA,NA,2,NA,2,NA,NA,NA,NA,NA,0,0,0,NA,NA,""
3355,3359,93275,511,28,2024-09-21 11:25:00,2024-09-21 13:57:00,"21-09-2024 11:25","21-09-2024 11:25",2.53,2.53,0,70.9,69.6,70.9,68.4,NA,0.0915,"ppm",NA,NA,NA,NA,NA,0.0992,0.00115,0.251,2.75,0.032,20.2,NA,NA,NA,NA,NA,NA,2,NA,2,NA,NA,NA,NA,NA,0,0,0,NA,NA,""
3355,3359,93276,512,29,2024-09-21 13:57:00,2024-09-21 16:29:00,"21-09-2024 13:57","21-09-2024 13:57",2.53,2.53,0,73.4,72.2,73.4,70.9,NA,0.101,"ppm",NA,NA,NA,NA,NA,0.0965,0.00112,0.244,3,0.0348,20.2,NA,NA,NA,NA,NA,NA,2,NA,2,NA,NA,NA,NA,NA,0,0,0,NA,NA,""
3355,3359,93277,513,30,2024-09-21 16:29:00,2024-09-21 19:01:00,"21-09-2024 16:29","21-09-2024 16:29",2.53,2.53,0,76,74.7,76,73.4,NA,0.0682,"ppm",NA,NA,NA,NA,NA,0.0597,0.000694,0.151,3.15,0.0366,16.8,NA,NA,NA,NA,NA,NA,2,NA,2,NA,NA,NA,NA,NA,0,0,0,NA,NA,""
3355,3359,93278,514,31,2024-09-21 19:01:00,2024-09-21 21:33:00,"21-09-2024 19:01","21-09-2024 19:01",2.53,2.53,0,78.5,77.2,78.5,76,NA,0.0451,"ppm",NA,NA,NA,NA,NA,0.0288,0.000335,0.073,3.22,0.0374,13.3,NA,NA,NA,NA,NA,NA,2,NA,2,NA,NA,NA,NA,NA,0,0,0,NA,NA,""
3355,3359,93279,515,32,2024-09-21 21:33:00,2024-09-22 00:05:00,"21-09-2024 21:33","21-09-2024 21:33",2.53,2.53,0,81,79.8,81,78.5,NA,0.0325,"ppm",NA,NA,NA,NA,NA,0.0219,0.000255,0.0556,3.28,0.038,12.7,NA,NA,NA,NA,NA,NA,2,NA,2,NA,NA,NA,NA,NA,0,0,0,NA,NA,""
3355,3359,93280,516,33,2024-09-22 00:05:00,2024-09-22 02:37:00,"22-09-2024 00:05","22-09-2024 00:05",2.53,2.53,0,83.6,82.3,83.6,81,NA,0.0316,"ppm",NA,NA,NA,NA,NA,0.0215,0.00025,0.0546,3.33,0.0387,10.8,NA,NA,NA,NA,NA,NA,2,NA,2,NA,NA,NA,NA,NA,0,0,0,NA,NA,""
3355,3359,93281,517,34,2024-09-22 02:37:00,2024-09-22 05:08:00,"22-09-2024 02:37","22-09-2024 02:37",2.52,2.52,0,86.1,84.8,86.1,83.6,NA,0.029,"ppm",NA,NA,NA,NA,NA,0.0227,0.000264,0.0572,3.39,0.0393,10.8,NA,NA,NA,NA,NA,NA,2,NA,2,NA,NA,NA,NA,NA,0,0,0,NA,NA,""
3355,3359,93282,518,35,2024-09-22 05:08:00,2024-09-22 07:40:00,"22-09-2024 05:08","22-09-2024 05:08",2.53,2.53,0,88.6,87.4,88.6,86.1,NA,0.0293,"ppm",NA,NA,NA,NA,NA,0.0226,0.000262,0.0572,3.44,0.04,9.8,NA,NA,NA,NA,NA,NA,2,NA,2,NA,NA,NA,NA,NA,0,0,0,NA,NA,""
3355,3359,93283,519,36,2024-09-22 07:40:00,2024-09-22 10:12:00,"22-09-2024 07:40","22-09-2024 07:40",2.53,2.53,0,91.2,89.9,91.2,88.6,NA,0.0363,"ppm",NA,NA,NA,NA,NA,0.0472,0.000548,0.119,3.56,0.0414,14.5,NA,NA,NA,NA,NA,NA,2,NA,2,NA,NA,NA,NA,NA,0,0,0,NA,NA,""
3355,3359,93284,520,37,2024-09-22 10:12:00,2024-09-22 12:44:00,"22-09-2024 10:12","22-09-2024 10:12",2.53,2.53,0,93.7,92.4,93.7,91.2,NA,0.0699,"ppm",NA,NA,NA,NA,NA,0.0748,0.000869,0.19,3.75,0.0436,18.5,NA,NA,NA,NA,NA,NA,2,NA,2,NA,NA,NA,NA,NA,0,0,0,NA,NA,""
3355,3359,93285,521,38,2024-09-22 12:44:00,2024-09-22 15:16:00,"22-09-2024 12:44","22-09-2024 12:44",2.53,2.53,0,96.2,95,96.2,93.7,NA,0.0823,"ppm",NA,NA,NA,NA,NA,0.0882,0.00102,0.224,3.98,0.0462,19.5,NA,NA,NA,NA,NA,NA,2,NA,2,NA,NA,NA,NA,NA,0,0,0,NA,NA,""
3355,3359,93286,522,39,2024-09-22 15:16:00,2024-09-22 17:48:00,"22-09-2024 15:16","22-09-2024 15:16",2.53,2.53,0,98.8,97.5,98.8,96.2,NA,0.0716,"ppm",NA,NA,NA,NA,NA,0.0814,0.000945,0.206,4.18,0.0486,17.3,NA,NA,NA,NA,NA,NA,2,NA,2,NA,NA,NA,NA,NA,0,0,0,NA,NA,""
3355,3359,93287,523,40,2024-09-22 17:48:00,2024-09-22 20:20:00,"22-09-2024 17:48","22-09-2024 17:48",2.53,2.53,0,101,100,101,98.8,NA,0.042,"ppm",NA,NA,NA,NA,NA,0.0441,0.000513,0.112,4.3,0.0499,13.9,NA,NA,NA,NA,NA,NA,2,NA,2,NA,NA,NA,NA,NA,0,0,0,NA,NA,""
3355,3359,93288,524,41,2024-09-22 20:20:00,2024-09-22 22:52:00,"22-09-2024 20:20","22-09-2024 20:20",2.53,2.53,0,104,103,104,101,NA,0.0299,"ppm",NA,NA,NA,NA,NA,0.0268,0.000311,0.0678,4.36,0.0507,11.8,NA,NA,NA,NA,NA,NA,2,NA,2,NA,NA,NA,NA,NA,0,0,0,NA,NA,""
3355,3359,93289,525,42,2024-09-22 22:52:00,2024-09-23 01:24:00,"22-09-2024 22:52","22-09-2024 22:52",2.53,2.53,0,106,105,106,104,NA,0.0336,"ppm",NA,NA,NA,NA,NA,0.0209,0.000242,0.0529,4.42,0.0513,10.5,NA,NA,NA,NA,NA,NA,2,NA,2,NA,NA,NA,NA,NA,0,0,0,NA,NA,""
3355,3359,93290,526,43,2024-09-23 01:24:00,2024-09-23 03:56:00,"23-09-2024 01:24","23-09-2024 01:24",2.53,2.53,0,109,108,109,106,NA,0.029,"ppm",NA,NA,NA,NA,NA,0.0177,0.000206,0.0449,4.46,0.0518,8.1,NA,NA,NA,NA,NA,NA,2,NA,2,NA,NA,NA,NA,NA,0,0,0,NA,NA,""
3355,3359,93291,527,44,2024-09-23 03:56:00,2024-09-23 06:28:00,"23-09-2024 03:56","23-09-2024 03:56",2.53,2.53,0,111,110,111,109,NA,0.0265,"ppm",NA,NA,NA,NA,NA,0.0193,0.000224,0.0489,4.51,0.0524,9.6,NA,NA,NA,NA,NA,NA,2,NA,2,NA,NA,NA,NA,NA,0,0,0,NA,NA,""
3355,3359,93292,528,45,2024-09-23 06:28:00,2024-09-23 09:00:00,"23-09-2024 06:28","23-09-2024 06:28",2.53,2.53,0,114,113,114,111,NA,0.0277,"ppm",NA,NA,NA,NA,NA,0.0276,0.00032,0.0698,4.58,0.0532,12,NA,NA,NA,NA,NA,NA,2,NA,2,NA,NA,NA,NA,NA,0,0,0,NA,NA,""
3355,3359,93293,529,46,2024-09-23 09:00:00,2024-09-23 11:31:00,"23-09-2024 09:00","23-09-2024 09:00",2.52,2.52,0,116,115,116,114,NA,0.0359,"ppm",NA,NA,NA,NA,NA,0.0415,0.000482,0.105,4.68,0.0544,13.5,NA,NA,NA,NA,NA,NA,2,NA,2,NA,NA,NA,NA,NA,0,0,0,NA,NA,""
3355,3359,93294,530,47,2024-09-23 11:31:00,2024-09-23 14:03:00,"23-09-2024 11:31","23-09-2024 11:31",2.53,2.53,0,119,118,119,116,NA,0.0603,"ppm",NA,NA,NA,NA,NA,0.0563,0.000654,0.143,4.83,0.0561,17.5,NA,NA,NA,NA,NA,NA,2,NA,2,NA,NA,NA,NA,NA,0,0,0,NA,NA,""
3355,3359,93295,531,48,2024-09-23 14:03:00,2024-09-23 16:35:00,"23-09-2024 14:03","23-09-2024 14:03",2.53,2.53,0,122,120,122,119,NA,0.0634,"ppm",NA,NA,NA,NA,NA,0.0554,0.000644,0.14,4.97,0.0577,18.1,NA,NA,NA,NA,NA,NA,2,NA,2,NA,NA,NA,NA,NA,0,0,0,NA,NA,""
3355,3359,93296,532,49,2024-09-23 16:35:00,2024-09-23 19:07:00,"23-09-2024 16:35","23-09-2024 16:35",2.53,2.53,0,124,123,124,122,NA,0.0442,"ppm",NA,NA,NA,NA,NA,0.0408,0.000474,0.103,5.07,0.0589,16.1,NA,NA,NA,NA,NA,NA,2,NA,2,NA,NA,NA,NA,NA,0,0,0,NA,NA,""
3355,3359,93297,533,50,2024-09-23 19:07:00,2024-09-23 21:39:00,"23-09-2024 19:07","23-09-2024 19:07",2.53,2.53,0,127,125,127,124,NA,0.0321,"ppm",NA,NA,NA,NA,NA,0.0341,0.000395,0.0863,5.16,0.0599,15,NA,NA,NA,NA,NA,NA,2,NA,2,NA,NA,NA,NA,NA,0,0,0,NA,NA,""
3355,3359,93298,534,51,2024-09-23 21:39:00,2024-09-24 00:11:00,"23-09-2024 21:39","23-09-2024 21:39",2.53,2.53,0,129,128,129,127,NA,0.0291,"ppm",NA,NA,NA,NA,NA,0.0327,0.00038,0.0828,5.24,0.0608,14.8,NA,NA,NA,NA,NA,NA,2,NA,2,NA,NA,NA,NA,NA,0,0,0,NA,NA,""
3355,3359,93299,535,52,2024-09-24 00:11:00,2024-09-24 02:43:00,"24-09-2024 00:11","24-09-2024 00:11",2.53,2.53,0,132,130,132,129,NA,0.028,"ppm",NA,NA,NA,NA,NA,0.0346,0.000402,0.0877,5.33,0.0619,14.6,NA,NA,NA,NA,NA,NA,2,NA,2,NA,NA,NA,NA,NA,0,0,0,NA,NA,""
3355,3359,93300,536,53,2024-09-24 02:43:00,2024-09-24 05:15:00,"24-09-2024 02:43","24-09-2024 02:43",2.53,2.53,0,134,133,134,132,NA,0.0271,"ppm",NA,NA,NA,NA,NA,0.0352,0.000409,0.0892,5.42,0.0629,14.5,NA,NA,NA,NA,NA,NA,2,NA,2,NA,NA,NA,NA,NA,0,0,0,NA,NA,""
3356,3360,93301,537,1,2024-09-18 12:47:00,2024-09-18 15:19:00,"18-09-2024 12:47","18-09-2024 12:47",2.53,2.53,0,2.53,1.27,2.53,0,NA,0.116,"ppm",NA,NA,NA,NA,NA,0.642,0.00777,1.63,1.63,0.0197,20,NA,NA,NA,NA,NA,NA,2,NA,2,NA,NA,NA,NA,NA,0,0,0,NA,NA,""
3356,3360,93302,538,2,2024-09-18 15:19:00,2024-09-18 17:51:00,"18-09-2024 15:19","18-09-2024 15:19",2.53,2.53,0,5.07,3.8,5.07,2.53,NA,0.0678,"ppm",NA,NA,NA,NA,NA,0.105,0.00127,0.266,1.89,0.0229,18.6,NA,NA,NA,NA,NA,NA,2,NA,2,NA,NA,NA,NA,NA,0,0,0,NA,NA,""
3356,3360,93303,539,3,2024-09-18 17:51:00,2024-09-18 20:23:00,"18-09-2024 17:51","18-09-2024 17:51",2.53,2.53,0,7.6,6.33,7.6,5.07,NA,0.0467,"ppm",NA,NA,NA,NA,NA,0.0433,0.000524,0.11,2,0.0242,15.3,NA,NA,NA,NA,NA,NA,2,NA,2,NA,NA,NA,NA,NA,0,0,0,NA,NA,""
3356,3360,93304,540,4,2024-09-18 20:23:00,2024-09-18 22:55:00,"18-09-2024 20:23","18-09-2024 20:23",2.53,2.53,0,10.1,8.87,10.1,7.6,NA,0.0561,"ppm",NA,NA,NA,NA,NA,-0.0112,-0.000136,-0.0285,1.97,0.0239,12.9,NA,NA,NA,NA,NA,NA,2,NA,2,NA,NA,NA,NA,NA,0,0,0,NA,NA,""
3356,3360,93305,541,5,2024-09-18 22:55:00,2024-09-19 01:27:00,"18-09-2024 22:55","18-09-2024 22:55",2.53,2.53,0,12.7,11.4,12.7,10.1,NA,0.0377,"ppm",NA,NA,NA,NA,NA,-0.0223,-0.00027,-0.0566,1.92,0.0232,10.8,NA,NA,NA,NA,NA,NA,2,NA,2,NA,NA,NA,NA,NA,0,0,0,NA,NA,""
3356,3360,93306,542,6,2024-09-19 01:27:00,2024-09-19 03:59:00,"19-09-2024 01:27","19-09-2024 01:27",2.53,2.53,0,15.2,13.9,15.2,12.7,NA,0.0347,"ppm",NA,NA,NA,NA,NA,-0.00899,-0.000109,-0.0228,1.89,0.0229,9.5,NA,NA,NA,NA,NA,NA,2,NA,2,NA,NA,NA,NA,NA,0,0,0,NA,NA,""
3356,3360,93307,543,7,2024-09-19 03:59:00,2024-09-19 06:30:00,"19-09-2024 03:59","19-09-2024 03:59",2.52,2.52,0,17.7,16.5,17.7,15.2,NA,0.0351,"ppm",NA,NA,NA,NA,NA,-0.00695,-8.41e-05,-0.0175,1.88,0.0227,10.2,NA,NA,NA,NA,NA,NA,2,NA,2,NA,NA,NA,NA,NA,0,0,0,NA,NA,""
3356,3360,93308,544,8,2024-09-19 06:30:00,2024-09-19 09:02:00,"19-09-2024 06:30","19-09-2024 06:30",2.53,2.53,0,20.2,19,20.2,17.7,NA,0.0637,"ppm",NA,NA,NA,NA,NA,-0.0275,-0.000333,-0.0696,1.81,0.0219,12.9,NA,NA,NA,NA,NA,NA,2,NA,2,NA,NA,NA,NA,NA,0,0,0,NA,NA,""
3356,3360,93309,545,9,2024-09-19 09:02:00,2024-09-19 11:34:00,"19-09-2024 09:02","19-09-2024 09:02",2.53,2.53,0,22.8,21.5,22.8,20.2,NA,0.1,"ppm",NA,NA,NA,NA,NA,-0.0176,-0.000213,-0.0446,1.76,0.0213,18.7,NA,NA,NA,NA,NA,NA,2,NA,2,NA,NA,NA,NA,NA,0,0,0,NA,NA,""
3356,3360,93310,546,10,2024-09-19 11:34:00,2024-09-19 14:06:00,"19-09-2024 11:34","19-09-2024 11:34",2.53,2.53,0,25.3,24,25.3,22.8,NA,0.116,"ppm",NA,NA,NA,NA,NA,0.000315,3.82e-06,0.000799,1.76,0.0213,20.5,NA,NA,NA,NA,NA,NA,2,NA,2,NA,NA,NA,NA,NA,0,0,0,NA,NA,""
3356,3360,93311,547,11,2024-09-19 14:06:00,2024-09-19 16:38:00,"19-09-2024 14:06","19-09-2024 14:06",2.53,2.53,0,27.8,26.6,27.8,25.3,NA,0.0768,"ppm",NA,NA,NA,NA,NA,0.00305,3.69e-05,0.00773,1.77,0.0214,20.5,NA,NA,NA,NA,NA,NA,2,NA,2,NA,NA,NA,NA,NA,0,0,0,NA,NA,""
3356,3360,93312,548,12,2024-09-19 16:38:00,2024-09-19 19:10:00,"19-09-2024 16:38","19-09-2024 16:38",2.53,2.53,0,30.4,29.1,30.4,27.8,NA,0.0445,"ppm",NA,NA,NA,NA,NA,0.0109,0.000132,0.0277,1.8,0.0218,16.6,NA,NA,NA,NA,NA,NA,2,NA,2,NA,NA,NA,NA,NA,0,0,0,NA,NA,""
3356,3360,93313,549,13,2024-09-19 19:10:00,2024-09-19 21:42:00,"19-09-2024 19:10","19-09-2024 19:10",2.53,2.53,0,32.9,31.6,32.9,30.4,NA,0.0358,"ppm",NA,NA,NA,NA,NA,-0.00285,-3.45e-05,-0.00722,1.79,0.0217,12.9,NA,NA,NA,NA,NA,NA,2,NA,2,NA,NA,NA,NA,NA,0,0,0,NA,NA,""
3356,3360,93314,550,14,2024-09-19 21:42:00,2024-09-20 00:14:00,"19-09-2024 21:42","19-09-2024 21:42",2.53,2.53,0,35.4,34.2,35.4,32.9,NA,0.0338,"ppm",NA,NA,NA,NA,NA,-0.0134,-0.000162,-0.0339,1.76,0.0213,12.5,NA,NA,NA,NA,NA,NA,2,NA,2,NA,NA,NA,NA,NA,0,0,0,NA,NA,""
3356,3360,93315,551,15,2024-09-20 00:14:00,2024-09-20 02:46:00,"20-09-2024 00:14","20-09-2024 00:14",2.53,2.53,0,38,36.7,38,35.4,NA,0.0339,"ppm",NA,NA,NA,NA,NA,-0.0158,-0.000191,-0.0399,1.72,0.0208,11.3,NA,NA,NA,NA,NA,NA,2,NA,2,NA,NA,NA,NA,NA,0,0,0,NA,NA,""
3356,3360,93316,552,16,2024-09-20 02:46:00,2024-09-20 05:18:00,"20-09-2024 02:46","20-09-2024 02:46",2.53,2.53,0,40.5,39.2,40.5,38,NA,0.0333,"ppm",NA,NA,NA,NA,NA,-0.0153,-0.000186,-0.0388,1.68,0.0203,11.7,NA,NA,NA,NA,NA,NA,2,NA,2,NA,NA,NA,NA,NA,0,0,0,NA,NA,""
3356,3360,93317,553,17,2024-09-20 05:18:00,2024-09-20 07:50:00,"20-09-2024 05:18","20-09-2024 05:18",2.53,2.53,0,43,41.8,43,40.5,NA,0.0369,"ppm",NA,NA,NA,NA,NA,-0.015,-0.000182,-0.038,1.64,0.0199,12.6,NA,NA,NA,NA,NA,NA,2,NA,2,NA,NA,NA,NA,NA,0,0,0,NA,NA,""
3356,3360,93318,554,18,2024-09-20 07:50:00,2024-09-20 10:22:00,"20-09-2024 07:50","20-09-2024 07:50",2.53,2.53,0,45.6,44.3,45.6,43,NA,0.0496,"ppm",NA,NA,NA,NA,NA,-0.0203,-0.000246,-0.0515,1.59,0.0192,13.2,NA,NA,NA,NA,NA,NA,2,NA,2,NA,NA,NA,NA,NA,0,0,0,NA,NA,""
3356,3360,93319,555,19,2024-09-20 10:22:00,2024-09-20 12:54:00,"20-09-2024 10:22","20-09-2024 10:22",2.53,2.53,0,48.1,46.8,48.1,45.6,NA,0.0836,"ppm",NA,NA,NA,NA,NA,-0.0313,-0.000379,-0.0793,1.51,0.0183,15.3,NA,NA,NA,NA,NA,NA,2,NA,2,NA,NA,NA,NA,NA,0,0,0,NA,NA,""
3356,3360,93320,556,20,2024-09-20 12:54:00,2024-09-20 15:26:00,"20-09-2024 12:54","20-09-2024 12:54",2.53,2.53,0,50.6,49.4,50.6,48.1,NA,0.099,"ppm",NA,NA,NA,NA,NA,-0.0275,-0.000334,-0.0698,1.44,0.0174,19.5,NA,NA,NA,NA,NA,NA,2,NA,2,NA,NA,NA,NA,NA,0,0,0,NA,NA,""
3356,3360,93321,557,21,2024-09-20 15:26:00,2024-09-20 17:58:00,"20-09-2024 15:26","20-09-2024 15:26",2.53,2.53,0,53.2,51.9,53.2,50.6,NA,0.0561,"ppm",NA,NA,NA,NA,NA,0.0088,0.000107,0.0223,1.46,0.0177,18.8,NA,NA,NA,NA,NA,NA,2,NA,2,NA,NA,NA,NA,NA,0,0,0,NA,NA,""
3356,3360,93322,558,22,2024-09-20 17:58:00,2024-09-20 20:29:00,"20-09-2024 17:58","20-09-2024 17:58",2.52,2.52,0,55.7,54.4,55.7,53.2,NA,0.0388,"ppm",NA,NA,NA,NA,NA,0.0124,0.000151,0.0313,1.49,0.0181,13.8,NA,NA,NA,NA,NA,NA,2,NA,2,NA,NA,NA,NA,NA,0,0,0,NA,NA,""
3356,3360,93323,559,23,2024-09-20 20:29:00,2024-09-20 23:01:00,"20-09-2024 20:29","20-09-2024 20:29",2.53,2.53,0,58.2,57,58.2,55.7,NA,0.0349,"ppm",NA,NA,NA,NA,NA,-0.0102,-0.000123,-0.0258,1.47,0.0178,12.9,NA,NA,NA,NA,NA,NA,2,NA,2,NA,NA,NA,NA,NA,0,0,0,NA,NA,""
3356,3360,93324,560,24,2024-09-20 23:01:00,2024-09-21 01:33:00,"20-09-2024 23:01","20-09-2024 23:01",2.53,2.53,0,60.8,59.5,60.8,58.2,NA,0.033,"ppm",NA,NA,NA,NA,NA,-0.00921,-0.000112,-0.0233,1.44,0.0175,11.5,NA,NA,NA,NA,NA,NA,2,NA,2,NA,NA,NA,NA,NA,0,0,0,NA,NA,""
3356,3360,93325,561,25,2024-09-21 01:33:00,2024-09-21 04:05:00,"21-09-2024 01:33","21-09-2024 01:33",2.53,2.53,0,63.3,62,63.3,60.8,NA,0.0326,"ppm",NA,NA,NA,NA,NA,-0.00857,-0.000104,-0.0217,1.42,0.0172,11.3,NA,NA,NA,NA,NA,NA,2,NA,2,NA,NA,NA,NA,NA,0,0,0,NA,NA,""
3356,3360,93326,562,26,2024-09-21 04:05:00,2024-09-21 06:37:00,"21-09-2024 04:05","21-09-2024 04:05",2.53,2.53,0,65.8,64.6,65.8,63.3,NA,0.0326,"ppm",NA,NA,NA,NA,NA,-0.0078,-9.44e-05,-0.0198,1.4,0.017,10.9,NA,NA,NA,NA,NA,NA,2,NA,2,NA,NA,NA,NA,NA,0,0,0,NA,NA,""
3356,3360,93327,563,27,2024-09-21 06:37:00,2024-09-21 09:09:00,"21-09-2024 06:37","21-09-2024 06:37",2.53,2.53,0,68.4,67.1,68.4,65.8,NA,0.047,"ppm",NA,NA,NA,NA,NA,-0.0147,-0.000177,-0.0371,1.37,0.0165,11.8,NA,NA,NA,NA,NA,NA,2,NA,2,NA,NA,NA,NA,NA,0,0,0,NA,NA,""
3356,3360,93328,564,28,2024-09-21 09:09:00,2024-09-21 11:41:00,"21-09-2024 09:09","21-09-2024 09:09",2.53,2.53,0,70.9,69.6,70.9,68.4,NA,0.0915,"ppm",NA,NA,NA,NA,NA,-0.00796,-9.64e-05,-0.0202,1.35,0.0163,16,NA,NA,NA,NA,NA,NA,2,NA,2,NA,NA,NA,NA,NA,0,0,0,NA,NA,""
3356,3360,93329,565,29,2024-09-21 11:41:00,2024-09-21 14:13:00,"21-09-2024 11:41","21-09-2024 11:41",2.53,2.53,0,73.4,72.2,73.4,70.9,NA,0.101,"ppm",NA,NA,NA,NA,NA,0.00702,8.5e-05,0.0178,1.36,0.0165,20.2,NA,NA,NA,NA,NA,NA,2,NA,2,NA,NA,NA,NA,NA,0,0,0,NA,NA,""
3356,3360,93330,566,30,2024-09-21 14:13:00,2024-09-21 16:45:00,"21-09-2024 14:13","21-09-2024 14:13",2.53,2.53,0,76,74.7,76,73.4,NA,0.0682,"ppm",NA,NA,NA,NA,NA,0.0124,0.00015,0.0314,1.39,0.0169,20.2,NA,NA,NA,NA,NA,NA,2,NA,2,NA,NA,NA,NA,NA,0,0,0,NA,NA,""
3356,3360,93331,567,31,2024-09-21 16:45:00,2024-09-21 19:17:00,"21-09-2024 16:45","21-09-2024 16:45",2.53,2.53,0,78.5,77.2,78.5,76,NA,0.0451,"ppm",NA,NA,NA,NA,NA,0.005,6.05e-05,0.0127,1.41,0.017,16.8,NA,NA,NA,NA,NA,NA,2,NA,2,NA,NA,NA,NA,NA,0,0,0,NA,NA,""
3356,3360,93332,568,32,2024-09-21 19:17:00,2024-09-21 21:49:00,"21-09-2024 19:17","21-09-2024 19:17",2.53,2.53,0,81,79.8,81,78.5,NA,0.0325,"ppm",NA,NA,NA,NA,NA,-0.00797,-9.65e-05,-0.0202,1.39,0.0168,13.3,NA,NA,NA,NA,NA,NA,2,NA,2,NA,NA,NA,NA,NA,0,0,0,NA,NA,""
3356,3360,93333,569,33,2024-09-21 21:49:00,2024-09-22 00:21:00,"21-09-2024 21:49","21-09-2024 21:49",2.53,2.53,0,83.6,82.3,83.6,81,NA,0.0316,"ppm",NA,NA,NA,NA,NA,-0.0137,-0.000166,-0.0348,1.35,0.0164,12.7,NA,NA,NA,NA,NA,NA,2,NA,2,NA,NA,NA,NA,NA,0,0,0,NA,NA,""
3356,3360,93334,570,34,2024-09-22 00:21:00,2024-09-22 02:52:00,"22-09-2024 00:21","22-09-2024 00:21",2.52,2.52,0,86.1,84.8,86.1,83.6,NA,0.029,"ppm",NA,NA,NA,NA,NA,-0.0169,-0.000205,-0.0426,1.31,0.0159,10.8,NA,NA,NA,NA,NA,NA,2,NA,2,NA,NA,NA,NA,NA,0,0,0,NA,NA,""
3356,3360,93335,571,35,2024-09-22 02:52:00,2024-09-22 05:24:00,"22-09-2024 02:52","22-09-2024 02:52",2.53,2.53,0,88.6,87.4,88.6,86.1,NA,0.0293,"ppm",NA,NA,NA,NA,NA,-0.0151,-0.000183,-0.0383,1.27,0.0154,10.8,NA,NA,NA,NA,NA,NA,2,NA,2,NA,NA,NA,NA,NA,0,0,0,NA,NA,""
3356,3360,93336,572,36,2024-09-22 05:24:00,2024-09-22 07:56:00,"22-09-2024 05:24","22-09-2024 05:24",2.53,2.53,0,91.2,89.9,91.2,88.6,NA,0.0363,"ppm",NA,NA,NA,NA,NA,-0.0225,-0.000273,-0.0571,1.21,0.0147,9.8,NA,NA,NA,NA,NA,NA,2,NA,2,NA,NA,NA,NA,NA,0,0,0,NA,NA,""
3356,3360,93337,573,37,2024-09-22 07:56:00,2024-09-22 10:28:00,"22-09-2024 07:56","22-09-2024 07:56",2.53,2.53,0,93.7,92.4,93.7,91.2,NA,0.0699,"ppm",NA,NA,NA,NA,NA,-0.00105,-1.27e-05,-0.00265,1.21,0.0147,15.6,NA,NA,NA,NA,NA,NA,2,NA,2,NA,NA,NA,NA,NA,0,0,0,NA,NA,""
3356,3360,93338,574,38,2024-09-22 10:28:00,2024-09-22 13:00:00,"22-09-2024 10:28","22-09-2024 10:28",2.53,2.53,0,96.2,95,96.2,93.7,NA,0.0823,"ppm",NA,NA,NA,NA,NA,0.0143,0.000173,0.0363,1.25,0.0151,18.5,NA,NA,NA,NA,NA,NA,2,NA,2,NA,NA,NA,NA,NA,0,0,0,NA,NA,""
3356,3360,93339,575,39,2024-09-22 13:00:00,2024-09-22 15:32:00,"22-09-2024 13:00","22-09-2024 13:00",2.53,2.53,0,98.8,97.5,98.8,96.2,NA,0.0716,"ppm",NA,NA,NA,NA,NA,0.00226,2.74e-05,0.00573,1.25,0.0152,19.4,NA,NA,NA,NA,NA,NA,2,NA,2,NA,NA,NA,NA,NA,0,0,0,NA,NA,""
3356,3360,93340,576,40,2024-09-22 15:32:00,2024-09-22 18:04:00,"22-09-2024 15:32","22-09-2024 15:32",2.53,2.53,0,101,100,101,98.8,NA,0.042,"ppm",NA,NA,NA,NA,NA,0.0124,0.000151,0.0315,1.29,0.0156,17.3,NA,NA,NA,NA,NA,NA,2,NA,2,NA,NA,NA,NA,NA,0,0,0,NA,NA,""
3356,3360,93341,577,41,2024-09-22 18:04:00,2024-09-22 20:36:00,"22-09-2024 18:04","22-09-2024 18:04",2.53,2.53,0,104,103,104,101,NA,0.0299,"ppm",NA,NA,NA,NA,NA,0.00506,6.13e-05,0.0128,1.3,0.0157,12.7,NA,NA,NA,NA,NA,NA,2,NA,2,NA,NA,NA,NA,NA,0,0,0,NA,NA,""
3356,3360,93342,578,42,2024-09-22 20:36:00,2024-09-22 23:08:00,"22-09-2024 20:36","22-09-2024 20:36",2.53,2.53,0,106,105,106,104,NA,0.0336,"ppm",NA,NA,NA,NA,NA,-0.0179,-0.000217,-0.0453,1.25,0.0152,11.8,NA,NA,NA,NA,NA,NA,2,NA,2,NA,NA,NA,NA,NA,0,0,0,NA,NA,""
3356,3360,93343,579,43,2024-09-22 23:08:00,2024-09-23 01:40:00,"22-09-2024 23:08","22-09-2024 23:08",2.53,2.53,0,109,108,109,106,NA,0.029,"ppm",NA,NA,NA,NA,NA,-0.021,-0.000255,-0.0533,1.2,0.0145,9.6,NA,NA,NA,NA,NA,NA,2,NA,2,NA,NA,NA,NA,NA,0,0,0,NA,NA,""
3356,3360,93344,580,44,2024-09-23 01:40:00,2024-09-23 04:12:00,"23-09-2024 01:40","23-09-2024 01:40",2.53,2.53,0,111,110,111,109,NA,0.0265,"ppm",NA,NA,NA,NA,NA,-0.0159,-0.000193,-0.0403,1.16,0.014,8.1,NA,NA,NA,NA,NA,NA,2,NA,2,NA,NA,NA,NA,NA,0,0,0,NA,NA,""
3356,3360,93345,581,45,2024-09-23 04:12:00,2024-09-23 06:44:00,"23-09-2024 04:12","23-09-2024 04:12",2.53,2.53,0,114,113,114,111,NA,0.0277,"ppm",NA,NA,NA,NA,NA,-0.0163,-0.000198,-0.0414,1.12,0.0135,9.6,NA,NA,NA,NA,NA,NA,2,NA,2,NA,NA,NA,NA,NA,0,0,0,NA,NA,""
3356,3360,93346,582,46,2024-09-23 06:44:00,2024-09-23 09:16:00,"23-09-2024 06:44","23-09-2024 06:44",2.53,2.53,0,116,115,116,114,NA,0.0359,"ppm",NA,NA,NA,NA,NA,-0.0174,-0.000211,-0.0441,1.07,0.013,12,NA,NA,NA,NA,NA,NA,2,NA,2,NA,NA,NA,NA,NA,0,0,0,NA,NA,""
3356,3360,93347,583,47,2024-09-23 09:16:00,2024-09-23 11:47:00,"23-09-2024 09:16","23-09-2024 09:16",2.52,2.52,0,119,118,119,116,NA,0.0603,"ppm",NA,NA,NA,NA,NA,-0.0219,-0.000265,-0.0552,1.02,0.0123,13.5,NA,NA,NA,NA,NA,NA,2,NA,2,NA,NA,NA,NA,NA,0,0,0,NA,NA,""
3356,3360,93348,584,48,2024-09-23 11:47:00,2024-09-23 14:19:00,"23-09-2024 11:47","23-09-2024 11:47",2.53,2.53,0,122,120,122,119,NA,0.0634,"ppm",NA,NA,NA,NA,NA,0.0549,0.000665,0.139,1.16,0.014,17.5,NA,NA,NA,NA,NA,NA,2,NA,2,NA,NA,NA,NA,NA,0,0,0,NA,NA,""
3356,3360,93349,585,49,2024-09-23 14:19:00,2024-09-23 16:51:00,"23-09-2024 14:19","23-09-2024 14:19",2.53,2.53,0,124,123,124,122,NA,0.0442,"ppm",NA,NA,NA,NA,NA,0.0853,0.00103,0.216,1.37,0.0166,18.1,NA,NA,NA,NA,NA,NA,2,NA,2,NA,NA,NA,NA,NA,0,0,0,NA,NA,""
3356,3360,93350,586,50,2024-09-23 16:51:00,2024-09-23 19:23:00,"23-09-2024 16:51","23-09-2024 16:51",2.53,2.53,0,127,125,127,124,NA,0.0321,"ppm",NA,NA,NA,NA,NA,0.0194,0.000235,0.0491,1.42,0.0172,16.1,NA,NA,NA,NA,NA,NA,2,NA,2,NA,NA,NA,NA,NA,0,0,0,NA,NA,""
3356,3360,93351,587,51,2024-09-23 19:23:00,2024-09-23 21:55:00,"23-09-2024 19:23","23-09-2024 19:23",2.53,2.53,0,129,128,129,127,NA,0.0291,"ppm",NA,NA,NA,NA,NA,0.00136,1.65e-05,0.00345,1.43,0.0173,15,NA,NA,NA,NA,NA,NA,2,NA,2,NA,NA,NA,NA,NA,0,0,0,NA,NA,""
3356,3360,93352,588,52,2024-09-23 21:55:00,2024-09-24 00:27:00,"23-09-2024 21:55","23-09-2024 21:55",2.53,2.53,0,132,130,132,129,NA,0.028,"ppm",NA,NA,NA,NA,NA,-0.00245,-2.97e-05,-0.00621,1.42,0.0172,14.9,NA,NA,NA,NA,NA,NA,2,NA,2,NA,NA,NA,NA,NA,0,0,0,NA,NA,""
3356,3360,93353,589,53,2024-09-24 00:27:00,2024-09-24 02:59:00,"24-09-2024 00:27","24-09-2024 00:27",2.53,2.53,0,134,133,134,132,NA,0.0271,"ppm",NA,NA,NA,NA,NA,-0.00345,-4.17e-05,-0.00873,1.41,0.0171,14.6,NA,NA,NA,NA,NA,NA,2,NA,2,NA,NA,NA,NA,NA,0,0,0,NA,NA,""
3356,3360,93354,590,54,2024-09-24 02:59:00,2024-09-24 05:31:00,"24-09-2024 02:59","24-09-2024 02:59",2.53,2.53,0,137,135,137,134,NA,0.0247,"ppm",NA,NA,NA,NA,NA,-0.00304,-3.68e-05,-0.00769,1.4,0.017,14.2,NA,NA,NA,NA,NA,NA,2,NA,2,NA,NA,NA,NA,NA,0,0,0,NA,NA,""
3357,3361,93355,858,1,2024-09-18 12:30:00,2024-09-18 13:00:00,"18-09-2024 12:30","18-09-2024 12:30",0.5,0.5,0,0.5,0.25,0.5,0,NA,3.34,"µg/m3",-8.4,0.195,0.029,103000,"Pa",0.324,0.00372,0.162,0.162,0.00186,19.7,14.6,NA,NA,555,2.04,2.04,2,"0.1",2,"Field",NA,NA,NA,NA,0,0,0,60.6,NA,""
3357,3361,93356,859,2,2024-09-18 13:00:00,2024-09-18 13:30:00,"18-09-2024 13:00","18-09-2024 13:00",0.5,0.5,0,1,0.75,1,0.5,NA,4.17,"µg/m3",-11.6,0.219,0.0543,103000,"Pa",0.331,0.0038,0.166,0.328,0.00376,19.7,14.6,NA,NA,555,1.94,1.94,2,"0.1",2,"Field",NA,NA,NA,NA,0,0,0,60.6,NA,""
3357,3361,93357,860,3,2024-09-18 13:30:00,2024-09-18 14:00:00,"18-09-2024 13:30","18-09-2024 13:30",0.5,0.5,0,1.5,1.25,1.5,1,NA,4.82,"µg/m3",-11.7,0.216,0.0578,103000,"Pa",0.559,0.00642,0.28,0.607,0.00697,19.8,14.7,NA,NA,519,1.89,1.89,2,"0.1",2,"Field",NA,NA,NA,NA,0,0,0,59,NA,""
3357,3361,93358,861,4,2024-09-18 14:00:00,2024-09-18 14:30:00,"18-09-2024 14:00","18-09-2024 14:00",0.5,0.5,0,2,1.75,2,1.5,NA,4.15,"µg/m3",-13.1,0.22,0.057,103000,"Pa",0.506,0.00581,0.253,0.86,0.00987,20,14.8,NA,NA,484,1.93,1.93,2,"0.1",2,"Field",NA,NA,NA,NA,0,0,0,57.4,NA,""
3357,3361,93359,862,5,2024-09-18 14:30:00,2024-09-18 15:00:00,"18-09-2024 14:30","18-09-2024 14:30",0.5,0.5,0,2.5,2.25,2.5,2,NA,3.35,"µg/m3",-17.6,0.231,0.0864,103000,"Pa",0.442,0.00507,0.221,1.08,0.0124,20,14.9,NA,NA,429,1.78,1.78,2,"0.1",2,"Field",NA,NA,NA,NA,0,0,0,58.8,NA,""
3357,3361,93360,863,6,2024-09-18 15:00:00,2024-09-18 15:30:00,"18-09-2024 15:00","18-09-2024 15:00",0.5,0.5,0,3,2.75,3,2.5,NA,3.59,"µg/m3",-16.6,0.225,0.0458,103000,"Pa",0.506,0.0058,0.253,1.33,0.0153,19.9,15,NA,NA,374,2.1,2.1,2,"0.1",2,"Field",NA,NA,NA,NA,0,0,0,60.1,NA,""
3357,3361,93361,864,7,2024-09-18 15:30:00,2024-09-18 16:00:00,"18-09-2024 15:30","18-09-2024 15:30",0.5,0.5,0,3.5,3.25,3.5,3,NA,2.99,"µg/m3",-26.2,0.254,0.0585,103000,"Pa",0.347,0.00399,0.174,1.51,0.0173,19.8,15.1,NA,NA,308,2.21,2.21,2,"0.1",2,"Field",NA,NA,NA,NA,0,0,0,62.4,NA,""
3357,3361,93362,865,8,2024-09-18 16:00:00,2024-09-18 16:30:00,"18-09-2024 16:00","18-09-2024 16:00",0.5,0.5,0,4,3.75,4,3.5,NA,2.62,"µg/m3",-26.9,0.215,0.0164,103000,"Pa",0.752,0.00863,0.376,1.88,0.0216,19.6,15.2,NA,NA,241,2.56,2.56,2,"0.1",2,"Field",NA,NA,NA,NA,0,0,0,64.6,NA,""
3357,3361,93363,866,9,2024-09-18 16:30:00,2024-09-18 17:00:00,"18-09-2024 16:30","18-09-2024 16:30",0.5,0.5,0,4.5,4.25,4.5,4,NA,2.91,"µg/m3",-15.5,0.172,0.0307,103000,"Pa",0.224,0.00257,0.112,2,0.0229,19.1,15.2,NA,NA,174,1.77,1.77,2,"0.1",2,"Field",NA,NA,NA,NA,0,0,0,66.9,NA,""
3357,3361,93364,867,10,2024-09-18 17:00:00,2024-09-18 17:30:00,"18-09-2024 17:00","18-09-2024 17:00",0.5,0.5,0,5,4.75,5,4.5,NA,2.9,"µg/m3",-22.7,0.169,0.0335,103000,"Pa",0.192,0.0022,0.0958,2.09,0.024,18.6,15.3,NA,NA,107,1.7,1.7,2,"0.1",2,"Field",NA,NA,NA,NA,0,0,0,69.2,NA,""
3357,3361,93365,868,11,2024-09-18 17:30:00,2024-09-18 18:00:00,"18-09-2024 17:30","18-09-2024 17:30",0.5,0.5,0,5.5,5.25,5.5,5,NA,2.63,"µg/m3",-81,0.163,0.0543,103000,"Pa",0.105,0.0012,0.0523,2.14,0.0246,17.8,15.4,NA,NA,61.5,1.45,1.45,2,"0.1",2,"Field",NA,NA,NA,NA,0,0,0,74.8,NA,""
3357,3361,93366,869,12,2024-09-18 18:00:00,2024-09-18 18:30:00,"18-09-2024 18:00","18-09-2024 18:00",0.5,0.5,0,6,5.75,6,5.5,NA,2.29,"µg/m3",59.3,0.141,0.018,103000,"Pa",0.136,0.00156,0.0678,2.21,0.0254,17,15.4,NA,NA,15.7,1.64,1.64,2,"0.1",2,"Field",NA,NA,NA,NA,0,0,0,80.5,NA,""
3357,3361,93367,870,13,2024-09-18 18:30:00,2024-09-18 19:00:00,"18-09-2024 18:30","18-09-2024 18:30",0.5,0.5,0,6.5,6.25,6.5,6,NA,2.14,"µg/m3",15.1,0.131,0.0266,103000,"Pa",0.0991,0.00114,0.0495,2.26,0.0259,16.2,15.4,NA,NA,7.85,1.4,1.4,2,"0.1",2,"Field",NA,NA,NA,NA,0,0,0,84.2,NA,""
3357,3361,93368,871,14,2024-09-18 19:00:00,2024-09-18 19:30:00,"18-09-2024 19:00","18-09-2024 19:00",0.5,0.5,0,7,6.75,7,6.5,NA,2.23,"µg/m3",8.4,0.104,0.0271,103000,"Pa",0.0907,0.00104,0.0453,2.31,0.0265,15.3,15.4,NA,NA,0,1.11,1.11,2,"0.1",2,"Field",NA,NA,NA,NA,0,0,0,88,NA,""
3357,3361,93369,872,15,2024-09-18 19:30:00,2024-09-18 20:00:00,"18-09-2024 19:30","18-09-2024 19:30",0.5,0.5,0,7.5,7.25,7.5,7,NA,2.15,"µg/m3",18.3,0.16,0.0415,103000,"Pa",0.0528,0.000606,0.0264,2.33,0.0268,14.8,15.4,NA,NA,0,1.53,1.53,2,"0.1",2,"Field",NA,NA,NA,NA,0,0,0,90.2,NA,""
3357,3361,93370,873,16,2024-09-18 20:00:00,2024-09-18 20:30:00,"18-09-2024 20:00","18-09-2024 20:00",0.5,0.5,0,8,7.75,8,7.5,NA,2.31,"µg/m3",9.8,0.109,0.0202,103000,"Pa",0.0575,0.00066,0.0287,2.36,0.0271,14.2,15.4,NA,NA,0,1.24,1.24,2,"0.1",2,"Field",NA,NA,NA,NA,0,0,0,92.5,NA,""
3357,3361,93371,874,17,2024-09-18 20:30:00,2024-09-18 21:00:00,"18-09-2024 20:30","18-09-2024 20:30",0.5,0.5,0,8.5,8.25,8.5,8,NA,2.34,"µg/m3",7.6,0.0988,0.0444,103000,"Pa",0.019,0.000218,0.0095,2.37,0.0272,13.8,15.4,NA,NA,0.05,0.928,0.928,2,"0.1",2,"Field",NA,NA,NA,NA,0,0,0,93.2,NA,""
3357,3361,93372,875,18,2024-09-18 21:00:00,2024-09-18 21:30:00,"18-09-2024 21:00","18-09-2024 21:00",0.5,0.5,0,9,8.75,9,8.5,NA,2.49,"µg/m3",5.7,0.0864,0.0272,103000,"Pa",0.0212,0.000243,0.0106,2.38,0.0273,13.5,15.3,NA,NA,0.1,0.917,0.917,2,"0.1",2,"Field",NA,NA,NA,NA,0,0,0,94,NA,""
3357,3361,93373,876,19,2024-09-18 21:30:00,2024-09-18 22:00:00,"18-09-2024 21:30","18-09-2024 21:30",0.5,0.5,0,9.5,9.25,9.5,9,NA,4.59,"µg/m3",3.6,0.0674,0.0264,103000,"Pa",0.0233,0.000268,0.0117,2.39,0.0275,13.2,15.2,NA,NA,0.15,0.72,0.72,2,"0.1",2,"Field",NA,NA,NA,NA,0,0,0,94.4,NA,""
3357,3361,93374,877,20,2024-09-18 22:00:00,2024-09-18 22:30:00,"18-09-2024 22:00","18-09-2024 22:00",0.5,0.5,0,10,9.75,10,9.5,NA,6.71,"µg/m3",NA,0.0349,0.0409,103000,"Pa",0.0255,0.000292,0.0127,2.41,0.0276,12.9,15.2,NA,NA,0.2,0.335,0.335,2,"0.1",2,"Field",NA,NA,NA,NA,0,0,0,94.9,NA,""
3357,3361,93375,878,21,2024-09-18 22:30:00,2024-09-18 23:00:00,"18-09-2024 22:30","18-09-2024 22:30",0.5,0.5,0,10.5,10.2,10.5,10,NA,5.39,"µg/m3",-44.6,0.0582,0.592,103000,"Pa",0.0276,0.000317,0.0138,2.42,0.0278,12.4,15.2,NA,NA,0.6,0.17,0.17,2,"0.1",2,"Field",NA,NA,NA,NA,0,0,0,95.2,NA,""
3357,3361,93376,879,22,2024-09-18 23:00:00,2024-09-18 23:30:00,"18-09-2024 23:00","18-09-2024 23:00",0.5,0.5,0,11,10.8,11,10.5,NA,5,"µg/m3",NA,0.0168,0.000342,103000,"Pa",0.0298,0.000342,0.0149,2.43,0.0279,11.9,15.1,NA,NA,1,0.361,0.361,2,"0.1",2,"Field",NA,NA,NA,NA,0,0,0,95.4,NA,""
3357,3361,93377,880,23,2024-09-18 23:30:00,2024-09-19,"18-09-2024 23:30","18-09-2024 23:30",0.5,0.5,0,11.5,11.2,11.5,11,NA,3.89,"µg/m3",2.4,0.0192,0.261,103000,"Pa",0.032,0.000367,0.016,2.45,0.0281,12,15,NA,NA,0.55,0.0952,0.0952,2,"0.1",2,"Field",NA,NA,NA,NA,0,0,0,96.1,NA,""
3357,3361,93378,881,24,2024-09-19,2024-09-19 00:30:00,"19-09-2024 00:00","19-09-2024 00:00",0.5,0.5,0,12,11.8,12,11.5,NA,3.47,"µg/m3",NA,0.0232,0.00422,103000,"Pa",0.0341,0.000391,0.0171,2.47,0.0283,12.2,15,NA,NA,0.1,0.354,0.354,2,"0.1",2,"Field",NA,NA,NA,NA,0,0,0,96.8,NA,""
3357,3361,93379,882,25,2024-09-19 00:30:00,2024-09-19 01:00:00,"19-09-2024 00:30","19-09-2024 00:30",0.5,0.5,0,12.5,12.2,12.5,12,NA,2.9,"µg/m3",NA,0.0134,0.000221,103000,"Pa",0.0363,0.000416,0.0181,2.49,0.0285,11.5,15,NA,NA,0.05,0.304,0.304,2,"0.1",2,"Field",NA,NA,NA,NA,0,0,0,96.5,NA,""
3357,3361,93380,883,26,2024-09-19 01:00:00,2024-09-19 01:30:00,"19-09-2024 01:00","19-09-2024 01:00",0.5,0.5,0,13,12.8,13,12.5,NA,2.82,"µg/m3",NA,0.0157,0.00826,103000,"Pa",0.0384,0.000441,0.0192,2.5,0.0287,10.8,14.9,NA,NA,0,0.213,0.213,2,"0.1",2,"Field",NA,NA,NA,NA,0,0,0,96.2,NA,""
3357,3361,93381,884,27,2024-09-19 01:30:00,2024-09-19 02:00:00,"19-09-2024 01:30","19-09-2024 01:30",0.5,0.5,0,13.5,13.2,13.5,13,NA,2.74,"µg/m3",NA,0.026,0.0728,103000,"Pa",0.0406,0.000466,0.0203,2.53,0.029,10.5,14.8,NA,NA,0.05,0.212,0.212,2,"0.1",2,"Field",NA,NA,NA,NA,0,0,0,96.2,NA,""
3357,3361,93382,885,28,2024-09-19 02:00:00,2024-09-19 02:30:00,"19-09-2024 02:00","19-09-2024 02:00",0.5,0.5,0,14,13.8,14,13.5,NA,3.79,"µg/m3",-5,0.0394,0.696,103000,"Pa",0.0428,0.000491,0.0214,2.55,0.0292,10.2,14.8,NA,NA,0.1,0.0988,0.0988,2,"0.1",2,"Field",NA,NA,NA,NA,0,0,0,96.1,NA,""
3357,3361,93383,886,29,2024-09-19 02:30:00,2024-09-19 03:00:00,"19-09-2024 02:30","19-09-2024 02:30",0.5,0.5,0,14.5,14.2,14.5,14,NA,4.78,"µg/m3",5.5,0.0269,0.177,103000,"Pa",0.0449,0.000515,0.0225,2.57,0.0295,9.85,14.8,NA,NA,0.05,0.16,0.16,2,"0.1",2,"Field",NA,NA,NA,NA,0,0,0,96.2,NA,""
3357,3361,93384,887,30,2024-09-19 03:00:00,2024-09-19 03:30:00,"19-09-2024 03:00","19-09-2024 03:00",0.5,0.5,0,15,14.8,15,14.5,NA,5.28,"µg/m3",-7.5,0.0211,0.164,103000,"Pa",0.0471,0.00054,0.0235,2.59,0.0297,9.5,14.7,NA,NA,0,0.129,0.129,2,"0.1",2,"Field",NA,NA,NA,NA,0,0,0,96.4,NA,""
3357,3361,93385,888,31,2024-09-19 03:30:00,2024-09-19 04:00:00,"19-09-2024 03:30","19-09-2024 03:30",0.5,0.5,0,15.5,15.2,15.5,15,NA,4.76,"µg/m3",32,0.042,0.0247,103000,"Pa",0.0492,0.000565,0.0246,2.62,0.03,9.6,14.6,NA,NA,0.4,0.456,0.456,2,"0.1",2,"Field",NA,NA,NA,NA,0,0,0,96.6,NA,""
3357,3361,93386,889,32,2024-09-19 04:00:00,2024-09-19 04:30:00,"19-09-2024 04:00","19-09-2024 04:00",0.5,0.5,0,16,15.8,16,15.5,NA,5.34,"µg/m3",NA,0.00688,3.65e-10,103000,"Pa",0.0418,0.00048,0.0209,2.64,0.0303,9.7,14.6,NA,NA,0.8,0.385,0.385,2,"0.1",2,"Field",NA,NA,NA,NA,0,0,0,96.9,NA,""
3357,3361,93387,890,33,2024-09-19 04:30:00,2024-09-19 05:00:00,"19-09-2024 04:30","19-09-2024 04:30",0.5,0.5,0,16.5,16.2,16.5,16,NA,4.92,"µg/m3",NA,0.0108,0.0036,103000,"Pa",0.0343,0.000394,0.0172,2.66,0.0305,9.85,14.6,NA,NA,0.45,0.169,0.169,2,"0.1",2,"Field",NA,NA,NA,NA,0,0,0,97.2,NA,""
3357,3361,93388,891,34,2024-09-19 05:00:00,2024-09-19 05:30:00,"19-09-2024 05:00","19-09-2024 05:00",0.5,0.5,0,17,16.8,17,16.5,NA,4.34,"µg/m3",NA,0.0175,0.0137,103000,"Pa",0.0269,0.000308,0.0134,2.67,0.0306,10,14.5,NA,NA,0.1,0.215,0.215,2,"0.1",2,"Field",NA,NA,NA,NA,0,0,0,97.5,NA,""
3357,3361,93389,892,35,2024-09-19 05:30:00,2024-09-19 06:00:00,"19-09-2024 05:30","19-09-2024 05:30",0.5,0.5,0,17.5,17.2,17.5,17,NA,4.73,"µg/m3",NA,0.0196,8.31e-05,103000,"Pa",0.0194,0.000223,0.00972,2.68,0.0307,10.1,14.5,NA,NA,8.2,0.491,0.491,2,"0.1",2,"Field",NA,NA,NA,NA,0,0,0,97.6,NA,""
3357,3361,93390,893,36,2024-09-19 06:00:00,2024-09-19 06:30:00,"19-09-2024 06:00","19-09-2024 06:00",0.5,0.5,0,18,17.8,18,17.5,NA,4.48,"µg/m3",30.4,0.0476,0.0893,103000,"Pa",0.012,0.000138,0.00599,2.68,0.0308,10.2,14.5,NA,NA,16.3,0.364,0.364,2,"0.1",2,"Field",NA,NA,NA,NA,0,0,0,97.8,NA,""
3357,3361,93391,894,37,2024-09-19 06:30:00,2024-09-19 07:00:00,"19-09-2024 06:30","19-09-2024 06:30",0.5,0.5,0,18.5,18.2,18.5,18,NA,3.63,"µg/m3",14.2,0.0639,0.217,103000,"Pa",0.0128,0.000146,0.00638,2.69,0.0309,10.6,14.4,NA,NA,49.4,0.346,0.346,2,"0.1",2,"Field",NA,NA,NA,NA,0,0,0,98,NA,""
3357,3361,93392,895,38,2024-09-19 07:00:00,2024-09-19 07:30:00,"19-09-2024 07:00","19-09-2024 07:00",0.5,0.5,0,19,18.8,19,18.5,NA,3.34,"µg/m3",-71.9,0.0483,0.0718,103000,"Pa",0.0135,0.000155,0.00676,2.7,0.031,11.1,14.4,NA,NA,82.6,0.396,0.396,2,"0.1",2,"Field",NA,NA,NA,NA,0,0,0,98.1,NA,""
3357,3361,93393,896,39,2024-09-19 07:30:00,2024-09-19 08:00:00,"19-09-2024 07:30","19-09-2024 07:30",0.5,0.5,0,19.5,19.2,19.5,19,NA,2.81,"µg/m3",-8.3,0.0612,0.013,103000,"Pa",0.0281,0.000323,0.0141,2.71,0.0311,12,14.4,NA,NA,144,0.762,0.762,2,"0.1",2,"Field",NA,NA,NA,NA,0,0,0,98.2,NA,""
3357,3361,93394,897,40,2024-09-19 08:00:00,2024-09-19 08:30:00,"19-09-2024 08:00","19-09-2024 08:00",0.5,0.5,0,20,19.8,20,19.5,NA,2.64,"µg/m3",-7.3,0.0809,0.0312,103000,"Pa",0.0241,0.000276,0.012,2.72,0.0313,12.9,14.4,NA,NA,205,0.83,0.83,2,"0.1",2,"Field",NA,NA,NA,NA,0,0,0,98.4,NA,""
3357,3361,93395,898,41,2024-09-19 08:30:00,2024-09-19 09:00:00,"19-09-2024 08:30","19-09-2024 08:30",0.5,0.5,0,20.5,20.2,20.5,20,NA,3.05,"µg/m3",-4.7,0.0889,0.0726,103000,"Pa",0.0138,0.000159,0.00692,2.73,0.0313,13.8,14.4,NA,NA,303,0.725,0.725,2,"0.1",2,"Field",NA,NA,NA,NA,0,0,0,98,NA,""
3357,3361,93396,899,42,2024-09-19 09:00:00,2024-09-19 09:30:00,"19-09-2024 09:00","19-09-2024 09:00",0.5,0.5,0,21,20.8,21,20.5,NA,5.92,"µg/m3",-4,0.0947,0.125,103000,"Pa",0.0269,0.000308,0.0134,2.74,0.0315,14.6,14.4,NA,NA,402,0.644,0.644,2,"0.1",2,"Field",NA,NA,NA,NA,0,0,0,97.6,NA,""
3357,3361,93397,900,43,2024-09-19 09:30:00,2024-09-19 10:00:00,"19-09-2024 09:30","19-09-2024 09:30",0.5,0.5,0,21.5,21.2,21.5,21,NA,8.23,"µg/m3",-4.4,0.113,0.16,103000,"Pa",0.0399,0.000458,0.0199,2.76,0.0317,15.6,14.4,NA,NA,445,0.697,0.697,2,"0.1",2,"Field",NA,NA,NA,NA,0,0,0,89,NA,""
3357,3361,93398,901,44,2024-09-19 10:00:00,2024-09-19 10:30:00,"19-09-2024 10:00","19-09-2024 10:00",0.5,0.5,0,22,21.8,22,21.5,NA,6.55,"µg/m3",-6.4,0.142,0.0686,103000,"Pa",0.0529,0.000607,0.0265,2.79,0.032,16.7,14.5,NA,NA,487,1.17,1.17,2,"0.1",2,"Field",NA,NA,NA,NA,0,0,0,80.5,NA,""
3357,3361,93399,902,45,2024-09-19 10:30:00,2024-09-19 11:00:00,"19-09-2024 10:30","19-09-2024 10:30",0.5,0.5,0,22.5,22.2,22.5,22,NA,4.91,"µg/m3",-8.8,0.164,0.0328,103000,"Pa",0.159,0.00183,0.0796,2.87,0.0329,17.7,14.6,NA,NA,514,1.66,1.66,2,"0.1",2,"Field",NA,NA,NA,NA,0,0,0,73.1,NA,""
3357,3361,93400,903,46,2024-09-19 11:00:00,2024-09-19 11:30:00,"19-09-2024 11:00","19-09-2024 11:00",0.5,0.5,0,23,22.8,23,22.5,NA,4.44,"µg/m3",-10.1,0.177,0.0526,103000,"Pa",0.198,0.00227,0.0991,2.97,0.0341,18.7,14.6,NA,NA,542,1.59,1.59,2,"0.1",2,"Field",NA,NA,NA,NA,0,0,0,65.7,NA,""
3357,3361,93401,904,47,2024-09-19 11:30:00,2024-09-19 12:00:00,"19-09-2024 11:30","19-09-2024 11:30",0.5,0.5,0,23.5,23.2,23.5,23,NA,3.95,"µg/m3",-13,0.206,0.0522,103000,"Pa",0.178,0.00205,0.0892,3.06,0.0351,19.2,14.7,NA,NA,548,1.85,1.85,2,"0.1",2,"Field",NA,NA,NA,NA,0,0,0,64.4,NA,""
3357,3361,93402,905,48,2024-09-19 12:00:00,2024-09-19 12:30:00,"19-09-2024 12:00","19-09-2024 12:00",0.5,0.5,0,24,23.8,24,23.5,NA,3.63,"µg/m3",-9.8,0.193,0.0386,103000,"Pa",0.179,0.00206,0.0897,3.15,0.0361,19.8,14.8,NA,NA,555,1.88,1.88,2,"0.1",2,"Field",NA,NA,NA,NA,0,0,0,63,NA,""
3357,3361,93403,906,49,2024-09-19 12:30:00,2024-09-19 13:00:00,"19-09-2024 12:30","19-09-2024 12:30",0.5,0.5,0,24.5,24.2,24.5,24,NA,3.08,"µg/m3",-21,0.244,0.0346,103000,"Pa",0.25,0.00286,0.125,3.27,0.0376,20.2,14.9,NA,NA,541,2.45,2.45,2,"0.1",2,"Field",NA,NA,NA,NA,0,0,0,63.4,NA,""
3357,3361,93404,907,50,2024-09-19 13:00:00,2024-09-19 13:30:00,"19-09-2024 13:00","19-09-2024 13:00",0.5,0.5,0,25,24.8,25,24.5,NA,3,"µg/m3",-20.8,0.255,0.0466,103000,"Pa",0.211,0.00242,0.105,3.38,0.0388,20.5,15,NA,NA,527,2.36,2.36,2,"0.1",2,"Field",NA,NA,NA,NA,0,0,0,63.7,NA,""
3357,3361,93405,908,51,2024-09-19 13:30:00,2024-09-19 14:00:00,"19-09-2024 13:30","19-09-2024 13:30",0.5,0.5,0,25.5,25.2,25.5,25,NA,3.16,"µg/m3",-19.7,0.256,0.0653,103000,"Pa",0.189,0.00216,0.0943,3.47,0.0398,20.8,15.1,NA,NA,496,2.15,2.15,2,"0.1",2,"Field",NA,NA,NA,NA,0,0,0,61.2,NA,""
3357,3361,93406,909,52,2024-09-19 14:00:00,2024-09-19 14:30:00,"19-09-2024 14:00","19-09-2024 14:00",0.5,0.5,0,26,25.8,26,25.5,NA,3.24,"µg/m3",-16.8,0.23,0.0358,103000,"Pa",0.207,0.00238,0.104,3.58,0.041,21,15.2,NA,NA,465,2.28,2.28,2,"0.1",2,"Field",NA,NA,NA,NA,0,0,0,58.6,NA,""
3357,3361,93407,910,53,2024-09-19 14:30:00,2024-09-19 15:00:00,"19-09-2024 14:30","19-09-2024 14:30",0.5,0.5,0,26.5,26.2,26.5,26,NA,3.13,"µg/m3",-8.6,0.182,0.0222,103000,"Pa",0.197,0.00226,0.0986,3.67,0.0422,21,15.3,NA,NA,414,2.02,2.02,2,"0.1",2,"Field",NA,NA,NA,NA,0,0,0,58,NA,""
3357,3361,93408,911,54,2024-09-19 15:00:00,2024-09-19 15:30:00,"19-09-2024 15:00","19-09-2024 15:00",0.5,0.5,0,27,26.8,27,26.5,NA,3.16,"µg/m3",-13.4,0.204,0.0519,103000,"Pa",0.187,0.00215,0.0936,3.77,0.0432,21.1,15.4,NA,NA,364,1.83,1.83,2,"0.1",2,"Field",NA,NA,NA,NA,0,0,0,57.3,NA,""
3357,3361,93409,912,55,2024-09-19 15:30:00,2024-09-19 16:00:00,"19-09-2024 15:30","19-09-2024 15:30",0.5,0.5,0,27.5,27.2,27.5,27,NA,3.08,"µg/m3",-20.5,0.207,0.0413,103000,"Pa",0.24,0.00275,0.12,3.89,0.0446,20.8,15.5,NA,NA,297,1.98,1.98,2,"0.1",2,"Field",NA,NA,NA,NA,0,0,0,58.8,NA,""
3357,3361,93410,913,56,2024-09-19 16:00:00,2024-09-19 16:30:00,"19-09-2024 16:00","19-09-2024 16:00",0.5,0.5,0,28,27.8,28,27.5,NA,3.19,"µg/m3",-20.2,0.198,0.0474,103000,"Pa",0.209,0.0024,0.104,3.99,0.0458,20.5,15.6,NA,NA,229,1.83,1.83,2,"0.1",2,"Field",NA,NA,NA,NA,0,0,0,60.2,NA,""
3357,3361,93411,914,57,2024-09-19 16:30:00,2024-09-19 17:00:00,"19-09-2024 16:30","19-09-2024 16:30",0.5,0.5,0,28.5,28.2,28.5,28,NA,3.11,"µg/m3",-12,0.135,0.0116,103000,"Pa",0.175,0.00201,0.0876,4.08,0.0468,19.7,15.6,NA,NA,162,1.72,1.72,2,"0.1",2,"Field",NA,NA,NA,NA,0,0,0,63.4,NA,""
3357,3361,93412,915,58,2024-09-19 17:00:00,2024-09-19 17:30:00,"19-09-2024 17:00","19-09-2024 17:00",0.5,0.5,0,29,28.8,29,28.5,NA,2.97,"µg/m3",-36.6,0.158,0.0297,103000,"Pa",0.142,0.00162,0.0708,4.15,0.0476,18.9,15.7,NA,NA,95.6,1.64,1.64,2,"0.1",2,"Field",NA,NA,NA,NA,0,0,0,66.7,NA,""
3357,3361,93413,916,59,2024-09-19 17:30:00,2024-09-19 18:00:00,"19-09-2024 17:30","19-09-2024 17:30",0.5,0.5,0,29.5,29.2,29.5,29,NA,3.86,"µg/m3",515,0.174,0.0326,103000,"Pa",0.111,0.00128,0.0557,4.21,0.0483,17.8,15.8,NA,NA,52.3,1.76,1.76,2,"0.1",2,"Field",NA,NA,NA,NA,0,0,0,70.5,NA,""
3357,3361,93414,917,60,2024-09-19 18:00:00,2024-09-19 18:30:00,"19-09-2024 18:00","19-09-2024 18:00",0.5,0.5,0,30,29.8,30,29.5,NA,3.73,"µg/m3",44.4,0.177,0.0592,103000,"Pa",0.0751,0.000861,0.0375,4.24,0.0487,16.6,15.8,NA,NA,9,1.53,1.53,2,"0.1",2,"Field",NA,NA,NA,NA,0,0,0,74.3,NA,""
3357,3361,93415,918,61,2024-09-19 18:30:00,2024-09-19 19:00:00,"19-09-2024 18:30","19-09-2024 18:30",0.5,0.5,0,30.5,30.2,30.5,30,NA,3.1,"µg/m3",26.5,0.179,0.0543,103000,"Pa",0.06,0.000689,0.03,4.27,0.049,15.6,15.8,NA,NA,4.5,1.58,1.58,2,"0.1",2,"Field",NA,NA,NA,NA,0,0,0,78.2,NA,""
3357,3361,93416,919,62,2024-09-19 19:00:00,2024-09-19 19:30:00,"19-09-2024 19:00","19-09-2024 19:00",0.5,0.5,0,31,30.8,31,30.5,NA,3.38,"µg/m3",9.2,0.119,0.0411,103000,"Pa",0.0383,0.00044,0.0192,4.29,0.0493,14.5,15.8,NA,NA,0,1.14,1.14,2,"0.1",2,"Field",NA,NA,NA,NA,0,0,0,82.2,NA,""
3357,3361,93417,920,63,2024-09-19 19:30:00,2024-09-19 20:00:00,"19-09-2024 19:30","19-09-2024 19:30",0.5,0.5,0,31.5,31.2,31.5,31,NA,3.25,"µg/m3",5.7,0.101,0.0411,103000,"Pa",0.0289,0.000331,0.0144,4.31,0.0494,14,15.8,NA,NA,0,0.967,0.967,2,"0.1",2,"Field",NA,NA,NA,NA,0,0,0,85.6,NA,""
3357,3361,93418,921,64,2024-09-19 20:00:00,2024-09-19 20:30:00,"19-09-2024 20:00","19-09-2024 20:00",0.5,0.5,0,32,31.8,32,31.5,NA,3.01,"µg/m3",4.3,0.0779,0.0676,103000,"Pa",0.0176,0.000203,0.00882,4.32,0.0495,13.6,15.7,NA,NA,0,0.648,0.648,2,"0.1",2,"Field",NA,NA,NA,NA,0,0,0,88.9,NA,""
3357,3361,93419,922,65,2024-09-19 20:30:00,2024-09-19 21:00:00,"19-09-2024 20:30","19-09-2024 20:30",0.5,0.5,0,32.5,32.2,32.5,32,NA,2.71,"µg/m3",4.4,0.0828,0.0569,103000,"Pa",0.0249,0.000286,0.0125,4.33,0.0497,13.2,15.6,NA,NA,0,0.725,0.725,2,"0.1",2,"Field",NA,NA,NA,NA,0,0,0,90.9,NA,""
3357,3361,93420,923,66,2024-09-19 21:00:00,2024-09-19 21:30:00,"19-09-2024 21:00","19-09-2024 21:00",0.5,0.5,0,33,32.8,33,32.5,NA,2.78,"µg/m3",4.3,0.069,0.0344,103000,"Pa",0.0322,0.000369,0.0161,4.35,0.0499,12.9,15.6,NA,NA,0,0.691,0.691,2,"0.1",2,"Field",NA,NA,NA,NA,0,0,0,92.9,NA,""
3357,3361,93421,924,67,2024-09-19 21:30:00,2024-09-19 22:00:00,"19-09-2024 21:30","19-09-2024 21:30",0.5,0.5,0,33.5,33.2,33.5,33,NA,2.98,"µg/m3",NA,0.0379,0.338,103000,"Pa",0.0248,0.000284,0.0124,4.36,0.05,12.7,15.6,NA,NA,0,0.163,0.163,2,"0.1",2,"Field",NA,NA,NA,NA,0,0,0,94,NA,""
3357,3361,93422,925,68,2024-09-19 22:00:00,2024-09-19 22:30:00,"19-09-2024 22:00","19-09-2024 22:00",0.5,0.5,0,34,33.8,34,33.5,NA,3.57,"µg/m3",3.2,0.0467,0.866,103000,"Pa",0.0174,0.000199,0.00868,4.37,0.0501,12.5,15.5,NA,NA,0,0.0912,0.0912,2,"0.1",2,"Field",NA,NA,NA,NA,0,0,0,95.1,NA,""
3357,3361,93423,926,69,2024-09-19 22:30:00,2024-09-19 23:00:00,"19-09-2024 22:30","19-09-2024 22:30",0.5,0.5,0,34.5,34.2,34.5,34,NA,3.55,"µg/m3",4.5,0.0639,0.246,103000,"Pa",0.00995,0.000114,0.00498,4.37,0.0502,12.5,15.4,NA,NA,0,0.326,0.326,2,"0.1",2,"Field",NA,NA,NA,NA,0,0,0,95.6,NA,""
3357,3361,93424,927,70,2024-09-19 23:00:00,2024-09-19 23:30:00,"19-09-2024 23:00","19-09-2024 23:00",0.5,0.5,0,35,34.8,35,34.5,NA,3.35,"µg/m3",6.6,0.0808,0.073,103000,"Pa",0.00254,2.92e-05,0.00127,4.37,0.0502,12.5,15.4,NA,NA,0,0.658,0.658,2,"0.1",2,"Field",NA,NA,NA,NA,0,0,0,96.2,NA,""
3357,3361,93425,928,71,2024-09-19 23:30:00,2024-09-20,"19-09-2024 23:30","19-09-2024 23:30",0.5,0.5,0,35.5,35.2,35.5,35,NA,3.49,"µg/m3",3.7,0.0513,0.0574,103000,"Pa",0.00413,4.73e-05,0.00206,4.37,0.0502,12.4,15.3,NA,NA,0,0.448,0.448,2,"0.1",2,"Field",NA,NA,NA,NA,0,0,0,96.4,NA,""
3357,3361,93426,929,72,2024-09-20,2024-09-20 00:30:00,"20-09-2024 00:00","20-09-2024 00:00",0.5,0.5,0,36,35.8,36,35.5,NA,3.43,"µg/m3",NA,0.052,0.0203,103000,"Pa",0.00565,6.48e-05,0.00283,4.38,0.0502,12.4,15.2,NA,NA,0,0.59,0.59,2,"0.1",2,"Field",NA,NA,NA,NA,0,0,0,96.6,NA,""
3357,3361,93427,930,73,2024-09-20 00:30:00,2024-09-20 01:00:00,"20-09-2024 00:30","20-09-2024 00:30",0.5,0.5,0,36.5,36.2,36.5,36,NA,3.24,"µg/m3",4.3,0.0664,0.113,103000,"Pa",0.00718,8.23e-05,0.00359,4.38,0.0503,12.2,15.2,NA,NA,0,0.468,0.468,2,"0.1",2,"Field",NA,NA,NA,NA,0,0,0,96.8,NA,""
3357,3361,93428,931,74,2024-09-20 01:00:00,2024-09-20 01:30:00,"20-09-2024 01:00","20-09-2024 01:00",0.5,0.5,0,37,36.8,37,36.5,NA,3.24,"µg/m3",NA,0.0266,0.0871,103000,"Pa",0.0087,9.98e-05,0.00435,4.39,0.0503,12,15.1,NA,NA,0,0.205,0.205,2,"0.1",2,"Field",NA,NA,NA,NA,0,0,0,96.9,NA,""
3357,3361,93429,932,75,2024-09-20 01:30:00,2024-09-20 02:00:00,"20-09-2024 01:30","20-09-2024 01:30",0.5,0.5,0,37.5,37.2,37.5,37,NA,3.34,"µg/m3",3.9,0.0736,0.355,103000,"Pa",0.0102,0.000117,0.00511,4.39,0.0504,11.6,15,NA,NA,0,0.308,0.308,2,"0.1",2,"Field",NA,NA,NA,NA,0,0,0,97,NA,""
3357,3361,93430,933,76,2024-09-20 02:00:00,2024-09-20 02:30:00,"20-09-2024 02:00","20-09-2024 02:00",0.5,0.5,0,38,37.8,38,37.5,NA,3.24,"µg/m3",3.1,0.054,0.0199,103000,"Pa",0.0118,0.000135,0.00588,4.4,0.0504,11.3,15,NA,NA,0,0.615,0.615,2,"0.1",2,"Field",NA,NA,NA,NA,0,0,0,97.1,NA,""
3357,3361,93431,934,77,2024-09-20 02:30:00,2024-09-20 03:00:00,"20-09-2024 02:30","20-09-2024 02:30",0.5,0.5,0,38.5,38.2,38.5,38,NA,2.82,"µg/m3",2.3,0.0384,0.000277,103000,"Pa",0.0133,0.000152,0.00664,4.4,0.0505,11.3,15,NA,NA,0.05,0.848,0.848,2,"0.1",2,"Field",NA,NA,NA,NA,0,0,0,97.3,NA,""
3357,3361,93432,935,78,2024-09-20 03:00:00,2024-09-20 03:30:00,"20-09-2024 03:00","20-09-2024 03:00",0.5,0.5,0,39,38.8,39,38.5,NA,3.18,"µg/m3",NA,0.0488,0.0742,103000,"Pa",0.0148,0.00017,0.0074,4.41,0.0506,11.3,15,NA,NA,0.1,0.395,0.395,2,"0.1",2,"Field",NA,NA,NA,NA,0,0,0,97.5,NA,""
3357,3361,93433,936,79,2024-09-20 03:30:00,2024-09-20 04:00:00,"20-09-2024 03:30","20-09-2024 03:30",0.5,0.5,0,39.5,39.2,39.5,39,NA,3.6,"µg/m3",NA,0.0122,8.49e-06,103000,"Pa",0.0163,0.000187,0.00816,4.42,0.0507,11.5,14.9,NA,NA,0.2,0.375,0.375,2,"0.1",2,"Field",NA,NA,NA,NA,0,0,0,97.7,NA,""
3357,3361,93434,937,80,2024-09-20 04:00:00,2024-09-20 04:30:00,"20-09-2024 04:00","20-09-2024 04:00",0.5,0.5,0,40,39.8,40,39.5,NA,4.35,"µg/m3",NA,0.0197,0.00262,103000,"Pa",0.0179,0.000205,0.00893,4.43,0.0508,11.7,14.8,NA,NA,0.3,0.323,0.323,2,"0.1",2,"Field",NA,NA,NA,NA,0,0,0,97.9,NA,""
3357,3361,93435,938,81,2024-09-20 04:30:00,2024-09-20 05:00:00,"20-09-2024 04:30","20-09-2024 04:30",0.5,0.5,0,40.5,40.2,40.5,40,NA,4.73,"µg/m3",2.5,0.0371,0.08,103000,"Pa",0.0194,0.000222,0.00969,4.44,0.0509,12,14.8,NA,NA,0.2,0.293,0.293,2,"0.1",2,"Field",NA,NA,NA,NA,0,0,0,98,NA,""
3357,3361,93436,939,82,2024-09-20 05:00:00,2024-09-20 05:30:00,"20-09-2024 05:00","20-09-2024 05:00",0.5,0.5,0,41,40.8,41,40.5,NA,3.33,"µg/m3",42.7,0.116,0.066,103000,"Pa",0.0209,0.00024,0.0105,4.45,0.051,12.2,14.8,NA,NA,0.1,0.973,0.973,2,"0.1",2,"Field",NA,NA,NA,NA,0,0,0,98.1,NA,""
3357,3361,93437,940,83,2024-09-20 05:30:00,2024-09-20 06:00:00,"20-09-2024 05:30","20-09-2024 05:30",0.5,0.5,0,41.5,41.2,41.5,41,NA,3.15,"µg/m3",46.7,0.098,0.0347,103000,"Pa",0.0311,0.000357,0.0156,4.46,0.0512,12.3,14.8,NA,NA,4.9,0.979,0.979,2,"0.1",2,"Field",NA,NA,NA,NA,0,0,0,98.2,NA,""
3357,3361,93438,941,84,2024-09-20 06:00:00,2024-09-20 06:30:00,"20-09-2024 06:00","20-09-2024 06:00",0.5,0.5,0,42,41.8,42,41.5,NA,2.94,"µg/m3",-967,0.142,0.027,103000,"Pa",0.0519,0.000595,0.0259,4.49,0.0515,12.4,14.8,NA,NA,9.7,1.51,1.51,2,"0.1",2,"Field",NA,NA,NA,NA,0,0,0,98.2,NA,""
3357,3361,93439,942,85,2024-09-20 06:30:00,2024-09-20 07:00:00,"20-09-2024 06:30","20-09-2024 06:30",0.5,0.5,0,42.5,42.2,42.5,42,NA,2.28,"µg/m3",-179,0.158,0.0396,103000,"Pa",0.035,0.000402,0.0175,4.51,0.0517,12.5,14.8,NA,NA,25.2,1.53,1.53,2,"0.1",2,"Field",NA,NA,NA,NA,0,0,0,98.2,NA,""
3357,3361,93440,943,86,2024-09-20 07:00:00,2024-09-20 07:30:00,"20-09-2024 07:00","20-09-2024 07:00",0.5,0.5,0,43,42.8,43,42.5,NA,2.04,"µg/m3",-62.5,0.149,0.0338,103000,"Pa",0.0366,0.00042,0.0183,4.53,0.0519,12.6,14.8,NA,NA,40.6,1.5,1.5,2,"0.1",2,"Field",NA,NA,NA,NA,0,0,0,98.3,NA,""
3357,3361,93441,944,87,2024-09-20 07:30:00,2024-09-20 08:00:00,"20-09-2024 07:30","20-09-2024 07:30",0.5,0.5,0,43.5,43.2,43.5,43,NA,2.04,"µg/m3",216,0.18,0.056,103000,"Pa",0.035,0.000402,0.0175,4.54,0.0521,12.8,14.8,NA,NA,62.4,1.58,1.58,2,"0.1",2,"Field",NA,NA,NA,NA,0,0,0,98.4,NA,""
3357,3361,93442,945,88,2024-09-20 08:00:00,2024-09-20 08:30:00,"20-09-2024 08:00","20-09-2024 08:00",0.5,0.5,0,44,43.8,44,43.5,NA,2.14,"µg/m3",-43.6,0.179,0.0517,103000,"Pa",0.0341,0.000392,0.0171,4.56,0.0523,12.9,14.8,NA,NA,84.1,1.61,1.61,2,"0.1",2,"Field",NA,NA,NA,NA,0,0,0,98.4,NA,""
3357,3361,93443,946,89,2024-09-20 08:30:00,2024-09-20 09:00:00,"20-09-2024 08:30","20-09-2024 08:30",0.5,0.5,0,44.5,44.2,44.5,44,NA,2.21,"µg/m3",-39,0.202,0.0868,103000,"Pa",0.0305,0.00035,0.0152,4.57,0.0525,13,14.8,NA,NA,102,1.55,1.55,2,"0.1",2,"Field",NA,NA,NA,NA,0,0,0,98.4,NA,""
3357,3361,93444,947,90,2024-09-20 09:00:00,2024-09-20 09:30:00,"20-09-2024 09:00","20-09-2024 09:00",0.5,0.5,0,45,44.8,45,44.5,NA,2.13,"µg/m3",-36.5,0.18,0.0494,103000,"Pa",0.0313,0.000359,0.0156,4.59,0.0527,13.2,14.7,NA,NA,119,1.64,1.64,2,"0.1",2,"Field",NA,NA,NA,NA,0,0,0,98.4,NA,""
3357,3361,93445,948,91,2024-09-20 09:30:00,2024-09-20 10:00:00,"20-09-2024 09:30","20-09-2024 09:30",0.5,0.5,0,45.5,45.2,45.5,45,NA,2.22,"µg/m3",-27,0.175,0.0736,103000,"Pa",0.0426,0.000489,0.0213,4.61,0.0529,13.4,14.8,NA,NA,136,1.42,1.42,2,"0.1",2,"Field",NA,NA,NA,NA,0,0,0,98.4,NA,""
3357,3361,93446,949,92,2024-09-20 10:00:00,2024-09-20 10:30:00,"20-09-2024 10:00","20-09-2024 10:00",0.5,0.5,0,46,45.8,46,45.5,NA,2.36,"µg/m3",-21.4,0.195,0.0591,103000,"Pa",0.0475,0.000545,0.0238,4.64,0.0532,13.7,14.8,NA,NA,152,1.68,1.68,2,"0.1",2,"Field",NA,NA,NA,NA,0,0,0,98.3,NA,""
3357,3361,93447,950,93,2024-09-20 10:30:00,2024-09-20 11:00:00,"20-09-2024 10:30","20-09-2024 10:30",0.5,0.5,0,46.5,46.2,46.5,46,NA,2.43,"µg/m3",-17.7,0.193,0.088,103000,"Pa",0.0491,0.000563,0.0245,4.66,0.0535,13.9,14.8,NA,NA,178,1.48,1.48,2,"0.1",2,"Field",NA,NA,NA,NA,0,0,0,97.9,NA,""
3357,3361,93448,951,94,2024-09-20 11:00:00,2024-09-20 11:30:00,"20-09-2024 11:00","20-09-2024 11:00",0.5,0.5,0,47,46.8,47,46.5,NA,2.5,"µg/m3",-28.1,0.203,0.0632,103000,"Pa",0.0545,0.000625,0.0272,4.69,0.0538,14.1,14.8,NA,NA,204,1.72,1.72,2,"0.1",2,"Field",NA,NA,NA,NA,0,0,0,97.5,NA,""
3357,3361,93449,952,95,2024-09-20 11:30:00,2024-09-20 12:00:00,"20-09-2024 11:30","20-09-2024 11:30",0.5,0.5,0,47.5,47.2,47.5,47,NA,2.44,"µg/m3",-37.3,0.2,0.0448,103000,"Pa",0.0744,0.000854,0.0372,4.72,0.0542,14.7,14.8,NA,NA,284,1.87,1.87,2,"0.1",2,"Field",NA,NA,NA,NA,0,0,0,95,NA,""
3357,3361,93450,953,96,2024-09-20 12:00:00,2024-09-20 12:30:00,"20-09-2024 12:00","20-09-2024 12:00",0.5,0.5,0,48,47.8,48,47.5,NA,2.51,"µg/m3",-28,0.189,0.0234,103000,"Pa",0.0927,0.00106,0.0464,4.77,0.0547,15.3,14.9,NA,NA,363,2.08,2.08,2,"0.1",2,"Field",NA,NA,NA,NA,0,0,0,92.6,NA,""
3357,3361,93451,954,97,2024-09-20 12:30:00,2024-09-20 13:00:00,"20-09-2024 12:30","20-09-2024 12:30",0.5,0.5,0,48.5,48.2,48.5,48,NA,2.49,"µg/m3",-22.4,0.2,0.052,103000,"Pa",0.0811,0.000931,0.0406,4.81,0.0552,16.2,15,NA,NA,436,1.8,1.8,2,"0.1",2,"Field",NA,NA,NA,NA,0,0,0,89.5,NA,""
3357,3361,93452,955,98,2024-09-20 13:00:00,2024-09-20 13:30:00,"20-09-2024 13:00","20-09-2024 13:00",0.5,0.5,0,49,48.8,49,48.5,NA,2.74,"µg/m3",-4.5,0.142,0.0139,103000,"Pa",0.12,0.00138,0.06,4.87,0.0559,17.1,15,NA,NA,509,1.75,1.75,2,"0.1",2,"Field",NA,NA,NA,NA,0,0,0,86.4,NA,""
3357,3361,93453,956,99,2024-09-20 13:30:00,2024-09-20 14:00:00,"20-09-2024 13:30","20-09-2024 13:30",0.5,0.5,0,49.5,49.2,49.5,49,NA,2.99,"µg/m3",-16,0.22,0.0705,103000,"Pa",0.159,0.00182,0.0795,4.95,0.0568,18,15,NA,NA,486,1.8,1.8,2,"0.1",2,"Field",NA,NA,NA,NA,0,0,0,83,NA,""
3357,3361,93454,957,100,2024-09-20 14:00:00,2024-09-20 14:30:00,"20-09-2024 14:00","20-09-2024 14:00",0.5,0.5,0,50,49.8,50,49.5,NA,3.19,"µg/m3",-8.4,0.199,0.0722,103000,"Pa",0.19,0.00218,0.095,5.05,0.0579,18.8,15.1,NA,NA,463,1.62,1.62,2,"0.1",2,"Field",NA,NA,NA,NA,0,0,0,79.6,NA,""
3357,3361,93455,958,101,2024-09-20 14:30:00,2024-09-20 15:00:00,"20-09-2024 14:30","20-09-2024 14:30",0.5,0.5,0,50.5,50.2,50.5,50,NA,3.65,"µg/m3",-10.5,0.217,0.061,103000,"Pa",0.294,0.00337,0.147,5.19,0.0596,19.2,15.2,NA,NA,411,1.86,1.86,2,"0.1",2,"Field",NA,NA,NA,NA,0,0,0,77.6,NA,""
3357,3361,93456,959,102,2024-09-20 15:00:00,2024-09-20 15:30:00,"20-09-2024 15:00","20-09-2024 15:00",0.5,0.5,0,51,50.8,51,50.5,NA,3.91,"µg/m3",-6.4,0.166,0.0206,103000,"Pa",0.299,0.00343,0.149,5.34,0.0613,19.5,15.3,NA,NA,359,1.88,1.88,2,"0.1",2,"Field",NA,NA,NA,NA,0,0,0,75.5,NA,""
3357,3361,93457,960,103,2024-09-20 15:30:00,2024-09-20 16:00:00,"20-09-2024 15:30","20-09-2024 15:30",0.5,0.5,0,51.5,51.2,51.5,51,NA,4.12,"µg/m3",-6.4,0.158,0.0252,103000,"Pa",0.273,0.00314,0.137,5.48,0.0629,19.5,15.4,NA,NA,290,1.71,1.71,2,"0.1",2,"Field",NA,NA,NA,NA,0,0,0,75.8,NA,""
3357,3361,93458,961,104,2024-09-20 16:00:00,2024-09-20 16:30:00,"20-09-2024 16:00","20-09-2024 16:00",0.5,0.5,0,52,51.8,52,51.5,NA,4.58,"µg/m3",-11.4,0.176,0.0213,103000,"Pa",0.248,0.00285,0.124,5.6,0.0643,19.5,15.5,NA,NA,221,1.97,1.97,2,"0.1",2,"Field",NA,NA,NA,NA,0,0,0,76,NA,""
3357,3361,93459,962,105,2024-09-20 16:30:00,2024-09-20 17:00:00,"20-09-2024 16:30","20-09-2024 16:30",0.5,0.5,0,52.5,52.2,52.5,52,NA,5.01,"µg/m3",-10.5,0.143,0.0273,103000,"Pa",0.198,0.00227,0.0989,5.7,0.0654,19.2,15.6,NA,NA,156,1.52,1.52,2,"0.1",2,"Field",NA,NA,NA,NA,0,0,0,77,NA,""
3357,3361,93460,963,106,2024-09-20 17:00:00,2024-09-20 17:30:00,"20-09-2024 17:00","20-09-2024 17:00",0.5,0.5,0,53,52.8,53,52.5,NA,4.99,"µg/m3",-19.5,0.169,0.117,103000,"Pa",0.147,0.00169,0.0735,5.78,0.0663,18.8,15.6,NA,NA,90.4,1.18,1.18,2,"0.1",2,"Field",NA,NA,NA,NA,0,0,0,77.9,NA,""
3357,3361,93461,964,107,2024-09-20 17:30:00,2024-09-20 18:00:00,"20-09-2024 17:30","20-09-2024 17:30",0.5,0.5,0,53.5,53.2,53.5,53,NA,4.94,"µg/m3",-25.3,0.0965,0.0278,102000,"Pa",0.0964,0.00111,0.0482,5.82,0.0668,17.8,15.6,NA,NA,48.9,1.02,1.02,2,"0.1",2,"Field",NA,NA,NA,NA,0,0,0,81.7,NA,""
3357,3361,93462,965,108,2024-09-20 18:00:00,2024-09-20 18:30:00,"20-09-2024 18:00","20-09-2024 18:00",0.5,0.5,0,54,53.8,54,53.5,NA,4.4,"µg/m3",30.6,0.103,0.0757,103000,"Pa",0.0458,0.000526,0.0229,5.85,0.0671,16.8,15.7,NA,NA,7.4,0.828,0.828,2,"0.1",2,"Field",NA,NA,NA,NA,0,0,0,85.5,NA,""
3357,3361,93463,966,109,2024-09-20 18:30:00,2024-09-20 19:00:00,"20-09-2024 18:30","20-09-2024 18:30",0.5,0.5,0,54.5,54.2,54.5,54,NA,4.3,"µg/m3",9.1,0.0869,0.0712,103000,"Pa",0.0288,0.00033,0.0144,5.86,0.0673,15.8,15.7,NA,NA,3.7,0.712,0.712,2,"0.1",2,"Field",NA,NA,NA,NA,0,0,0,88.7,NA,""
3357,3361,93464,967,110,2024-09-20 19:00:00,2024-09-20 19:30:00,"20-09-2024 19:00","20-09-2024 19:00",0.5,0.5,0,55,54.8,55,54.5,NA,3.99,"µg/m3",5.6,0.0796,0.0371,103000,"Pa",0.0365,0.000419,0.0182,5.88,0.0675,14.7,15.7,NA,NA,0,0.782,0.782,2,"0.1",2,"Field",NA,NA,NA,NA,0,0,0,91.9,NA,""
3357,3361,93465,968,111,2024-09-20 19:30:00,2024-09-20 20:00:00,"20-09-2024 19:30","20-09-2024 19:30",0.5,0.5,0,55.5,55.2,55.5,55,NA,3.71,"µg/m3",3.4,0.0741,0.0241,103000,"Pa",0.0303,0.000348,0.0151,5.89,0.0676,14.2,15.7,NA,NA,0.15,0.807,0.807,2,"0.1",2,"Field",NA,NA,NA,NA,0,0,0,94,NA,""
3357,3361,93466,969,112,2024-09-20 20:00:00,2024-09-20 20:30:00,"20-09-2024 20:00","20-09-2024 20:00",0.5,0.5,0,56,55.8,56,55.5,NA,3.81,"µg/m3",2.8,0.0638,0.134,103000,"Pa",0.0241,0.000277,0.0121,5.91,0.0678,13.8,15.7,NA,NA,0.3,0.422,0.422,2,"0.1",2,"Field",NA,NA,NA,NA,0,0,0,96,NA,""
3357,3361,93467,970,113,2024-09-20 20:30:00,2024-09-20 21:00:00,"20-09-2024 20:30","20-09-2024 20:30",0.5,0.5,0,56.5,56.2,56.5,56,NA,3.6,"µg/m3",3.3,0.0729,0.0184,103000,"Pa",0.0179,0.000206,0.00896,5.92,0.0679,13.6,15.6,NA,NA,0.15,0.843,0.843,2,"0.1",2,"Field",NA,NA,NA,NA,0,0,0,96.7,NA,""
3357,3361,93468,971,114,2024-09-20 21:00:00,2024-09-20 21:30:00,"20-09-2024 21:00","20-09-2024 21:00",0.5,0.5,0,57,56.8,57,56.5,NA,3.17,"µg/m3",-206,0.128,0.0477,103000,"Pa",0.0117,0.000135,0.00587,5.92,0.0679,13.5,15.6,NA,NA,0,1.18,1.18,2,"0.1",2,"Field",NA,NA,NA,NA,0,0,0,97.4,NA,""
3357,3361,93469,972,115,2024-09-20 21:30:00,2024-09-20 22:00:00,"20-09-2024 21:30","20-09-2024 21:30",0.5,0.5,0,57.5,57.2,57.5,57,NA,3.01,"µg/m3",-234,0.146,0.0439,103000,"Pa",0.0161,0.000185,0.00807,5.93,0.068,13.2,15.6,NA,NA,0.05,1.37,1.37,2,"0.1",2,"Field",NA,NA,NA,NA,0,0,0,97.5,NA,""
3357,3361,93470,973,116,2024-09-20 22:00:00,2024-09-20 22:30:00,"20-09-2024 22:00","20-09-2024 22:00",0.5,0.5,0,58,57.8,58,57.5,NA,9.54,"µg/m3",-118,0.153,0.0522,103000,"Pa",-0.0126,-0.000145,-0.00632,5.92,0.068,12.9,15.5,NA,NA,0.1,1.37,1.37,2,"0.1",2,"Field",NA,NA,NA,NA,0,0,0,97.6,NA,""
3357,3361,93471,974,117,2024-09-20 22:30:00,2024-09-20 23:00:00,"20-09-2024 22:30","20-09-2024 22:30",0.5,0.5,0,58.5,58.2,58.5,58,NA,13.6,"µg/m3",-179,0.152,0.0377,102000,"Pa",-0.00997,-0.000114,-0.00498,5.92,0.0679,12.6,15.5,NA,NA,0.05,1.48,1.48,2,"0.1",2,"Field",NA,NA,NA,NA,0,0,0,97.7,NA,""
3357,3361,93472,975,118,2024-09-20 23:00:00,2024-09-20 23:30:00,"20-09-2024 23:00","20-09-2024 23:00",0.5,0.5,0,59,58.8,59,58.5,NA,8.99,"µg/m3",-147,0.13,0.0213,102000,"Pa",0.0255,0.000293,0.0128,5.93,0.0681,12.4,15.5,NA,NA,0,1.46,1.46,2,"0.1",2,"Field",NA,NA,NA,NA,0,0,0,97.8,NA,""
3357,3361,93473,976,119,2024-09-20 23:30:00,2024-09-21,"20-09-2024 23:30","20-09-2024 23:30",0.5,0.5,0,59.5,59.2,59.5,59,NA,6.54,"µg/m3",-89.7,0.148,0.0683,102000,"Pa",0.0227,0.00026,0.0113,5.94,0.0682,12,15.4,NA,NA,0,1.22,1.22,2,"0.1",2,"Field",NA,NA,NA,NA,0,0,0,97.8,NA,""
3357,3361,93474,977,120,2024-09-21,2024-09-21 00:30:00,"21-09-2024 00:00","21-09-2024 00:00",0.5,0.5,0,60,59.8,60,59.5,NA,6.89,"µg/m3",-58.9,0.127,0.0488,102000,"Pa",0.0199,0.000228,0.00993,5.95,0.0683,11.7,15.4,NA,NA,0,1.16,1.16,2,"0.1",2,"Field",NA,NA,NA,NA,0,0,0,97.8,NA,""
3357,3361,93475,978,121,2024-09-21 00:30:00,2024-09-21 01:00:00,"21-09-2024 00:30","21-09-2024 00:30",0.5,0.5,0,60.5,60.2,60.5,60,NA,6.31,"µg/m3",-75.3,0.0827,0.00448,102000,"Pa",0.024,0.000275,0.012,5.96,0.0684,11.6,15.4,NA,NA,0.15,1.25,1.25,2,"0.1",2,"Field",NA,NA,NA,NA,0,0,0,97.8,NA,""
3357,3361,93476,979,122,2024-09-21 01:00:00,2024-09-21 01:30:00,"21-09-2024 01:00","21-09-2024 01:00",0.5,0.5,0,61,60.8,61,60.5,NA,4.24,"µg/m3",-86.9,0.145,0.0814,102000,"Pa",0.0281,0.000322,0.014,5.98,0.0686,11.5,15.4,NA,NA,0.3,1.14,1.14,2,"0.1",2,"Field",NA,NA,NA,NA,0,0,0,97.9,NA,""
3357,3361,93477,980,123,2024-09-21 01:30:00,2024-09-21 02:00:00,"21-09-2024 01:30","21-09-2024 01:30",0.5,0.5,0,61.5,61.2,61.5,61,NA,3.52,"µg/m3",-56.4,0.129,0.0484,102000,"Pa",0.0341,0.000391,0.0171,6,0.0688,11.4,15.4,NA,NA,0.2,1.18,1.18,2,"0.1",2,"Field",NA,NA,NA,NA,0,0,0,98,NA,""
3357,3361,93478,981,124,2024-09-21 02:00:00,2024-09-21 02:30:00,"21-09-2024 02:00","21-09-2024 02:00",0.5,0.5,0,62,61.8,62,61.5,NA,3.56,"µg/m3",-24.8,0.092,0.0406,102000,"Pa",0.0444,0.000509,0.0222,6.02,0.069,11.4,15.4,NA,NA,0.1,0.882,0.882,2,"0.1",2,"Field",NA,NA,NA,NA,0,0,0,98,NA,""
3357,3361,93479,982,125,2024-09-21 02:30:00,2024-09-21 03:00:00,"21-09-2024 02:30","21-09-2024 02:30",0.5,0.5,0,62.5,62.2,62.5,62,NA,3.41,"µg/m3",26.1,0.102,0.0155,102000,"Pa",0.0546,0.000627,0.0273,6.04,0.0694,11.4,15.4,NA,NA,0.1,1.23,1.23,2,"0.1",2,"Field",NA,NA,NA,NA,0,0,0,98,NA,""
3357,3361,93480,983,126,2024-09-21 03:00:00,2024-09-21 03:30:00,"21-09-2024 03:00","21-09-2024 03:00",0.5,0.5,0,63,62.8,63,62.5,NA,3.05,"µg/m3",-28.6,0.107,0.0399,102000,"Pa",0.0306,0.000351,0.0153,6.06,0.0695,11.3,15.3,NA,NA,0.1,1.03,1.03,2,"0.1",2,"Field",NA,NA,NA,NA,0,0,0,98.1,NA,""
3357,3361,93481,984,127,2024-09-21 03:30:00,2024-09-21 04:00:00,"21-09-2024 03:30","21-09-2024 03:30",0.5,0.5,0,63.5,63.2,63.5,63,NA,2.61,"µg/m3",-37.9,0.12,0.0309,102000,"Pa",0.0402,0.000461,0.0201,6.08,0.0698,11.4,15.3,NA,NA,0.1,1.23,1.23,2,"0.1",2,"Field",NA,NA,NA,NA,0,0,0,98.2,NA,""
3357,3361,93482,985,128,2024-09-21 04:00:00,2024-09-21 04:30:00,"21-09-2024 04:00","21-09-2024 04:00",0.5,0.5,0,64,63.8,64,63.5,NA,2.35,"µg/m3",572,0.114,0.0313,102000,"Pa",0.0384,0.000441,0.0192,6.1,0.07,11.4,15.3,NA,NA,0.1,1.17,1.17,2,"0.1",2,"Field",NA,NA,NA,NA,0,0,0,98.2,NA,""
3357,3361,93483,986,129,2024-09-21 04:30:00,2024-09-21 05:00:00,"21-09-2024 04:30","21-09-2024 04:30",0.5,0.5,0,64.5,64.2,64.5,64,NA,2.35,"µg/m3",-32.3,0.122,0.0567,102000,"Pa",0.037,0.000425,0.0185,6.12,0.0702,11.2,15.2,NA,NA,0.2,1.07,1.07,2,"0.1",2,"Field",NA,NA,NA,NA,0,0,0,98.2,NA,""
3357,3361,93484,987,130,2024-09-21 05:00:00,2024-09-21 05:30:00,"21-09-2024 05:00","21-09-2024 05:00",0.5,0.5,0,65,64.8,65,64.5,NA,2.23,"µg/m3",-6.9,0.0843,0.0112,102000,"Pa",0.0422,0.000484,0.0211,6.14,0.0704,11.1,15.2,NA,NA,0.3,1.08,1.08,2,"0.1",2,"Field",NA,NA,NA,NA,0,0,0,98.3,NA,""
3357,3361,93485,988,131,2024-09-21 05:30:00,2024-09-21 06:00:00,"21-09-2024 05:30","21-09-2024 05:30",0.5,0.5,0,65.5,65.2,65.5,65,NA,2.12,"µg/m3",-51.4,0.125,0.0323,102000,"Pa",0.0473,0.000543,0.0237,6.16,0.0707,11,15.2,NA,NA,6,1.27,1.27,2,"0.1",2,"Field",NA,NA,NA,NA,0,0,0,98.3,NA,""
3357,3361,93486,989,132,2024-09-21 06:00:00,2024-09-21 06:30:00,"21-09-2024 06:00","21-09-2024 06:00",0.5,0.5,0,66,65.8,66,65.5,NA,1.96,"µg/m3",-51.2,0.134,0.0507,102000,"Pa",0.0386,0.000443,0.0193,6.18,0.0709,10.9,15.2,NA,NA,11.7,1.21,1.21,2,"0.1",2,"Field",NA,NA,NA,NA,0,0,0,98.3,NA,""
3357,3361,93487,990,133,2024-09-21 06:30:00,2024-09-21 07:00:00,"21-09-2024 06:30","21-09-2024 06:30",0.5,0.5,0,66.5,66.2,66.5,66,NA,2.03,"µg/m3",17.3,0.108,0.0377,102000,"Pa",0.036,0.000413,0.018,6.2,0.0711,11,15.2,NA,NA,39.6,1.05,1.05,2,"0.1",2,"Field",NA,NA,NA,NA,0,0,0,98.4,NA,""
3357,3361,93488,991,134,2024-09-21 07:00:00,2024-09-21 07:30:00,"21-09-2024 07:00","21-09-2024 07:00",0.5,0.5,0,67,66.8,67,66.5,NA,1.89,"µg/m3",-22.2,0.122,0.0339,102000,"Pa",0.0348,4e-04,0.0174,6.22,0.0713,11.1,15.1,NA,NA,67.4,1.22,1.22,2,"0.1",2,"Field",NA,NA,NA,NA,0,0,0,98.4,NA,""
3357,3361,93489,992,135,2024-09-21 07:30:00,2024-09-21 08:00:00,"21-09-2024 07:30","21-09-2024 07:30",0.5,0.5,0,67.5,67.2,67.5,67,NA,1.85,"µg/m3",-5.3,0.107,0.0638,102000,"Pa",0.0264,0.000303,0.0132,6.23,0.0715,11.4,15.1,NA,NA,105,0.902,0.902,2,"0.1",2,"Field",NA,NA,NA,NA,0,0,0,98.4,NA,""
3357,3361,93490,993,136,2024-09-21 08:00:00,2024-09-21 08:30:00,"21-09-2024 08:00","21-09-2024 08:00",0.5,0.5,0,68,67.8,68,67.5,NA,2.02,"µg/m3",-5,0.0821,0.017,102000,"Pa",0.0288,0.00033,0.0144,6.24,0.0717,11.8,15.1,NA,NA,143,0.966,0.966,2,"0.1",2,"Field",NA,NA,NA,NA,0,0,0,98.5,NA,""
3357,3361,93491,994,137,2024-09-21 08:30:00,2024-09-21 09:00:00,"21-09-2024 08:30","21-09-2024 08:30",0.5,0.5,0,68.5,68.2,68.5,68,NA,2.38,"µg/m3",-6.5,0.102,0.0608,102000,"Pa",0.0312,0.000358,0.0156,6.26,0.0718,12.2,15.1,NA,NA,193,0.879,0.879,2,"0.1",2,"Field",NA,NA,NA,NA,0,0,0,98.5,NA,""
3357,3361,93492,995,138,2024-09-21 09:00:00,2024-09-21 09:30:00,"21-09-2024 09:00","21-09-2024 09:00",0.5,0.5,0,69,68.8,69,68.5,NA,2.86,"µg/m3",-10.6,0.126,0.0384,102000,"Pa",0.0376,0.000431,0.0188,6.28,0.072,12.6,15.1,NA,NA,244,1.22,1.22,2,"0.1",2,"Field",NA,NA,NA,NA,0,0,0,98.5,NA,""
3357,3361,93493,996,139,2024-09-21 09:30:00,2024-09-21 10:00:00,"21-09-2024 09:30","21-09-2024 09:30",0.5,0.5,0,69.5,69.2,69.5,69,NA,3.05,"µg/m3",-7.7,0.13,0.0314,102000,"Pa",0.0427,0.00049,0.0214,6.3,0.0723,13.3,15.1,NA,NA,353,1.33,1.33,2,"0.1",2,"Field",NA,NA,NA,NA,0,0,0,98.4,NA,""
3357,3361,93494,997,140,2024-09-21 10:00:00,2024-09-21 10:30:00,"21-09-2024 10:00","21-09-2024 10:00",0.5,0.5,0,70,69.8,70,69.5,NA,2.93,"µg/m3",-10.3,0.155,0.0562,102000,"Pa",0.0438,0.000502,0.0219,6.32,0.0725,14,15.1,NA,NA,462,1.36,1.36,2,"0.1",2,"Field",NA,NA,NA,NA,0,0,0,98.4,NA,""
3357,3361,93495,998,141,2024-09-21 10:30:00,2024-09-21 11:00:00,"21-09-2024 10:30","21-09-2024 10:30",0.5,0.5,0,70.5,70.2,70.5,70,NA,3.32,"µg/m3",-4.7,0.133,0.0356,102000,"Pa",0.0587,0.000673,0.0293,6.35,0.0729,15,15.2,NA,NA,509,1.32,1.32,2,"0.1",2,"Field",NA,NA,NA,NA,0,0,0,94.2,NA,""
3357,3361,93496,999,142,2024-09-21 11:00:00,2024-09-21 11:30:00,"21-09-2024 11:00","21-09-2024 11:00",0.5,0.5,0,71,70.8,71,70.5,NA,3.58,"µg/m3",-9.1,0.194,0.0994,102000,"Pa",0.0735,0.000844,0.0368,6.39,0.0733,16,15.2,NA,NA,555,1.43,1.43,2,"0.1",2,"Field",NA,NA,NA,NA,0,0,0,89.9,NA,""
3357,3361,93497,1000,143,2024-09-21 11:30:00,2024-09-21 12:00:00,"21-09-2024 11:30","21-09-2024 11:30",0.5,0.5,0,71.5,71.2,71.5,71,NA,3.72,"µg/m3",-5,0.169,0.0585,102000,"Pa",0.108,0.00124,0.0539,6.44,0.0739,17.4,15.2,NA,NA,561,1.47,1.47,2,"0.1",2,"Field",NA,NA,NA,NA,0,0,0,82.4,NA,""
3357,3361,93498,1000,144,2024-09-21 12:00:00,2024-09-21 12:30:00,"21-09-2024 12:00","21-09-2024 12:00",0.5,0.5,0,72,71.8,72,71.5,NA,3.89,"µg/m3",-7.3,0.196,0.103,102000,"Pa",0.147,0.00169,0.0736,6.52,0.0748,18.8,15.3,NA,NA,566,1.43,1.43,2,"0.1",2,"Field",NA,NA,NA,NA,0,0,0,74.8,NA,""
3357,3361,93499,1000,145,2024-09-21 12:30:00,2024-09-21 13:00:00,"21-09-2024 12:30","21-09-2024 12:30",0.5,0.5,0,72.5,72.2,72.5,72,NA,3.99,"µg/m3",-6.8,0.166,0.022,102000,"Pa",0.186,0.00214,0.0932,6.61,0.0758,19.5,15.4,NA,NA,552,1.85,1.85,2,"0.1",2,"Field",NA,NA,NA,NA,0,0,0,69.4,NA,""
3357,3361,93500,1000,146,2024-09-21 13:00:00,2024-09-21 13:30:00,"21-09-2024 13:00","21-09-2024 13:00",0.5,0.5,0,73,72.8,73,72.5,NA,4.14,"µg/m3",-8.1,0.191,0.0522,102000,"Pa",0.226,0.00259,0.113,6.72,0.0771,20.2,15.6,NA,NA,537,1.71,1.71,2,"0.1",2,"Field",NA,NA,NA,NA,0,0,0,64.1,NA,""
3357,3361,93501,1000,147,2024-09-21 13:30:00,2024-09-21 14:00:00,"21-09-2024 13:30","21-09-2024 13:30",0.5,0.5,0,73.5,73.2,73.5,73,NA,3.88,"µg/m3",-12.2,0.216,0.0659,102000,"Pa",0.198,0.00227,0.0988,6.82,0.0783,20.4,15.6,NA,NA,500,1.81,1.81,2,"0.1",2,"Field",NA,NA,NA,NA,0,0,0,62.9,NA,""
3357,3361,93502,1000,148,2024-09-21 14:00:00,2024-09-21 14:30:00,"21-09-2024 14:00","21-09-2024 14:00",0.5,0.5,0,74,73.8,74,73.5,NA,3.7,"µg/m3",-10.1,0.178,0.0209,102000,"Pa",0.22,0.00252,0.11,6.93,0.0795,20.7,15.7,NA,NA,463,2,2,2,"0.1",2,"Field",NA,NA,NA,NA,0,0,0,61.7,NA,""
3357,3361,93503,1010,149,2024-09-21 14:30:00,2024-09-21 15:00:00,"21-09-2024 14:30","21-09-2024 14:30",0.5,0.5,0,74.5,74.2,74.5,74,NA,3.61,"µg/m3",-11.7,0.21,0.0703,102000,"Pa",0.242,0.00278,0.121,7.05,0.0809,20.8,15.8,NA,NA,412,1.72,1.72,2,"0.1",2,"Field",NA,NA,NA,NA,0,0,0,59.8,NA,""
3357,3361,93504,1010,150,2024-09-21 15:00:00,2024-09-21 15:30:00,"21-09-2024 15:00","21-09-2024 15:00",0.5,0.5,0,75,74.8,75,74.5,NA,3.88,"µg/m3",-5.7,0.144,0.0106,102000,"Pa",0.217,0.00249,0.109,7.16,0.0822,20.9,15.9,NA,NA,361,1.86,1.86,2,"0.1",2,"Field",NA,NA,NA,NA,0,0,0,58,NA,""
3357,3361,93505,1010,151,2024-09-21 15:30:00,2024-09-21 16:00:00,"21-09-2024 15:30","21-09-2024 15:30",0.5,0.5,0,75.5,75.2,75.5,75,NA,4,"µg/m3",-10.1,0.158,0.0192,102000,"Pa",0.192,0.0022,0.096,7.26,0.0833,20.6,16,NA,NA,284,1.81,1.81,2,"0.1",2,"Field",NA,NA,NA,NA,0,0,0,58.2,NA,""
3357,3361,93506,1010,152,2024-09-21 16:00:00,2024-09-21 16:30:00,"21-09-2024 16:00","21-09-2024 16:00",0.5,0.5,0,76,75.8,76,75.5,NA,4.16,"µg/m3",-21,0.197,0.0565,102000,"Pa",0.167,0.00192,0.0835,7.34,0.0842,20.2,16.1,NA,NA,207,1.72,1.72,2,"0.1",2,"Field",NA,NA,NA,NA,0,0,0,58.5,NA,""
3357,3361,93507,1010,153,2024-09-21 16:30:00,2024-09-21 17:00:00,"21-09-2024 16:30","21-09-2024 16:30",0.5,0.5,0,76.5,76.2,76.5,76,NA,4.07,"µg/m3",-55.9,0.21,0.102,102000,"Pa",0.152,0.00174,0.0758,7.42,0.0851,19.4,16.2,NA,NA,145,1.53,1.53,2,"0.1",2,"Field",NA,NA,NA,NA,0,0,0,64.9,NA,""
3357,3361,93508,1010,154,2024-09-21 17:00:00,2024-09-21 17:30:00,"21-09-2024 17:00","21-09-2024 17:00",0.5,0.5,0,77,76.8,77,76.5,NA,3.64,"µg/m3",126,0.163,0.0312,102000,"Pa",0.136,0.00156,0.0681,7.48,0.0859,18.7,16.2,NA,NA,84.1,1.67,1.67,2,"0.1",2,"Field",NA,NA,NA,NA,0,0,0,71.3,NA,""
3357,3361,93509,1010,155,2024-09-21 17:30:00,2024-09-21 18:00:00,"21-09-2024 17:30","21-09-2024 17:30",0.5,0.5,0,77.5,77.2,77.5,77,NA,3.53,"µg/m3",184,0.146,0.0626,102000,"Pa",0.0527,0.000604,0.0263,7.51,0.0862,17.8,16.2,NA,NA,45.6,1.24,1.24,2,"0.1",2,"Field",NA,NA,NA,NA,0,0,0,75,NA,""
3357,3361,93510,1010,156,2024-09-21 18:00:00,2024-09-21 18:30:00,"21-09-2024 18:00","21-09-2024 18:00",0.5,0.5,0,78,77.8,78,77.5,NA,3.5,"µg/m3",19.7,0.123,0.0425,102000,"Pa",0.0463,0.000531,0.0231,7.53,0.0864,16.8,16.2,NA,NA,7,1.17,1.17,2,"0.1",2,"Field",NA,NA,NA,NA,0,0,0,78.6,NA,""
3357,3361,93511,1010,157,2024-09-21 18:30:00,2024-09-21 19:00:00,"21-09-2024 18:30","21-09-2024 18:30",0.5,0.5,0,78.5,78.2,78.5,78,NA,3.32,"µg/m3",9.7,0.1,0.0439,102000,"Pa",0.0303,0.000348,0.0152,7.55,0.0866,16,16.2,NA,NA,3.5,0.942,0.942,2,"0.1",2,"Field",NA,NA,NA,NA,0,0,0,82,NA,""
3357,3361,93512,1020,158,2024-09-21 19:00:00,2024-09-21 19:30:00,"21-09-2024 19:00","21-09-2024 19:00",0.5,0.5,0,79,78.8,79,78.5,NA,3.56,"µg/m3",4.3,0.0818,0.0378,102000,"Pa",0.0247,0.000283,0.0123,7.56,0.0868,15.2,16.2,NA,NA,0,0.799,0.799,2,"0.1",2,"Field",NA,NA,NA,NA,0,0,0,85.3,NA,""
3357,3361,93513,1020,159,2024-09-21 19:30:00,2024-09-21 20:00:00,"21-09-2024 19:30","21-09-2024 19:30",0.5,0.5,0,79.5,79.2,79.5,79,NA,7.14,"µg/m3",3.1,0.0807,0.0365,102000,"Pa",0.00937,0.000108,0.00469,7.57,0.0868,14.6,16.2,NA,NA,0,0.795,0.795,2,"0.1",2,"Field",NA,NA,NA,NA,0,0,0,87.8,NA,""
3357,3361,93514,1020,160,2024-09-21 20:00:00,2024-09-21 20:30:00,"21-09-2024 20:00","21-09-2024 20:00",0.5,0.5,0,80,79.8,80,79.5,NA,9.92,"µg/m3",6.3,0.0984,0.0345,102000,"Pa",-0.00592,-6.8e-05,-0.00296,7.56,0.0868,14,16.2,NA,NA,0,0.983,0.983,2,"0.1",2,"Field",NA,NA,NA,NA,0,0,0,90.3,NA,""
3357,3361,93515,1020,161,2024-09-21 20:30:00,2024-09-21 21:00:00,"21-09-2024 20:30","21-09-2024 20:30",0.5,0.5,0,80.5,80.2,80.5,80,NA,9.17,"µg/m3",5.6,0.0952,0.042,102000,"Pa",0.000335,3.84e-06,0.000167,7.56,0.0868,13.6,16.1,NA,NA,0,0.904,0.904,2,"0.1",2,"Field",NA,NA,NA,NA,0,0,0,91.8,NA,""
3357,3361,93516,1020,162,2024-09-21 21:00:00,2024-09-21 21:30:00,"21-09-2024 21:00","21-09-2024 21:00",0.5,0.5,0,81,80.8,81,80.5,NA,8.43,"µg/m3",5.2,0.092,0.296,102000,"Pa",0.00235,2.7e-05,0.00118,7.56,0.0868,13.3,16,NA,NA,0,0.425,0.425,2,"0.1",2,"Field",NA,NA,NA,NA,0,0,0,93.4,NA,""
3357,3361,93517,1020,163,2024-09-21 21:30:00,2024-09-21 22:00:00,"21-09-2024 21:30","21-09-2024 21:30",0.5,0.5,0,81.5,81.2,81.5,81,NA,6.72,"µg/m3",3.2,0.0721,0.498,102000,"Pa",0.00437,5.02e-05,0.00219,7.57,0.0868,13,16,NA,NA,0,0.239,0.239,2,"0.1",2,"Field",NA,NA,NA,NA,0,0,0,94.1,NA,""
3357,3361,93518,1020,164,2024-09-21 22:00:00,2024-09-21 22:30:00,"21-09-2024 22:00","21-09-2024 22:00",0.5,0.5,0,82,81.8,82,81.5,NA,5.68,"µg/m3",4,0.0718,0.599,102000,"Pa",0.0064,7.34e-05,0.0032,7.57,0.0869,12.8,15.9,NA,NA,0,0.205,0.205,2,"0.1",2,"Field",NA,NA,NA,NA,0,0,0,94.8,NA,""
3357,3361,93519,1020,165,2024-09-21 22:30:00,2024-09-21 23:00:00,"21-09-2024 22:30","21-09-2024 22:30",0.5,0.5,0,82.5,82.2,82.5,82,NA,5.54,"µg/m3",4.2,0.0702,0.161,102000,"Pa",0.00842,9.66e-05,0.00421,7.57,0.0869,12.8,15.8,NA,NA,0,0.432,0.432,2,"0.1",2,"Field",NA,NA,NA,NA,0,0,0,95.3,NA,""
3357,3361,93520,1020,166,2024-09-21 23:00:00,2024-09-21 23:30:00,"21-09-2024 23:00","21-09-2024 23:00",0.5,0.5,0,83,82.8,83,82.5,NA,5.31,"µg/m3",3.2,0.0348,0.199,102000,"Pa",0.0104,0.00012,0.00522,7.58,0.087,12.7,15.8,NA,NA,0,0.195,0.195,2,"0.1",2,"Field",NA,NA,NA,NA,0,0,0,95.8,NA,""
3357,3361,93521,1020,167,2024-09-21 23:30:00,2024-09-22,"21-09-2024 23:30","21-09-2024 23:30",0.5,0.5,0,83.5,83.2,83.5,83,NA,5.04,"µg/m3",NA,0.0286,0.0691,102000,"Pa",0.0125,0.000143,0.00623,7.59,0.087,12.6,15.8,NA,NA,0.05,0.236,0.236,2,"0.1",2,"Field",NA,NA,NA,NA,0,0,0,96,NA,""
3357,3361,93522,1020,168,2024-09-22,2024-09-22 00:30:00,"22-09-2024 00:00","22-09-2024 00:00",0.5,0.5,0,84,83.8,84,83.5,NA,4.78,"µg/m3",NA,0.0172,0.00959,102000,"Pa",0.0145,0.000166,0.00724,7.59,0.0871,12.4,15.7,NA,NA,0.1,0.227,0.227,2,"0.1",2,"Field",NA,NA,NA,NA,0,0,0,96.3,NA,""
3357,3361,93523,1030,169,2024-09-22 00:30:00,2024-09-22 01:00:00,"22-09-2024 00:30","22-09-2024 00:30",0.5,0.5,0,84.5,84.2,84.5,84,NA,5.21,"µg/m3",-6.2,0.0432,0.421,102000,"Pa",0.0165,0.000189,0.00825,7.6,0.0872,11.7,15.6,NA,NA,0.05,0.161,0.161,2,"0.1",2,"Field",NA,NA,NA,NA,0,0,0,96.2,NA,""
3357,3361,93524,1030,170,2024-09-22 01:00:00,2024-09-22 01:30:00,"22-09-2024 01:00","22-09-2024 01:00",0.5,0.5,0,85,84.8,85,84.5,NA,5.26,"µg/m3",7.5,0.0171,0.367,102000,"Pa",0.0185,0.000212,0.00926,7.61,0.0873,11,15.6,NA,NA,0,0.0696,0.0696,2,"0.1",2,"Field",NA,NA,NA,NA,0,0,0,96,NA,""
3357,3361,93525,1030,171,2024-09-22 01:30:00,2024-09-22 02:00:00,"22-09-2024 01:30","22-09-2024 01:30",0.5,0.5,0,85.5,85.2,85.5,85,NA,5.11,"µg/m3",26.2,0.0456,0.625,102000,"Pa",0.0205,0.000236,0.0103,7.62,0.0874,10.9,15.5,NA,NA,0.2,0.125,0.125,2,"0.1",2,"Field",NA,NA,NA,NA,0,0,0,96.4,NA,""
3357,3361,93526,1030,172,2024-09-22 02:00:00,2024-09-22 02:30:00,"22-09-2024 02:00","22-09-2024 02:00",0.5,0.5,0,86,85.8,86,85.5,NA,4.49,"µg/m3",3.1,0.0345,0.0754,102000,"Pa",0.0226,0.000259,0.0113,7.63,0.0876,10.8,15.4,NA,NA,0.4,0.278,0.278,2,"0.1",2,"Field",NA,NA,NA,NA,0,0,0,96.9,NA,""
3357,3361,93527,1030,173,2024-09-22 02:30:00,2024-09-22 03:00:00,"22-09-2024 02:30","22-09-2024 02:30",0.5,0.5,0,86.5,86.2,86.5,86,NA,4.34,"µg/m3",4.7,0.0378,0.000355,102000,"Pa",0.0246,0.000282,0.0123,7.64,0.0877,10.8,15.4,NA,NA,0.2,0.809,0.809,2,"0.1",2,"Field",NA,NA,NA,NA,0,0,0,97.2,NA,""
3357,3361,93528,1030,174,2024-09-22 03:00:00,2024-09-22 03:30:00,"22-09-2024 03:00","22-09-2024 03:00",0.5,0.5,0,87,86.8,87,86.5,NA,4.51,"µg/m3",19.7,0.0309,6.72e-05,102000,"Pa",0.0266,0.000305,0.0133,7.66,0.0879,10.9,15.3,NA,NA,0,0.791,0.791,2,"0.1",2,"Field",NA,NA,NA,NA,0,0,0,97.6,NA,""
3357,3361,93529,1030,175,2024-09-22 03:30:00,2024-09-22 04:00:00,"22-09-2024 03:30","22-09-2024 03:30",0.5,0.5,0,87.5,87.2,87.5,87,NA,3.95,"µg/m3",11.1,0.0737,0.0345,102000,"Pa",0.0286,0.000328,0.0143,7.67,0.088,10.8,15.2,NA,NA,0.05,0.736,0.736,2,"0.1",2,"Field",NA,NA,NA,NA,0,0,0,97.7,NA,""
3357,3361,93530,1030,176,2024-09-22 04:00:00,2024-09-22 04:30:00,"22-09-2024 04:00","22-09-2024 04:00",0.5,0.5,0,88,87.8,88,87.5,NA,3.53,"µg/m3",12.1,0.0571,0.0618,102000,"Pa",0.00848,9.73e-05,0.00424,7.68,0.0881,10.8,15.2,NA,NA,0.1,0.487,0.487,2,"0.1",2,"Field",NA,NA,NA,NA,0,0,0,97.8,NA,""
3357,3361,93531,1030,177,2024-09-22 04:30:00,2024-09-22 05:00:00,"22-09-2024 04:30","22-09-2024 04:30",0.5,0.5,0,88.5,88.2,88.5,88,NA,4.17,"µg/m3",5.5,0.0369,0.102,101000,"Pa",0.00953,0.000109,0.00476,7.68,0.0881,10.2,15.2,NA,NA,0.05,0.269,0.269,2,"0.1",2,"Field",NA,NA,NA,NA,0,0,0,97.7,NA,""
3357,3361,93532,1040,178,2024-09-22 05:00:00,2024-09-22 05:30:00,"22-09-2024 05:00","22-09-2024 05:00",0.5,0.5,0,89,88.8,89,88.5,NA,4.06,"µg/m3",-2.2,0.0237,0.157,101000,"Pa",0.0106,0.000121,0.00528,7.69,0.0882,9.7,15.1,NA,NA,0,0.147,0.147,2,"0.1",2,"Field",NA,NA,NA,NA,0,0,0,97.6,NA,""
3357,3361,93533,1040,179,2024-09-22 05:30:00,2024-09-22 06:00:00,"22-09-2024 05:30","22-09-2024 05:30",0.5,0.5,0,89.5,89.2,89.5,89,NA,4.18,"µg/m3",3.6,0.0456,0.0453,101000,"Pa",0.0116,0.000133,0.00581,7.69,0.0883,9.55,15,NA,NA,5.8,0.424,0.424,2,"0.1",2,"Field",NA,NA,NA,NA,0,0,0,97.6,NA,""
3357,3361,93534,1040,180,2024-09-22 06:00:00,2024-09-22 06:30:00,"22-09-2024 06:00","22-09-2024 06:00",0.5,0.5,0,90,89.8,90,89.5,NA,4.14,"µg/m3",-33.5,0.0354,0.148,101000,"Pa",0.0127,0.000145,0.00633,7.7,0.0883,9.4,15,NA,NA,11.6,0.225,0.225,2,"0.1",2,"Field",NA,NA,NA,NA,0,0,0,97.7,NA,""
3357,3361,93535,1040,181,2024-09-22 06:30:00,2024-09-22 07:00:00,"22-09-2024 06:30","22-09-2024 06:30",0.5,0.5,0,90.5,90.2,90.5,90,NA,3.83,"µg/m3",-4.1,0.0237,0.00304,101000,"Pa",0.0137,0.000157,0.00685,7.7,0.0884,9.6,15,NA,NA,44.6,0.381,0.381,2,"0.1",2,"Field",NA,NA,NA,NA,0,0,0,97.8,NA,""
3357,3361,93536,1040,182,2024-09-22 07:00:00,2024-09-22 07:30:00,"22-09-2024 07:00","22-09-2024 07:00",0.5,0.5,0,91,90.8,91,90.5,NA,3.56,"µg/m3",-29.6,0.0391,0.468,101000,"Pa",0.0147,0.000169,0.00737,7.71,0.0885,9.8,15,NA,NA,77.5,0.136,0.136,2,"0.1",2,"Field",NA,NA,NA,NA,0,0,0,98,NA,""
3357,3361,93537,1040,183,2024-09-22 07:30:00,2024-09-22 08:00:00,"22-09-2024 07:30","22-09-2024 07:30",0.5,0.5,0,91.5,91.2,91.5,91,NA,3.59,"µg/m3",4.2,0.0157,0.00309,101000,"Pa",0.0158,0.000181,0.00789,7.72,0.0886,10.8,15,NA,NA,142,0.251,0.251,2,"0.1",2,"Field",NA,NA,NA,NA,0,0,0,98.2,NA,""
3357,3361,93538,1040,184,2024-09-22 08:00:00,2024-09-22 08:30:00,"22-09-2024 08:00","22-09-2024 08:00",0.5,0.5,0,92,91.8,92,91.5,NA,3.89,"µg/m3",-260,0.0763,0.597,101000,"Pa",0.0168,0.000193,0.00841,7.73,0.0887,11.9,14.9,NA,NA,206,0.218,0.218,2,"0.1",2,"Field",NA,NA,NA,NA,0,0,0,98.3,NA,""
3357,3361,93539,1040,185,2024-09-22 08:30:00,2024-09-22 09:00:00,"22-09-2024 08:30","22-09-2024 08:30",0.5,0.5,0,92.5,92.2,92.5,92,NA,4.11,"µg/m3",NA,NA,NA,101000,"Pa",0.0179,0.000205,0.00893,7.74,0.0888,13.2,14.8,NA,NA,298,0.495,0.495,2,"0.1",2,"Field",NA,NA,NA,NA,0,0,0,98.2,NA,""
3357,3361,93540,1040,186,2024-09-22 09:00:00,2024-09-22 09:30:00,"22-09-2024 09:00","22-09-2024 09:00",0.5,0.5,0,93,92.8,93,92.5,NA,4.33,"µg/m3",-6.5,0.101,0.0882,101000,"Pa",0.0189,0.000217,0.00945,7.75,0.0889,14.5,14.8,NA,NA,390,0.772,0.772,2,"0.1",2,"Field",NA,NA,NA,NA,0,0,0,98,NA,""
3357,3361,93541,1040,187,2024-09-22 09:30:00,2024-09-22 10:00:00,"22-09-2024 09:30","22-09-2024 09:30",0.5,0.5,0,93.5,93.2,93.5,93,NA,4.71,"µg/m3",-4.8,0.113,0.114,101000,"Pa",0.0382,0.000438,0.0191,7.77,0.0891,15,14.8,NA,NA,432,0.793,0.793,2,"0.1",2,"Field",NA,NA,NA,NA,0,0,0,94.4,NA,""
3357,3361,93542,1040,188,2024-09-22 10:00:00,2024-09-22 10:30:00,"22-09-2024 10:00","22-09-2024 10:00",0.5,0.5,0,94,93.8,94,93.5,NA,4.95,"µg/m3",-15.2,0.191,0.0826,101000,"Pa",0.0574,0.000659,0.0287,7.79,0.0894,15.6,14.9,NA,NA,474,1.49,1.49,2,"0.1",2,"Field",NA,NA,NA,NA,0,0,0,90.8,NA,""
3357,3361,93543,1050,189,2024-09-22 10:30:00,2024-09-22 11:00:00,"22-09-2024 10:30","22-09-2024 10:30",0.5,0.5,0,94.5,94.2,94.5,94,NA,5.05,"µg/m3",-9.5,0.177,0.039,101000,"Pa",0.106,0.00122,0.0531,7.85,0.09,15.6,15,NA,NA,461,1.72,1.72,2,"0.1",2,"Field",NA,NA,NA,NA,0,0,0,90.9,NA,""
3357,3361,93544,1050,190,2024-09-22 11:00:00,2024-09-22 11:30:00,"22-09-2024 11:00","22-09-2024 11:00",0.5,0.5,0,95,94.8,95,94.5,NA,4.71,"µg/m3",-15.9,0.231,0.0355,101000,"Pa",0.226,0.0026,0.113,7.96,0.0913,15.6,15,NA,NA,448,2.29,2.29,2,"0.1",2,"Field",NA,NA,NA,NA,0,0,0,91,NA,""
3357,3361,93545,1050,191,2024-09-22 11:30:00,2024-09-22 12:00:00,"22-09-2024 11:30","22-09-2024 11:30",0.5,0.5,0,95.5,95.2,95.5,95,NA,4.51,"µg/m3",-5.8,0.162,0.0153,101000,"Pa",0.193,0.00221,0.0964,8.06,0.0925,17,15,NA,NA,495,1.95,1.95,2,"0.1",2,"Field",NA,NA,NA,NA,0,0,0,86.1,NA,""
3357,3361,93546,1050,192,2024-09-22 12:00:00,2024-09-22 12:30:00,"22-09-2024 12:00","22-09-2024 12:00",0.5,0.5,0,96,95.8,96,95.5,NA,4.27,"µg/m3",-6.8,0.184,0.0381,101000,"Pa",0.159,0.00183,0.0796,8.14,0.0934,18.5,15.1,NA,NA,542,1.79,1.79,2,"0.1",2,"Field",NA,NA,NA,NA,0,0,0,81.2,NA,""
3357,3361,93547,1050,193,2024-09-22 12:30:00,2024-09-22 13:00:00,"22-09-2024 12:30","22-09-2024 12:30",0.5,0.5,0,96.5,96.2,96.5,96,NA,4.14,"µg/m3",-7.5,0.172,0.0276,101000,"Pa",0.126,0.00144,0.0628,8.2,0.0941,19,15.2,NA,NA,504,1.81,1.81,2,"0.1",2,"Field",NA,NA,NA,NA,0,0,0,77.3,NA,""
3357,3361,93548,1050,194,2024-09-22 13:00:00,2024-09-22 13:30:00,"22-09-2024 13:00","22-09-2024 13:00",0.5,0.5,0,97,96.8,97,96.5,NA,4.24,"µg/m3",-6.7,0.18,0.0285,101000,"Pa",0.151,0.00173,0.0754,8.28,0.095,19.4,15.3,NA,NA,467,1.89,1.89,2,"0.1",2,"Field",NA,NA,NA,NA,0,0,0,73.4,NA,""
3357,3361,93549,1050,195,2024-09-22 13:30:00,2024-09-22 14:00:00,"22-09-2024 13:30","22-09-2024 13:30",0.5,0.5,0,97.5,97.2,97.5,97,NA,4.09,"µg/m3",-11.3,0.216,0.0461,101000,"Pa",0.126,0.00145,0.0631,8.34,0.0957,19.4,15.4,NA,NA,449,2,2,2,"0.1",2,"Field",NA,NA,NA,NA,0,0,0,72.2,NA,""
3357,3361,93550,1050,196,2024-09-22 14:00:00,2024-09-22 14:30:00,"22-09-2024 14:00","22-09-2024 14:00",0.5,0.5,0,98,97.8,98,97.5,NA,3.95,"µg/m3",-9,0.173,0.021,101000,"Pa",0.14,0.00161,0.0702,8.41,0.0965,19.5,15.5,NA,NA,432,1.94,1.94,2,"0.1",2,"Field",NA,NA,NA,NA,0,0,0,70.9,NA,""
3357,3361,93551,1050,197,2024-09-22 14:30:00,2024-09-22 15:00:00,"22-09-2024 14:30","22-09-2024 14:30",0.5,0.5,0,98.5,98.2,98.5,98,NA,3.91,"µg/m3",-12.4,0.2,0.0301,101000,"Pa",0.141,0.00161,0.0703,8.48,0.0973,19.4,15.6,NA,NA,387,2.07,2.07,2,"0.1",2,"Field",NA,NA,NA,NA,0,0,0,70,NA,""
3357,3361,93552,1060,198,2024-09-22 15:00:00,2024-09-22 15:30:00,"22-09-2024 15:00","22-09-2024 15:00",0.5,0.5,0,99,98.8,99,98.5,NA,3.86,"µg/m3",-12.3,0.204,0.0354,101000,"Pa",0.137,0.00158,0.0687,8.55,0.0981,19.4,15.7,NA,NA,343,2.02,2.02,2,"0.1",2,"Field",NA,NA,NA,NA,0,0,0,69,NA,""
3357,3361,93553,1060,199,2024-09-22 15:30:00,2024-09-22 16:00:00,"22-09-2024 15:30","22-09-2024 15:30",0.5,0.5,0,99.5,99.2,99.5,99,NA,3.85,"µg/m3",-11,0.179,0.0273,101000,"Pa",0.137,0.00158,0.0687,8.62,0.0989,19,15.8,NA,NA,275,1.9,1.9,2,"0.1",2,"Field",NA,NA,NA,NA,0,0,0,68.2,NA,""
3357,3361,93554,1060,200,2024-09-22 16:00:00,2024-09-22 16:30:00,"22-09-2024 16:00","22-09-2024 16:00",0.5,0.5,0,100,99.8,100,99.5,NA,3.92,"µg/m3",-8.3,0.143,0.0118,101000,"Pa",0.153,0.00175,0.0763,8.69,0.0997,18.6,15.8,NA,NA,206,1.82,1.82,2,"0.1",2,"Field",NA,NA,NA,NA,0,0,0,67.4,NA,""
3357,3361,93555,1060,201,2024-09-22 16:30:00,2024-09-22 17:00:00,"22-09-2024 16:30","22-09-2024 16:30",0.5,0.5,0,100,100,100,100,NA,3.81,"µg/m3",-19.6,0.172,0.0246,101000,"Pa",0.131,0.0015,0.0655,8.76,0.1,18,15.8,NA,NA,142,1.87,1.87,2,"0.1",2,"Field",NA,NA,NA,NA,0,0,0,69.9,NA,""
3357,3361,93556,1060,202,2024-09-22 17:00:00,2024-09-22 17:30:00,"22-09-2024 17:00","22-09-2024 17:00",0.5,0.5,0,101,101,101,100,NA,3.65,"µg/m3",-33.3,0.145,0.0167,101000,"Pa",0.106,0.00121,0.0529,8.81,0.101,17.3,15.9,NA,NA,77.6,1.71,1.71,2,"0.1",2,"Field",NA,NA,NA,NA,0,0,0,72.4,NA,""
3357,3361,93557,1060,203,2024-09-22 17:30:00,2024-09-22 18:00:00,"22-09-2024 17:30","22-09-2024 17:30",0.5,0.5,0,102,101,102,101,NA,3.7,"µg/m3",-165,0.149,0.0312,101000,"Pa",0.0742,0.000852,0.0371,8.85,0.102,16.4,15.9,NA,NA,41.5,1.52,1.52,2,"0.1",2,"Field",NA,NA,NA,NA,0,0,0,75.6,NA,""
3357,3361,93558,1060,204,2024-09-22 18:00:00,2024-09-22 18:30:00,"22-09-2024 18:00","22-09-2024 18:00",0.5,0.5,0,102,102,102,102,NA,3.47,"µg/m3",15.7,0.124,0.0294,101000,"Pa",0.0519,0.000596,0.026,8.87,0.102,15.5,15.9,NA,NA,5.4,1.28,1.28,2,"0.1",2,"Field",NA,NA,NA,NA,0,0,0,78.8,NA,""
3357,3361,93559,1060,205,2024-09-22 18:30:00,2024-09-22 19:00:00,"22-09-2024 18:30","22-09-2024 18:30",0.5,0.5,0,102,102,102,102,NA,3.47,"µg/m3",9.5,0.107,0.0659,101000,"Pa",0.0365,0.000419,0.0182,8.89,0.102,14.7,15.9,NA,NA,2.7,0.891,0.891,2,"0.1",2,"Field",NA,NA,NA,NA,0,0,0,82.4,NA,""
3357,3361,93560,1060,206,2024-09-22 19:00:00,2024-09-22 19:30:00,"22-09-2024 19:00","22-09-2024 19:00",0.5,0.5,0,103,103,103,102,NA,3.69,"µg/m3",4.9,0.0748,0.0612,101000,"Pa",0.033,0.000378,0.0165,8.91,0.102,13.9,15.9,NA,NA,0,0.639,0.639,2,"0.1",2,"Field",NA,NA,NA,NA,0,0,0,85.9,NA,""
3357,3361,93561,1060,207,2024-09-22 19:30:00,2024-09-22 20:00:00,"22-09-2024 19:30","22-09-2024 19:30",0.5,0.5,0,104,103,104,103,NA,3.52,"µg/m3",2.2,0.0458,0.00851,101000,"Pa",0.0313,0.000359,0.0157,8.92,0.102,13.3,15.8,NA,NA,0,0.618,0.618,2,"0.1",2,"Field",NA,NA,NA,NA,0,0,0,88.2,NA,""
3357,3361,93562,1060,208,2024-09-22 20:00:00,2024-09-22 20:30:00,"22-09-2024 20:00","22-09-2024 20:00",0.5,0.5,0,104,104,104,104,NA,3.06,"µg/m3",12.8,0.0152,0.000817,101000,"Pa",0.0297,0.000341,0.0148,8.94,0.103,12.7,15.8,NA,NA,0,0.294,0.294,2,"0.1",2,"Field",NA,NA,NA,NA,0,0,0,90.4,NA,""
3357,3361,93563,1070,209,2024-09-22 20:30:00,2024-09-22 21:00:00,"22-09-2024 20:30","22-09-2024 20:30",0.5,0.5,0,104,104,104,104,NA,3.06,"µg/m3",NA,0.0173,0.0691,101000,"Pa",0.028,0.000322,0.014,8.95,0.103,12.2,15.8,NA,NA,0.55,0.143,0.143,2,"0.1",2,"Field",NA,NA,NA,NA,0,0,0,91.8,NA,""
3357,3361,93564,1070,210,2024-09-22 21:00:00,2024-09-22 21:30:00,"22-09-2024 21:00","22-09-2024 21:00",0.5,0.5,0,105,105,105,104,NA,3.16,"µg/m3",14.2,0.0278,0.888,101000,"Pa",0.0264,0.000303,0.0132,8.97,0.103,11.8,15.7,NA,NA,1.1,0.0517,0.0517,2,"0.1",2,"Field",NA,NA,NA,NA,0,0,0,93.2,NA,""
3357,3361,93565,1070,211,2024-09-22 21:30:00,2024-09-22 22:00:00,"22-09-2024 21:30","22-09-2024 21:30",0.5,0.5,0,106,105,106,105,NA,3.05,"µg/m3",NA,0.01,1.32e-05,101000,"Pa",0.0247,0.000284,0.0124,8.98,0.103,11.8,15.6,NA,NA,0.8,0.296,0.296,2,"0.1",2,"Field",NA,NA,NA,NA,0,0,0,94.6,NA,""
3357,3361,93566,1070,212,2024-09-22 22:00:00,2024-09-22 22:30:00,"22-09-2024 22:00","22-09-2024 22:00",0.5,0.5,0,106,106,106,106,NA,2.81,"µg/m3",NA,0.024,0.000173,101000,"Pa",0.0231,0.000265,0.0115,8.99,0.103,11.8,15.6,NA,NA,0.5,0.557,0.557,2,"0.1",2,"Field",NA,NA,NA,NA,0,0,0,96.1,NA,""
3357,3361,93567,1070,213,2024-09-22 22:30:00,2024-09-22 23:00:00,"22-09-2024 22:30","22-09-2024 22:30",0.5,0.5,0,106,106,106,106,NA,2.61,"µg/m3",NA,0.02,0.00149,101000,"Pa",0.0214,0.000246,0.0107,9,0.103,11.5,15.5,NA,NA,0.25,0.356,0.356,2,"0.1",2,"Field",NA,NA,NA,NA,0,0,0,96.4,NA,""
3357,3361,93568,1070,214,2024-09-22 23:00:00,2024-09-22 23:30:00,"22-09-2024 23:00","22-09-2024 23:00",0.5,0.5,0,107,107,107,106,NA,2.61,"µg/m3",2.6,0.0264,0.016,101000,"Pa",0.0198,0.000227,0.00988,9.01,0.103,11.2,15.4,NA,NA,0,0.314,0.314,2,"0.1",2,"Field",NA,NA,NA,NA,0,0,0,96.8,NA,""
3357,3361,93569,1070,215,2024-09-22 23:30:00,2024-09-23,"22-09-2024 23:30","22-09-2024 23:30",0.5,0.5,0,108,107,108,107,NA,2.78,"µg/m3",NA,0.0417,0.0699,101000,"Pa",0.0181,0.000208,0.00905,9.02,0.103,10.8,15.4,NA,NA,0,0.343,0.343,2,"0.1",2,"Field",NA,NA,NA,NA,0,0,0,97,NA,""
3357,3361,93570,1070,216,2024-09-23,2024-09-23 00:30:00,"23-09-2024 00:00","23-09-2024 00:00",0.5,0.5,0,108,108,108,108,NA,3.52,"µg/m3",NA,0.0245,0.0166,101000,"Pa",0.0164,0.000189,0.00822,9.03,0.104,10.5,15.3,NA,NA,0,0.289,0.289,2,"0.1",2,"Field",NA,NA,NA,NA,0,0,0,97.1,NA,""
3357,3361,93571,1070,217,2024-09-23 00:30:00,2024-09-23 01:00:00,"23-09-2024 00:30","23-09-2024 00:30",0.5,0.5,0,108,108,108,108,NA,3.67,"µg/m3",NA,0.0212,0.0413,101000,"Pa",0.0148,0.00017,0.0074,9.04,0.104,10,15.2,NA,NA,0,0.202,0.202,2,"0.1",2,"Field",NA,NA,NA,NA,0,0,0,97.2,NA,""
3357,3361,93572,1080,218,2024-09-23 01:00:00,2024-09-23 01:30:00,"23-09-2024 01:00","23-09-2024 01:00",0.5,0.5,0,109,109,109,108,NA,3.63,"µg/m3",-5.6,0.0136,0.0469,101000,"Pa",0.0131,0.000151,0.00657,9.04,0.104,9.6,15.2,NA,NA,0,0.125,0.125,2,"0.1",2,"Field",NA,NA,NA,NA,0,0,0,97.2,NA,""
3357,3361,93573,1080,219,2024-09-23 01:30:00,2024-09-23 02:00:00,"23-09-2024 01:30","23-09-2024 01:30",0.5,0.5,0,110,109,110,109,NA,3.31,"µg/m3",2.3,0.0444,0.0624,101000,"Pa",0.0115,0.000132,0.00575,9.05,0.104,9.35,15.2,NA,NA,0,0.377,0.377,2,"0.1",2,"Field",NA,NA,NA,NA,0,0,0,97.3,NA,""
3357,3361,93574,1080,220,2024-09-23 02:00:00,2024-09-23 02:30:00,"23-09-2024 02:00","23-09-2024 02:00",0.5,0.5,0,110,110,110,110,NA,3.17,"µg/m3",NA,0.0156,6.81e-05,101000,"Pa",0.00984,0.000113,0.00492,9.05,0.104,9.1,15.1,NA,NA,0,0.398,0.398,2,"0.1",2,"Field",NA,NA,NA,NA,0,0,0,97.4,NA,""
3357,3361,93575,1080,221,2024-09-23 02:30:00,2024-09-23 03:00:00,"23-09-2024 02:30","23-09-2024 02:30",0.5,0.5,0,110,110,110,110,NA,3.22,"µg/m3",NA,0.0323,0.0158,101000,"Pa",0.00818,9.39e-05,0.00409,9.06,0.104,8.6,15,NA,NA,0,0.385,0.385,2,"0.1",2,"Field",NA,NA,NA,NA,0,0,0,97.3,NA,""
3357,3361,93576,1080,222,2024-09-23 03:00:00,2024-09-23 03:30:00,"23-09-2024 03:00","23-09-2024 03:00",0.5,0.5,0,111,111,111,110,NA,3.55,"µg/m3",NA,0.0201,0.0212,101000,"Pa",0.00653,7.49e-05,0.00327,9.06,0.104,8.1,15,NA,NA,0,0.225,0.225,2,"0.1",2,"Field",NA,NA,NA,NA,0,0,0,97.2,NA,""
3357,3361,93577,1080,223,2024-09-23 03:30:00,2024-09-23 04:00:00,"23-09-2024 03:30","23-09-2024 03:30",0.5,0.5,0,112,111,112,111,NA,3.67,"µg/m3",9.3,0.0238,0.0584,101000,"Pa",0.00488,5.6e-05,0.00244,9.06,0.104,7.8,15,NA,NA,0,0.206,0.206,2,"0.1",2,"Field",NA,NA,NA,NA,0,0,0,97.2,NA,""
3357,3361,93578,1080,224,2024-09-23 04:00:00,2024-09-23 04:30:00,"23-09-2024 04:00","23-09-2024 04:00",0.5,0.5,0,112,112,112,112,NA,3.47,"µg/m3",-2.6,0.0176,0.0123,101000,"Pa",0.00987,0.000113,0.00494,9.07,0.104,7.5,14.9,NA,NA,0,0.22,0.22,2,"0.1",2,"Field",NA,NA,NA,NA,0,0,0,97.2,NA,""
3357,3361,93579,1080,225,2024-09-23 04:30:00,2024-09-23 05:00:00,"23-09-2024 04:30","23-09-2024 04:30",0.5,0.5,0,112,112,112,112,NA,3.31,"µg/m3",5.2,0.0227,0.0148,101000,"Pa",0.0149,0.000171,0.00743,9.07,0.104,7.8,14.8,NA,NA,0.5,0.275,0.275,2,"0.1",2,"Field",NA,NA,NA,NA,0,0,0,97.4,NA,""
3357,3361,93580,1080,226,2024-09-23 05:00:00,2024-09-23 05:30:00,"23-09-2024 05:00","23-09-2024 05:00",0.5,0.5,0,113,113,113,112,NA,4.04,"µg/m3",15.5,0.0358,0.49,101000,"Pa",0.0199,0.000228,0.00993,9.08,0.104,8.1,14.8,NA,NA,1,0.12,0.12,2,"0.1",2,"Field",NA,NA,NA,NA,0,0,0,97.7,NA,""
3357,3361,93581,1080,227,2024-09-23 05:30:00,2024-09-23 06:00:00,"23-09-2024 05:30","23-09-2024 05:30",0.5,0.5,0,114,113,114,113,NA,3.96,"µg/m3",-7.7,0.0197,0.016,101000,"Pa",0.0248,0.000285,0.0124,9.1,0.104,8.85,14.7,NA,NA,5.35,0.234,0.234,2,"0.1",2,"Field",NA,NA,NA,NA,0,0,0,98,NA,""
3357,3361,93582,1080,228,2024-09-23 06:00:00,2024-09-23 06:30:00,"23-09-2024 06:00","23-09-2024 06:00",0.5,0.5,0,114,114,114,114,NA,4.08,"µg/m3",-3.4,0.0349,0.495,101000,"Pa",0.0298,0.000342,0.0149,9.11,0.105,9.6,14.6,NA,NA,9.7,0.116,0.116,2,"0.1",2,"Field",NA,NA,NA,NA,0,0,0,98.2,NA,""
3357,3361,93583,1090,229,2024-09-23 06:30:00,2024-09-23 07:00:00,"23-09-2024 06:30","23-09-2024 06:30",0.5,0.5,0,114,114,114,114,NA,4.14,"µg/m3",-6.7,0.0392,0.658,1e+05,"Pa",0.0348,4e-04,0.0174,9.13,0.105,10.4,14.6,NA,NA,28.5,0.102,0.102,2,"0.1",2,"Field",NA,NA,NA,NA,0,0,0,98.3,NA,""
3357,3361,93584,1090,230,2024-09-23 07:00:00,2024-09-23 07:30:00,"23-09-2024 07:00","23-09-2024 07:00",0.5,0.5,0,115,115,115,114,NA,3.66,"µg/m3",43.7,0.086,0.0353,1e+05,"Pa",0.0398,0.000457,0.0199,9.15,0.105,11.3,14.6,NA,NA,47.3,0.854,0.854,2,"0.1",2,"Field",NA,NA,NA,NA,0,0,0,98.4,NA,""
3357,3361,93585,1090,231,2024-09-23 07:30:00,2024-09-23 08:00:00,"23-09-2024 07:30","23-09-2024 07:30",0.5,0.5,0,116,115,116,115,NA,3.31,"µg/m3",-31.1,0.0733,0.0126,1e+05,"Pa",0.0455,0.000522,0.0227,9.17,0.105,11.6,14.6,NA,NA,65.2,0.915,0.915,2,"0.1",2,"Field",NA,NA,NA,NA,0,0,0,98.4,NA,""
3357,3361,93586,1090,232,2024-09-23 08:00:00,2024-09-23 08:30:00,"23-09-2024 08:00","23-09-2024 08:00",0.5,0.5,0,116,116,116,116,NA,3.13,"µg/m3",-38.1,0.095,0.0329,1e+05,"Pa",0.0512,0.000587,0.0256,9.2,0.106,12,14.5,NA,NA,83.1,0.959,0.959,2,"0.1",2,"Field",NA,NA,NA,NA,0,0,0,98.5,NA,""
3357,3361,93587,1090,233,2024-09-23 08:30:00,2024-09-23 09:00:00,"23-09-2024 08:30","23-09-2024 08:30",0.5,0.5,0,116,116,116,116,NA,3.14,"µg/m3",-28.2,0.171,0.0432,1e+05,"Pa",0.0588,0.000675,0.0294,9.23,0.106,12.2,14.5,NA,NA,99.7,1.61,1.61,2,"0.1",2,"Field",NA,NA,NA,NA,0,0,0,98.5,NA,""
3357,3361,93588,1090,234,2024-09-23 09:00:00,2024-09-23 09:30:00,"23-09-2024 09:00","23-09-2024 09:00",0.5,0.5,0,117,117,117,116,NA,3.32,"µg/m3",-34.1,0.209,0.037,1e+05,"Pa",0.0718,0.000824,0.0359,9.26,0.106,12.4,14.5,NA,NA,116,2.05,2.05,2,"0.1",2,"Field",NA,NA,NA,NA,0,0,0,98.5,NA,""
3357,3361,93589,1090,235,2024-09-23 09:30:00,2024-09-23 10:00:00,"23-09-2024 09:30","23-09-2024 09:30",0.5,0.5,0,118,117,118,117,NA,3.52,"µg/m3",-21.7,0.191,0.0293,1e+05,"Pa",0.0682,0.000782,0.0341,9.3,0.107,12.6,14.6,NA,NA,141,1.98,1.98,2,"0.1",2,"Field",NA,NA,NA,NA,0,0,0,98.3,NA,""
3357,3361,93590,1090,236,2024-09-23 10:00:00,2024-09-23 10:30:00,"23-09-2024 10:00","23-09-2024 10:00",0.5,0.5,0,118,118,118,118,NA,3.66,"µg/m3",-19.5,0.186,0.0567,1e+05,"Pa",0.0287,0.000329,0.0144,9.31,0.107,12.7,14.6,NA,NA,166,1.62,1.62,2,"0.1",2,"Field",NA,NA,NA,NA,0,0,0,98.1,NA,""
3357,3361,93591,1090,237,2024-09-23 10:30:00,2024-09-23 11:00:00,"23-09-2024 10:30","23-09-2024 10:30",0.5,0.5,0,118,118,118,118,NA,3.85,"µg/m3",-23.3,0.207,0.0698,1e+05,"Pa",0.0378,0.000434,0.0189,9.33,0.107,13.1,14.6,NA,NA,216,1.7,1.7,2,"0.1",2,"Field",NA,NA,NA,NA,0,0,0,96.8,NA,""
3357,3361,93592,1100,238,2024-09-23 11:00:00,2024-09-23 11:30:00,"23-09-2024 11:00","23-09-2024 11:00",0.5,0.5,0,119,119,119,118,NA,3.85,"µg/m3",-28.1,0.219,0.101,1e+05,"Pa",0.0303,0.000348,0.0152,9.35,0.107,13.5,14.6,NA,NA,266,1.6,1.6,2,"0.1",2,"Field",NA,NA,NA,NA,0,0,0,95.6,NA,""
3357,3361,93593,1100,239,2024-09-23 11:30:00,2024-09-23 12:00:00,"23-09-2024 11:30","23-09-2024 11:30",0.5,0.5,0,120,119,120,119,NA,3.85,"µg/m3",-13.2,0.16,0.0539,1e+05,"Pa",0.0228,0.000262,0.0114,9.36,0.107,14.4,14.6,NA,NA,338,1.42,1.42,2,"0.1",2,"Field",NA,NA,NA,NA,0,0,0,92.4,NA,""
3357,3361,93594,1100,240,2024-09-23 12:00:00,2024-09-23 12:30:00,"23-09-2024 12:00","23-09-2024 12:00",0.5,0.5,0,120,120,120,120,NA,4.2,"µg/m3",-21.6,0.208,0.0683,1e+05,"Pa",0.0336,0.000386,0.0168,9.37,0.108,15.2,14.7,NA,NA,410,1.72,1.72,2,"0.1",2,"Field",NA,NA,NA,NA,0,0,0,89.2,NA,""
3358,3362,93595,591,1,2024-09-18 12:55:00,2024-09-18 15:27:00,"18-09-2024 12:55","18-09-2024 12:55",2.53,2.53,0,2.53,1.27,2.53,0,NA,0.116,"ppm",NA,NA,NA,NA,NA,0.149,0.00184,0.378,0.378,0.00465,19.9,NA,NA,NA,NA,NA,NA,2,NA,2,NA,NA,NA,NA,NA,0,0,0,NA,NA,""
3358,3362,93596,592,2,2024-09-18 15:27:00,2024-09-18 17:59:00,"18-09-2024 15:27","18-09-2024 15:27",2.53,2.53,0,5.07,3.8,5.07,2.53,NA,0.0678,"ppm",NA,NA,NA,NA,NA,0.0533,0.000657,0.135,0.513,0.00632,18.6,NA,NA,NA,NA,NA,NA,2,NA,2,NA,NA,NA,NA,NA,0,0,0,NA,NA,""
3358,3362,93597,593,3,2024-09-18 17:59:00,2024-09-18 20:31:00,"18-09-2024 17:59","18-09-2024 17:59",2.53,2.53,0,7.6,6.33,7.6,5.07,NA,0.0467,"ppm",NA,NA,NA,NA,NA,0.0283,0.000348,0.0716,0.584,0.0072,14.2,NA,NA,NA,NA,NA,NA,2,NA,2,NA,NA,NA,NA,NA,0,0,0,NA,NA,""
3358,3362,93598,594,4,2024-09-18 20:31:00,2024-09-18 23:03:00,"18-09-2024 20:31","18-09-2024 20:31",2.53,2.53,0,10.1,8.87,10.1,7.6,NA,0.0561,"ppm",NA,NA,NA,NA,NA,-0.0112,-0.000138,-0.0285,0.556,0.00685,12.9,NA,NA,NA,NA,NA,NA,2,NA,2,NA,NA,NA,NA,NA,0,0,0,NA,NA,""
3358,3362,93599,595,5,2024-09-18 23:03:00,2024-09-19 01:35:00,"18-09-2024 23:03","18-09-2024 23:03",2.53,2.53,0,12.7,11.4,12.7,10.1,NA,0.0377,"ppm",NA,NA,NA,NA,NA,-0.0192,-0.000237,-0.0487,0.507,0.00625,10.8,NA,NA,NA,NA,NA,NA,2,NA,2,NA,NA,NA,NA,NA,0,0,0,NA,NA,""
3358,3362,93600,596,6,2024-09-19 01:35:00,2024-09-19 04:07:00,"19-09-2024 01:35","19-09-2024 01:35",2.53,2.53,0,15.2,13.9,15.2,12.7,NA,0.0347,"ppm",NA,NA,NA,NA,NA,-0.00401,-4.94e-05,-0.0102,0.497,0.00612,9.5,NA,NA,NA,NA,NA,NA,2,NA,2,NA,NA,NA,NA,NA,0,0,0,NA,NA,""
3358,3362,93601,597,7,2024-09-19 04:07:00,2024-09-19 06:38:00,"19-09-2024 04:07","19-09-2024 04:07",2.52,2.52,0,17.7,16.5,17.7,15.2,NA,0.0351,"ppm",NA,NA,NA,NA,NA,-0.00147,-1.81e-05,-0.00369,0.493,0.00608,10.2,NA,NA,NA,NA,NA,NA,2,NA,2,NA,NA,NA,NA,NA,0,0,0,NA,NA,""
3358,3362,93602,598,8,2024-09-19 06:38:00,2024-09-19 09:10:00,"19-09-2024 06:38","19-09-2024 06:38",2.53,2.53,0,20.2,19,20.2,17.7,NA,0.0637,"ppm",NA,NA,NA,NA,NA,-0.0204,-0.000252,-0.0518,0.442,0.00544,12.9,NA,NA,NA,NA,NA,NA,2,NA,2,NA,NA,NA,NA,NA,0,0,0,NA,NA,""
3358,3362,93603,599,9,2024-09-19 09:10:00,2024-09-19 11:42:00,"19-09-2024 09:10","19-09-2024 09:10",2.53,2.53,0,22.8,21.5,22.8,20.2,NA,0.1,"ppm",NA,NA,NA,NA,NA,-0.0182,-0.000224,-0.0461,0.396,0.00487,18.7,NA,NA,NA,NA,NA,NA,2,NA,2,NA,NA,NA,NA,NA,0,0,0,NA,NA,""
3358,3362,93604,600,10,2024-09-19 11:42:00,2024-09-19 14:14:00,"19-09-2024 11:42","19-09-2024 11:42",2.53,2.53,0,25.3,24,25.3,22.8,NA,0.116,"ppm",NA,NA,NA,NA,NA,-0.00195,-2.4e-05,-0.00493,0.391,0.00481,20.5,NA,NA,NA,NA,NA,NA,2,NA,2,NA,NA,NA,NA,NA,0,0,0,NA,NA,""
3358,3362,93605,601,11,2024-09-19 14:14:00,2024-09-19 16:46:00,"19-09-2024 14:14","19-09-2024 14:14",2.53,2.53,0,27.8,26.6,27.8,25.3,NA,0.0768,"ppm",NA,NA,NA,NA,NA,0.0103,0.000127,0.0261,0.417,0.00513,20.5,NA,NA,NA,NA,NA,NA,2,NA,2,NA,NA,NA,NA,NA,0,0,0,NA,NA,""
3358,3362,93606,602,12,2024-09-19 16:46:00,2024-09-19 19:18:00,"19-09-2024 16:46","19-09-2024 16:46",2.53,2.53,0,30.4,29.1,30.4,27.8,NA,0.0445,"ppm",NA,NA,NA,NA,NA,0.0177,0.000218,0.0449,0.462,0.00569,16.6,NA,NA,NA,NA,NA,NA,2,NA,2,NA,NA,NA,NA,NA,0,0,0,NA,NA,""
3358,3362,93607,603,13,2024-09-19 19:18:00,2024-09-19 21:50:00,"19-09-2024 19:18","19-09-2024 19:18",2.53,2.53,0,32.9,31.6,32.9,30.4,NA,0.0358,"ppm",NA,NA,NA,NA,NA,0.00296,3.64e-05,0.00749,0.469,0.00578,12.9,NA,NA,NA,NA,NA,NA,2,NA,2,NA,NA,NA,NA,NA,0,0,0,NA,NA,""
3358,3362,93608,604,14,2024-09-19 21:50:00,2024-09-20 00:22:00,"19-09-2024 21:50","19-09-2024 21:50",2.53,2.53,0,35.4,34.2,35.4,32.9,NA,0.0338,"ppm",NA,NA,NA,NA,NA,-0.006,-7.39e-05,-0.0152,0.454,0.00559,12.5,NA,NA,NA,NA,NA,NA,2,NA,2,NA,NA,NA,NA,NA,0,0,0,NA,NA,""
3358,3362,93609,605,15,2024-09-20 00:22:00,2024-09-20 02:54:00,"20-09-2024 00:22","20-09-2024 00:22",2.53,2.53,0,38,36.7,38,35.4,NA,0.0339,"ppm",NA,NA,NA,NA,NA,-0.00843,-0.000104,-0.0214,0.433,0.00533,11.3,NA,NA,NA,NA,NA,NA,2,NA,2,NA,NA,NA,NA,NA,0,0,0,NA,NA,""
3358,3362,93610,606,16,2024-09-20 02:54:00,2024-09-20 05:26:00,"20-09-2024 02:54","20-09-2024 02:54",2.53,2.53,0,40.5,39.2,40.5,38,NA,0.0333,"ppm",NA,NA,NA,NA,NA,-0.00788,-9.7e-05,-0.02,0.413,0.00508,12.2,NA,NA,NA,NA,NA,NA,2,NA,2,NA,NA,NA,NA,NA,0,0,0,NA,NA,""
3358,3362,93611,607,17,2024-09-20 05:26:00,2024-09-20 07:58:00,"20-09-2024 05:26","20-09-2024 05:26",2.53,2.53,0,43,41.8,43,40.5,NA,0.0369,"ppm",NA,NA,NA,NA,NA,-0.00781,-9.62e-05,-0.0198,0.393,0.00484,12.6,NA,NA,NA,NA,NA,NA,2,NA,2,NA,NA,NA,NA,NA,0,0,0,NA,NA,""
3358,3362,93612,608,18,2024-09-20 07:58:00,2024-09-20 10:30:00,"20-09-2024 07:58","20-09-2024 07:58",2.53,2.53,0,45.6,44.3,45.6,43,NA,0.0496,"ppm",NA,NA,NA,NA,NA,-0.0121,-0.000149,-0.0307,0.362,0.00446,13.7,NA,NA,NA,NA,NA,NA,2,NA,2,NA,NA,NA,NA,NA,0,0,0,NA,NA,""
3358,3362,93613,609,19,2024-09-20 10:30:00,2024-09-20 13:02:00,"20-09-2024 10:30","20-09-2024 10:30",2.53,2.53,0,48.1,46.8,48.1,45.6,NA,0.0836,"ppm",NA,NA,NA,NA,NA,-0.0154,-0.000189,-0.039,0.323,0.00398,15.3,NA,NA,NA,NA,NA,NA,2,NA,2,NA,NA,NA,NA,NA,0,0,0,NA,NA,""
3358,3362,93614,610,20,2024-09-20 13:02:00,2024-09-20 15:34:00,"20-09-2024 13:02","20-09-2024 13:02",2.53,2.53,0,50.6,49.4,50.6,48.1,NA,0.099,"ppm",NA,NA,NA,NA,NA,-0.014,-0.000172,-0.0354,0.288,0.00354,19.5,NA,NA,NA,NA,NA,NA,2,NA,2,NA,NA,NA,NA,NA,0,0,0,NA,NA,""
3358,3362,93615,611,21,2024-09-20 15:34:00,2024-09-20 18:05:00,"20-09-2024 15:34","20-09-2024 15:34",2.52,2.52,0,53.2,51.9,53.2,50.6,NA,0.0561,"ppm",NA,NA,NA,NA,NA,0.00582,7.17e-05,0.0146,0.302,0.00372,18.8,NA,NA,NA,NA,NA,NA,2,NA,2,NA,NA,NA,NA,NA,0,0,0,NA,NA,""
3358,3362,93616,612,22,2024-09-20 18:05:00,2024-09-20 20:37:00,"20-09-2024 18:05","20-09-2024 18:05",2.53,2.53,0,55.7,54.4,55.7,53.2,NA,0.0388,"ppm",NA,NA,NA,NA,NA,0.00866,0.000107,0.0219,0.324,0.00399,13.8,NA,NA,NA,NA,NA,NA,2,NA,2,NA,NA,NA,NA,NA,0,0,0,NA,NA,""
3358,3362,93617,613,23,2024-09-20 20:37:00,2024-09-20 23:09:00,"20-09-2024 20:37","20-09-2024 20:37",2.53,2.53,0,58.2,57,58.2,55.7,NA,0.0349,"ppm",NA,NA,NA,NA,NA,-0.00696,-8.57e-05,-0.0176,0.307,0.00378,12.9,NA,NA,NA,NA,NA,NA,2,NA,2,NA,NA,NA,NA,NA,0,0,0,NA,NA,""
3358,3362,93618,614,24,2024-09-20 23:09:00,2024-09-21 01:41:00,"20-09-2024 23:09","20-09-2024 23:09",2.53,2.53,0,60.8,59.5,60.8,58.2,NA,0.033,"ppm",NA,NA,NA,NA,NA,-0.0063,-7.76e-05,-0.016,0.291,0.00358,11.5,NA,NA,NA,NA,NA,NA,2,NA,2,NA,NA,NA,NA,NA,0,0,0,NA,NA,""
3358,3362,93619,615,25,2024-09-21 01:41:00,2024-09-21 04:13:00,"21-09-2024 01:41","21-09-2024 01:41",2.53,2.53,0,63.3,62,63.3,60.8,NA,0.0326,"ppm",NA,NA,NA,NA,NA,-0.00611,-7.52e-05,-0.0155,0.275,0.00339,11.3,NA,NA,NA,NA,NA,NA,2,NA,2,NA,NA,NA,NA,NA,0,0,0,NA,NA,""
3358,3362,93620,616,26,2024-09-21 04:13:00,2024-09-21 06:45:00,"21-09-2024 04:13","21-09-2024 04:13",2.53,2.53,0,65.8,64.6,65.8,63.3,NA,0.0326,"ppm",NA,NA,NA,NA,NA,-0.00541,-6.66e-05,-0.0137,0.262,0.00322,10.9,NA,NA,NA,NA,NA,NA,2,NA,2,NA,NA,NA,NA,NA,0,0,0,NA,NA,""
3358,3362,93621,617,27,2024-09-21 06:45:00,2024-09-21 09:17:00,"21-09-2024 06:45","21-09-2024 06:45",2.53,2.53,0,68.4,67.1,68.4,65.8,NA,0.047,"ppm",NA,NA,NA,NA,NA,-0.00911,-0.000112,-0.0231,0.238,0.00294,11.8,NA,NA,NA,NA,NA,NA,2,NA,2,NA,NA,NA,NA,NA,0,0,0,NA,NA,""
3358,3362,93622,618,28,2024-09-21 09:17:00,2024-09-21 11:49:00,"21-09-2024 09:17","21-09-2024 09:17",2.53,2.53,0,70.9,69.6,70.9,68.4,NA,0.0915,"ppm",NA,NA,NA,NA,NA,-0.0034,-4.19e-05,-0.00861,0.23,0.00283,16,NA,NA,NA,NA,NA,NA,2,NA,2,NA,NA,NA,NA,NA,0,0,0,NA,NA,""
3358,3362,93623,619,29,2024-09-21 11:49:00,2024-09-21 14:21:00,"21-09-2024 11:49","21-09-2024 11:49",2.53,2.53,0,73.4,72.2,73.4,70.9,NA,0.101,"ppm",NA,NA,NA,NA,NA,0.00924,0.000114,0.0234,0.253,0.00312,20.2,NA,NA,NA,NA,NA,NA,2,NA,2,NA,NA,NA,NA,NA,0,0,0,NA,NA,""
3358,3362,93624,620,30,2024-09-21 14:21:00,2024-09-21 16:53:00,"21-09-2024 14:21","21-09-2024 14:21",2.53,2.53,0,76,74.7,76,73.4,NA,0.0682,"ppm",NA,NA,NA,NA,NA,0.0232,0.000286,0.0589,0.312,0.00384,20.2,NA,NA,NA,NA,NA,NA,2,NA,2,NA,NA,NA,NA,NA,0,0,0,NA,NA,""
3358,3362,93625,621,31,2024-09-21 16:53:00,2024-09-21 19:25:00,"21-09-2024 16:53","21-09-2024 16:53",2.53,2.53,0,78.5,77.2,78.5,76,NA,0.0451,"ppm",NA,NA,NA,NA,NA,0.0175,0.000216,0.0444,0.357,0.00439,15.2,NA,NA,NA,NA,NA,NA,2,NA,2,NA,NA,NA,NA,NA,0,0,0,NA,NA,""
3358,3362,93626,622,32,2024-09-21 19:25:00,2024-09-21 21:57:00,"21-09-2024 19:25","21-09-2024 19:25",2.53,2.53,0,81,79.8,81,78.5,NA,0.0325,"ppm",NA,NA,NA,NA,NA,-0.000252,-3.1e-06,-0.000638,0.356,0.00438,13.3,NA,NA,NA,NA,NA,NA,2,NA,2,NA,NA,NA,NA,NA,0,0,0,NA,NA,""
3358,3362,93627,623,33,2024-09-21 21:57:00,2024-09-22 00:29:00,"21-09-2024 21:57","21-09-2024 21:57",2.53,2.53,0,83.6,82.3,83.6,81,NA,0.0316,"ppm",NA,NA,NA,NA,NA,-0.00592,-7.29e-05,-0.015,0.341,0.0042,12.4,NA,NA,NA,NA,NA,NA,2,NA,2,NA,NA,NA,NA,NA,0,0,0,NA,NA,""
3358,3362,93628,624,34,2024-09-22 00:29:00,2024-09-22 03:00:00,"22-09-2024 00:29","22-09-2024 00:29",2.52,2.52,0,86.1,84.8,86.1,83.6,NA,0.029,"ppm",NA,NA,NA,NA,NA,-0.00864,-0.000106,-0.0217,0.319,0.00393,10.8,NA,NA,NA,NA,NA,NA,2,NA,2,NA,NA,NA,NA,NA,0,0,0,NA,NA,""
3358,3362,93629,625,35,2024-09-22 03:00:00,2024-09-22 05:32:00,"22-09-2024 03:00","22-09-2024 03:00",2.53,2.53,0,88.6,87.4,88.6,86.1,NA,0.0293,"ppm",NA,NA,NA,NA,NA,-0.00581,-7.16e-05,-0.0147,0.304,0.00375,9.7,NA,NA,NA,NA,NA,NA,2,NA,2,NA,NA,NA,NA,NA,0,0,0,NA,NA,""
3358,3362,93630,626,36,2024-09-22 05:32:00,2024-09-22 08:04:00,"22-09-2024 05:32","22-09-2024 05:32",2.53,2.53,0,91.2,89.9,91.2,88.6,NA,0.0363,"ppm",NA,NA,NA,NA,NA,-0.0123,-0.000152,-0.0312,0.273,0.00336,9.8,NA,NA,NA,NA,NA,NA,2,NA,2,NA,NA,NA,NA,NA,0,0,0,NA,NA,""
3358,3362,93631,627,37,2024-09-22 08:04:00,2024-09-22 10:36:00,"22-09-2024 08:04","22-09-2024 08:04",2.53,2.53,0,93.7,92.4,93.7,91.2,NA,0.0699,"ppm",NA,NA,NA,NA,NA,0.0253,0.000311,0.064,0.337,0.00415,15.6,NA,NA,NA,NA,NA,NA,2,NA,2,NA,NA,NA,NA,NA,0,0,0,NA,NA,""
3358,3362,93632,628,38,2024-09-22 10:36:00,2024-09-22 13:08:00,"22-09-2024 10:36","22-09-2024 10:36",2.53,2.53,0,96.2,95,96.2,93.7,NA,0.0823,"ppm",NA,NA,NA,NA,NA,0.0473,0.000582,0.12,0.457,0.00563,18.5,NA,NA,NA,NA,NA,NA,2,NA,2,NA,NA,NA,NA,NA,0,0,0,NA,NA,""
3358,3362,93633,629,39,2024-09-22 13:08:00,2024-09-22 15:40:00,"22-09-2024 13:08","22-09-2024 13:08",2.53,2.53,0,98.8,97.5,98.8,96.2,NA,0.0716,"ppm",NA,NA,NA,NA,NA,0.0189,0.000233,0.048,0.505,0.00622,19.4,NA,NA,NA,NA,NA,NA,2,NA,2,NA,NA,NA,NA,NA,0,0,0,NA,NA,""
3358,3362,93634,630,40,2024-09-22 15:40:00,2024-09-22 18:12:00,"22-09-2024 15:40","22-09-2024 15:40",2.53,2.53,0,101,100,101,98.8,NA,0.042,"ppm",NA,NA,NA,NA,NA,0.0173,0.000213,0.0438,0.549,0.00676,17.3,NA,NA,NA,NA,NA,NA,2,NA,2,NA,NA,NA,NA,NA,0,0,0,NA,NA,""
3358,3362,93635,631,41,2024-09-22 18:12:00,2024-09-22 20:44:00,"22-09-2024 18:12","22-09-2024 18:12",2.53,2.53,0,104,103,104,101,NA,0.0299,"ppm",NA,NA,NA,NA,NA,0.00931,0.000115,0.0236,0.572,0.00705,12.7,NA,NA,NA,NA,NA,NA,2,NA,2,NA,NA,NA,NA,NA,0,0,0,NA,NA,""
3358,3362,93636,632,42,2024-09-22 20:44:00,2024-09-22 23:16:00,"22-09-2024 20:44","22-09-2024 20:44",2.53,2.53,0,106,105,106,104,NA,0.0336,"ppm",NA,NA,NA,NA,NA,-0.00987,-0.000122,-0.025,0.547,0.00674,11.8,NA,NA,NA,NA,NA,NA,2,NA,2,NA,NA,NA,NA,NA,0,0,0,NA,NA,""
3358,3362,93637,633,43,2024-09-22 23:16:00,2024-09-23 01:48:00,"22-09-2024 23:16","22-09-2024 23:16",2.53,2.53,0,109,108,109,106,NA,0.029,"ppm",NA,NA,NA,NA,NA,-0.0123,-0.000152,-0.0313,0.516,0.00636,9.6,NA,NA,NA,NA,NA,NA,2,NA,2,NA,NA,NA,NA,NA,0,0,0,NA,NA,""
3358,3362,93638,634,44,2024-09-23 01:48:00,2024-09-23 04:20:00,"23-09-2024 01:48","23-09-2024 01:48",2.53,2.53,0,111,110,111,109,NA,0.0265,"ppm",NA,NA,NA,NA,NA,-0.00688,-8.47e-05,-0.0174,0.499,0.00614,8.1,NA,NA,NA,NA,NA,NA,2,NA,2,NA,NA,NA,NA,NA,0,0,0,NA,NA,""
3358,3362,93639,635,45,2024-09-23 04:20:00,2024-09-23 06:52:00,"23-09-2024 04:20","23-09-2024 04:20",2.53,2.53,0,114,113,114,111,NA,0.0277,"ppm",NA,NA,NA,NA,NA,-0.00675,-8.32e-05,-0.0171,0.482,0.00593,9.6,NA,NA,NA,NA,NA,NA,2,NA,2,NA,NA,NA,NA,NA,0,0,0,NA,NA,""
3358,3362,93640,636,46,2024-09-23 06:52:00,2024-09-23 09:24:00,"23-09-2024 06:52","23-09-2024 06:52",2.53,2.53,0,116,115,116,114,NA,0.0359,"ppm",NA,NA,NA,NA,NA,-0.00597,-7.36e-05,-0.0151,0.466,0.00574,12,NA,NA,NA,NA,NA,NA,2,NA,2,NA,NA,NA,NA,NA,0,0,0,NA,NA,""
3358,3362,93641,637,47,2024-09-23 09:24:00,2024-09-23 11:55:00,"23-09-2024 09:24","23-09-2024 09:24",2.52,2.52,0,119,118,119,116,NA,0.0603,"ppm",NA,NA,NA,NA,NA,-0.00483,-5.95e-05,-0.0122,0.454,0.00559,13.5,NA,NA,NA,NA,NA,NA,2,NA,2,NA,NA,NA,NA,NA,0,0,0,NA,NA,""
3358,3362,93642,638,48,2024-09-23 11:55:00,2024-09-23 14:27:00,"23-09-2024 11:55","23-09-2024 11:55",2.53,2.53,0,122,120,122,119,NA,0.0634,"ppm",NA,NA,NA,NA,NA,0.0774,0.000953,0.196,0.65,0.00801,18.4,NA,NA,NA,NA,NA,NA,2,NA,2,NA,NA,NA,NA,NA,0,0,0,NA,NA,""
3358,3362,93643,639,49,2024-09-23 14:27:00,2024-09-23 16:59:00,"23-09-2024 14:27","23-09-2024 14:27",2.53,2.53,0,124,123,124,122,NA,0.0442,"ppm",NA,NA,NA,NA,NA,0.0987,0.00122,0.25,0.9,0.0111,18.1,NA,NA,NA,NA,NA,NA,2,NA,2,NA,NA,NA,NA,NA,0,0,0,NA,NA,""
3358,3362,93644,640,50,2024-09-23 16:59:00,2024-09-23 19:31:00,"23-09-2024 16:59","23-09-2024 16:59",2.53,2.53,0,127,125,127,124,NA,0.0321,"ppm",NA,NA,NA,NA,NA,0.0239,0.000294,0.0605,0.961,0.0118,15.3,NA,NA,NA,NA,NA,NA,2,NA,2,NA,NA,NA,NA,NA,0,0,0,NA,NA,""
3358,3362,93645,641,51,2024-09-23 19:31:00,2024-09-23 22:03:00,"23-09-2024 19:31","23-09-2024 19:31",2.53,2.53,0,129,128,129,127,NA,0.0291,"ppm",NA,NA,NA,NA,NA,0.007,8.62e-05,0.0177,0.978,0.012,15,NA,NA,NA,NA,NA,NA,2,NA,2,NA,NA,NA,NA,NA,0,0,0,NA,NA,""
3358,3362,93646,642,52,2024-09-23 22:03:00,2024-09-24 00:35:00,"23-09-2024 22:03","23-09-2024 22:03",2.53,2.53,0,132,130,132,129,NA,0.028,"ppm",NA,NA,NA,NA,NA,0.00367,4.52e-05,0.00929,0.988,0.0122,14.9,NA,NA,NA,NA,NA,NA,2,NA,2,NA,NA,NA,NA,NA,0,0,0,NA,NA,""
3358,3362,93647,643,53,2024-09-24 00:35:00,2024-09-24 03:07:00,"24-09-2024 00:35","24-09-2024 00:35",2.53,2.53,0,134,133,134,132,NA,0.0271,"ppm",NA,NA,NA,NA,NA,0.00264,3.26e-05,0.0067,0.994,0.0122,14.6,NA,NA,NA,NA,NA,NA,2,NA,2,NA,NA,NA,NA,NA,0,0,0,NA,NA,""
3358,3362,93648,644,54,2024-09-24 03:07:00,2024-09-24 05:39:00,"24-09-2024 03:07","24-09-2024 03:07",2.53,2.53,0,137,135,137,134,NA,0.0247,"ppm",NA,NA,NA,NA,NA,0.00237,2.92e-05,0.00601,1,0.0123,14.2,NA,NA,NA,NA,NA,NA,2,NA,2,NA,NA,NA,NA,NA,0,0,0,NA,NA,""
3359,3363,93649,645,1,2024-09-18 13:03:00,2024-09-18 15:35:00,"18-09-2024 13:03","18-09-2024 13:03",2.53,2.53,0,2.53,1.27,2.53,0,NA,0.116,"ppm",NA,NA,NA,NA,NA,-0.0421,-0.00048,-0.107,-0.107,-0.00122,19.9,NA,NA,NA,NA,NA,NA,2,NA,2,NA,NA,NA,NA,NA,0,0,0,NA,NA,""
3359,3363,93650,646,2,2024-09-18 15:35:00,2024-09-18 18:07:00,"18-09-2024 15:35","18-09-2024 15:35",2.53,2.53,0,5.07,3.8,5.07,2.53,NA,0.0678,"ppm",NA,NA,NA,NA,NA,0.0227,0.000259,0.0576,-0.0492,-0.00056,18.6,NA,NA,NA,NA,NA,NA,2,NA,2,NA,NA,NA,NA,NA,0,0,0,NA,NA,""
3359,3363,93651,647,3,2024-09-18 18:07:00,2024-09-18 20:39:00,"18-09-2024 18:07","18-09-2024 18:07",2.53,2.53,0,7.6,6.33,7.6,5.07,NA,0.0467,"ppm",NA,NA,NA,NA,NA,0.00185,2.1e-05,0.00468,-0.0445,-0.000507,14.2,NA,NA,NA,NA,NA,NA,2,NA,2,NA,NA,NA,NA,NA,0,0,0,NA,NA,""
3359,3363,93652,648,4,2024-09-18 20:39:00,2024-09-18 23:11:00,"18-09-2024 20:39","18-09-2024 20:39",2.53,2.53,0,10.1,8.87,10.1,7.6,NA,0.0561,"ppm",NA,NA,NA,NA,NA,-0.0297,-0.000338,-0.0752,-0.12,-0.00136,12.9,NA,NA,NA,NA,NA,NA,2,NA,2,NA,NA,NA,NA,NA,0,0,0,NA,NA,""
3359,3363,93653,649,5,2024-09-18 23:11:00,2024-09-19 01:43:00,"18-09-2024 23:11","18-09-2024 23:11",2.53,2.53,0,12.7,11.4,12.7,10.1,NA,0.0377,"ppm",NA,NA,NA,NA,NA,-0.0345,-0.000392,-0.0873,-0.207,-0.00236,10.8,NA,NA,NA,NA,NA,NA,2,NA,2,NA,NA,NA,NA,NA,0,0,0,NA,NA,""
3359,3363,93654,650,6,2024-09-19 01:43:00,2024-09-19 04:15:00,"19-09-2024 01:43","19-09-2024 01:43",2.53,2.53,0,15.2,13.9,15.2,12.7,NA,0.0347,"ppm",NA,NA,NA,NA,NA,-0.0181,-0.000206,-0.0459,-0.253,-0.00288,9.5,NA,NA,NA,NA,NA,NA,2,NA,2,NA,NA,NA,NA,NA,0,0,0,NA,NA,""
3359,3363,93655,651,7,2024-09-19 04:15:00,2024-09-19 06:46:00,"19-09-2024 04:15","19-09-2024 04:15",2.52,2.52,0,17.7,16.5,17.7,15.2,NA,0.0351,"ppm",NA,NA,NA,NA,NA,-0.0155,-0.000177,-0.0391,-0.292,-0.00332,10.2,NA,NA,NA,NA,NA,NA,2,NA,2,NA,NA,NA,NA,NA,0,0,0,NA,NA,""
3359,3363,93656,652,8,2024-09-19 06:46:00,2024-09-19 09:18:00,"19-09-2024 06:46","19-09-2024 06:46",2.53,2.53,0,20.2,19,20.2,17.7,NA,0.0637,"ppm",NA,NA,NA,NA,NA,-0.0337,-0.000384,-0.0854,-0.377,-0.0043,12.9,NA,NA,NA,NA,NA,NA,2,NA,2,NA,NA,NA,NA,NA,0,0,0,NA,NA,""
3359,3363,93657,653,9,2024-09-19 09:18:00,2024-09-19 11:50:00,"19-09-2024 09:18","19-09-2024 09:18",2.53,2.53,0,22.8,21.5,22.8,20.2,NA,0.1,"ppm",NA,NA,NA,NA,NA,-0.0301,-0.000342,-0.0762,-0.454,-0.00516,18.7,NA,NA,NA,NA,NA,NA,2,NA,2,NA,NA,NA,NA,NA,0,0,0,NA,NA,""
3359,3363,93658,654,10,2024-09-19 11:50:00,2024-09-19 14:22:00,"19-09-2024 11:50","19-09-2024 11:50",2.53,2.53,0,25.3,24,25.3,22.8,NA,0.116,"ppm",NA,NA,NA,NA,NA,-0.0159,-0.000181,-0.0404,-0.494,-0.00562,20.5,NA,NA,NA,NA,NA,NA,2,NA,2,NA,NA,NA,NA,NA,0,0,0,NA,NA,""
3359,3363,93659,655,11,2024-09-19 14:22:00,2024-09-19 16:54:00,"19-09-2024 14:22","19-09-2024 14:22",2.53,2.53,0,27.8,26.6,27.8,25.3,NA,0.0768,"ppm",NA,NA,NA,NA,NA,-0.00948,-0.000108,-0.024,-0.518,-0.0059,20.5,NA,NA,NA,NA,NA,NA,2,NA,2,NA,NA,NA,NA,NA,0,0,0,NA,NA,""
3359,3363,93660,656,12,2024-09-19 16:54:00,2024-09-19 19:26:00,"19-09-2024 16:54","19-09-2024 16:54",2.53,2.53,0,30.4,29.1,30.4,27.8,NA,0.0445,"ppm",NA,NA,NA,NA,NA,-0.00226,-2.57e-05,-0.00571,-0.524,-0.00596,14.5,NA,NA,NA,NA,NA,NA,2,NA,2,NA,NA,NA,NA,NA,0,0,0,NA,NA,""
3359,3363,93661,657,13,2024-09-19 19:26:00,2024-09-19 21:58:00,"19-09-2024 19:26","19-09-2024 19:26",2.53,2.53,0,32.9,31.6,32.9,30.4,NA,0.0358,"ppm",NA,NA,NA,NA,NA,-0.0128,-0.000146,-0.0325,-0.556,-0.00633,12.9,NA,NA,NA,NA,NA,NA,2,NA,2,NA,NA,NA,NA,NA,0,0,0,NA,NA,""
3359,3363,93662,658,14,2024-09-19 21:58:00,2024-09-20 00:30:00,"19-09-2024 21:58","19-09-2024 21:58",2.53,2.53,0,35.4,34.2,35.4,32.9,NA,0.0338,"ppm",NA,NA,NA,NA,NA,-0.0207,-0.000235,-0.0524,-0.609,-0.00693,12.4,NA,NA,NA,NA,NA,NA,2,NA,2,NA,NA,NA,NA,NA,0,0,0,NA,NA,""
3359,3363,93663,659,15,2024-09-20 00:30:00,2024-09-20 03:02:00,"20-09-2024 00:30","20-09-2024 00:30",2.53,2.53,0,38,36.7,38,35.4,NA,0.0339,"ppm",NA,NA,NA,NA,NA,-0.0226,-0.000257,-0.0572,-0.666,-0.00758,11.3,NA,NA,NA,NA,NA,NA,2,NA,2,NA,NA,NA,NA,NA,0,0,0,NA,NA,""
3359,3363,93664,660,16,2024-09-20 03:02:00,2024-09-20 05:34:00,"20-09-2024 03:02","20-09-2024 03:02",2.53,2.53,0,40.5,39.2,40.5,38,NA,0.0333,"ppm",NA,NA,NA,NA,NA,-0.0219,-0.00025,-0.0555,-0.721,-0.00821,12.2,NA,NA,NA,NA,NA,NA,2,NA,2,NA,NA,NA,NA,NA,0,0,0,NA,NA,""
3359,3363,93665,661,17,2024-09-20 05:34:00,2024-09-20 08:06:00,"20-09-2024 05:34","20-09-2024 05:34",2.53,2.53,0,43,41.8,43,40.5,NA,0.0369,"ppm",NA,NA,NA,NA,NA,-0.0222,-0.000252,-0.0561,-0.778,-0.00885,12.6,NA,NA,NA,NA,NA,NA,2,NA,2,NA,NA,NA,NA,NA,0,0,0,NA,NA,""
3359,3363,93666,662,18,2024-09-20 08:06:00,2024-09-20 10:38:00,"20-09-2024 08:06","20-09-2024 08:06",2.53,2.53,0,45.6,44.3,45.6,43,NA,0.0496,"ppm",NA,NA,NA,NA,NA,-0.0254,-0.00029,-0.0645,-0.842,-0.00958,13.7,NA,NA,NA,NA,NA,NA,2,NA,2,NA,NA,NA,NA,NA,0,0,0,NA,NA,""
3359,3363,93667,663,19,2024-09-20 10:38:00,2024-09-20 13:10:00,"20-09-2024 10:38","20-09-2024 10:38",2.53,2.53,0,48.1,46.8,48.1,45.6,NA,0.0836,"ppm",NA,NA,NA,NA,NA,-0.0268,-0.000305,-0.0678,-0.91,-0.0104,15.3,NA,NA,NA,NA,NA,NA,2,NA,2,NA,NA,NA,NA,NA,0,0,0,NA,NA,""
3359,3363,93668,664,20,2024-09-20 13:10:00,2024-09-20 15:42:00,"20-09-2024 13:10","20-09-2024 13:10",2.53,2.53,0,50.6,49.4,50.6,48.1,NA,0.099,"ppm",NA,NA,NA,NA,NA,-0.0251,-0.000286,-0.0636,-0.973,-0.0111,19.5,NA,NA,NA,NA,NA,NA,2,NA,2,NA,NA,NA,NA,NA,0,0,0,NA,NA,""
3359,3363,93669,665,21,2024-09-20 15:42:00,2024-09-20 18:13:00,"20-09-2024 15:42","20-09-2024 15:42",2.52,2.52,0,53.2,51.9,53.2,50.6,NA,0.0561,"ppm",NA,NA,NA,NA,NA,-0.011,-0.000126,-0.0278,-1,-0.0114,18.8,NA,NA,NA,NA,NA,NA,2,NA,2,NA,NA,NA,NA,NA,0,0,0,NA,NA,""
3359,3363,93670,666,22,2024-09-20 18:13:00,2024-09-20 20:45:00,"20-09-2024 18:13","20-09-2024 18:13",2.53,2.53,0,55.7,54.4,55.7,53.2,NA,0.0388,"ppm",NA,NA,NA,NA,NA,-0.00991,-0.000113,-0.0251,-1.03,-0.0117,13.8,NA,NA,NA,NA,NA,NA,2,NA,2,NA,NA,NA,NA,NA,0,0,0,NA,NA,""
3359,3363,93671,667,23,2024-09-20 20:45:00,2024-09-20 23:17:00,"20-09-2024 20:45","20-09-2024 20:45",2.53,2.53,0,58.2,57,58.2,55.7,NA,0.0349,"ppm",NA,NA,NA,NA,NA,-0.0219,-0.00025,-0.0556,-1.08,-0.0123,12.9,NA,NA,NA,NA,NA,NA,2,NA,2,NA,NA,NA,NA,NA,0,0,0,NA,NA,""
3359,3363,93672,668,24,2024-09-20 23:17:00,2024-09-21 01:49:00,"20-09-2024 23:17","20-09-2024 23:17",2.53,2.53,0,60.8,59.5,60.8,58.2,NA,0.033,"ppm",NA,NA,NA,NA,NA,-0.0214,-0.000244,-0.0543,-1.14,-0.0129,11.5,NA,NA,NA,NA,NA,NA,2,NA,2,NA,NA,NA,NA,NA,0,0,0,NA,NA,""
3359,3363,93673,669,25,2024-09-21 01:49:00,2024-09-21 04:21:00,"21-09-2024 01:49","21-09-2024 01:49",2.53,2.53,0,63.3,62,63.3,60.8,NA,0.0326,"ppm",NA,NA,NA,NA,NA,-0.0218,-0.000249,-0.0553,-1.19,-0.0136,11.3,NA,NA,NA,NA,NA,NA,2,NA,2,NA,NA,NA,NA,NA,0,0,0,NA,NA,""
3359,3363,93674,670,26,2024-09-21 04:21:00,2024-09-21 06:53:00,"21-09-2024 04:21","21-09-2024 04:21",2.53,2.53,0,65.8,64.6,65.8,63.3,NA,0.0326,"ppm",NA,NA,NA,NA,NA,-0.0219,-0.00025,-0.0556,-1.25,-0.0142,10.9,NA,NA,NA,NA,NA,NA,2,NA,2,NA,NA,NA,NA,NA,0,0,0,NA,NA,""
3359,3363,93675,671,27,2024-09-21 06:53:00,2024-09-21 09:25:00,"21-09-2024 06:53","21-09-2024 06:53",2.53,2.53,0,68.4,67.1,68.4,65.8,NA,0.047,"ppm",NA,NA,NA,NA,NA,-0.0281,-0.00032,-0.0712,-1.32,-0.015,12.6,NA,NA,NA,NA,NA,NA,2,NA,2,NA,NA,NA,NA,NA,0,0,0,NA,NA,""
3359,3363,93676,672,28,2024-09-21 09:25:00,2024-09-21 11:57:00,"21-09-2024 09:25","21-09-2024 09:25",2.53,2.53,0,70.9,69.6,70.9,68.4,NA,0.0915,"ppm",NA,NA,NA,NA,NA,-0.0238,-0.000271,-0.0603,-1.38,-0.0157,16,NA,NA,NA,NA,NA,NA,2,NA,2,NA,NA,NA,NA,NA,0,0,0,NA,NA,""
3359,3363,93677,673,29,2024-09-21 11:57:00,2024-09-21 14:29:00,"21-09-2024 11:57","21-09-2024 11:57",2.53,2.53,0,73.4,72.2,73.4,70.9,NA,0.101,"ppm",NA,NA,NA,NA,NA,-0.0103,-0.000117,-0.026,-1.4,-0.016,20.7,NA,NA,NA,NA,NA,NA,2,NA,2,NA,NA,NA,NA,NA,0,0,0,NA,NA,""
3359,3363,93678,674,30,2024-09-21 14:29:00,2024-09-21 17:01:00,"21-09-2024 14:29","21-09-2024 14:29",2.53,2.53,0,76,74.7,76,73.4,NA,0.0682,"ppm",NA,NA,NA,NA,NA,0.000593,6.75e-06,0.0015,-1.4,-0.016,20.2,NA,NA,NA,NA,NA,NA,2,NA,2,NA,NA,NA,NA,NA,0,0,0,NA,NA,""
3359,3363,93679,675,31,2024-09-21 17:01:00,2024-09-21 19:33:00,"21-09-2024 17:01","21-09-2024 17:01",2.53,2.53,0,78.5,77.2,78.5,76,NA,0.0451,"ppm",NA,NA,NA,NA,NA,-0.00396,-4.5e-05,-0.01,-1.41,-0.0161,15.2,NA,NA,NA,NA,NA,NA,2,NA,2,NA,NA,NA,NA,NA,0,0,0,NA,NA,""
3359,3363,93680,676,32,2024-09-21 19:33:00,2024-09-21 22:05:00,"21-09-2024 19:33","21-09-2024 19:33",2.53,2.53,0,81,79.8,81,78.5,NA,0.0325,"ppm",NA,NA,NA,NA,NA,-0.0155,-0.000176,-0.0393,-1.45,-0.0165,13.3,NA,NA,NA,NA,NA,NA,2,NA,2,NA,NA,NA,NA,NA,0,0,0,NA,NA,""
3359,3363,93681,677,33,2024-09-21 22:05:00,2024-09-22 00:37:00,"21-09-2024 22:05","21-09-2024 22:05",2.53,2.53,0,83.6,82.3,83.6,81,NA,0.0316,"ppm",NA,NA,NA,NA,NA,-0.0189,-0.000216,-0.048,-1.5,-0.0171,12.4,NA,NA,NA,NA,NA,NA,2,NA,2,NA,NA,NA,NA,NA,0,0,0,NA,NA,""
3359,3363,93682,678,34,2024-09-22 00:37:00,2024-09-22 03:08:00,"22-09-2024 00:37","22-09-2024 00:37",2.52,2.52,0,86.1,84.8,86.1,83.6,NA,0.029,"ppm",NA,NA,NA,NA,NA,-0.0214,-0.000244,-0.0539,-1.55,-0.0177,10.8,NA,NA,NA,NA,NA,NA,2,NA,2,NA,NA,NA,NA,NA,0,0,0,NA,NA,""
3359,3363,93683,679,35,2024-09-22 03:08:00,2024-09-22 05:40:00,"22-09-2024 03:08","22-09-2024 03:08",2.53,2.53,0,88.6,87.4,88.6,86.1,NA,0.0293,"ppm",NA,NA,NA,NA,NA,-0.0194,-0.00022,-0.0491,-1.6,-0.0183,9.7,NA,NA,NA,NA,NA,NA,2,NA,2,NA,NA,NA,NA,NA,0,0,0,NA,NA,""
3359,3363,93684,680,36,2024-09-22 05:40:00,2024-09-22 08:12:00,"22-09-2024 05:40","22-09-2024 05:40",2.53,2.53,0,91.2,89.9,91.2,88.6,NA,0.0363,"ppm",NA,NA,NA,NA,NA,-0.0264,-0.000301,-0.0669,-1.67,-0.019,9.8,NA,NA,NA,NA,NA,NA,2,NA,2,NA,NA,NA,NA,NA,0,0,0,NA,NA,""
3359,3363,93685,681,37,2024-09-22 08:12:00,2024-09-22 10:44:00,"22-09-2024 08:12","22-09-2024 08:12",2.53,2.53,0,93.7,92.4,93.7,91.2,NA,0.0699,"ppm",NA,NA,NA,NA,NA,0.00627,7.13e-05,0.0159,-1.65,-0.0188,15.6,NA,NA,NA,NA,NA,NA,2,NA,2,NA,NA,NA,NA,NA,0,0,0,NA,NA,""
3359,3363,93686,682,38,2024-09-22 10:44:00,2024-09-22 13:16:00,"22-09-2024 10:44","22-09-2024 10:44",2.53,2.53,0,96.2,95,96.2,93.7,NA,0.0823,"ppm",NA,NA,NA,NA,NA,0.0248,0.000282,0.0628,-1.59,-0.0181,18.5,NA,NA,NA,NA,NA,NA,2,NA,2,NA,NA,NA,NA,NA,0,0,0,NA,NA,""
3359,3363,93687,683,39,2024-09-22 13:16:00,2024-09-22 15:48:00,"22-09-2024 13:16","22-09-2024 13:16",2.53,2.53,0,98.8,97.5,98.8,96.2,NA,0.0716,"ppm",NA,NA,NA,NA,NA,0.0046,5.23e-05,0.0116,-1.58,-0.018,19.4,NA,NA,NA,NA,NA,NA,2,NA,2,NA,NA,NA,NA,NA,0,0,0,NA,NA,""
3359,3363,93688,684,40,2024-09-22 15:48:00,2024-09-22 18:20:00,"22-09-2024 15:48","22-09-2024 15:48",2.53,2.53,0,101,100,101,98.8,NA,0.042,"ppm",NA,NA,NA,NA,NA,0.00696,7.92e-05,0.0176,-1.56,-0.0178,17.3,NA,NA,NA,NA,NA,NA,2,NA,2,NA,NA,NA,NA,NA,0,0,0,NA,NA,""
3359,3363,93689,685,41,2024-09-22 18:20:00,2024-09-22 20:52:00,"22-09-2024 18:20","22-09-2024 18:20",2.53,2.53,0,104,103,104,101,NA,0.0299,"ppm",NA,NA,NA,NA,NA,-0.0033,-3.76e-05,-0.00837,-1.57,-0.0179,12.7,NA,NA,NA,NA,NA,NA,2,NA,2,NA,NA,NA,NA,NA,0,0,0,NA,NA,""
3359,3363,93690,686,42,2024-09-22 20:52:00,2024-09-22 23:24:00,"22-09-2024 20:52","22-09-2024 20:52",2.53,2.53,0,106,105,106,104,NA,0.0336,"ppm",NA,NA,NA,NA,NA,-0.0212,-0.000241,-0.0537,-1.62,-0.0185,11.8,NA,NA,NA,NA,NA,NA,2,NA,2,NA,NA,NA,NA,NA,0,0,0,NA,NA,""
3359,3363,93691,687,43,2024-09-22 23:24:00,2024-09-23 01:56:00,"22-09-2024 23:24","22-09-2024 23:24",2.53,2.53,0,109,108,109,106,NA,0.029,"ppm",NA,NA,NA,NA,NA,-0.022,-0.000251,-0.0558,-1.68,-0.0191,9.6,NA,NA,NA,NA,NA,NA,2,NA,2,NA,NA,NA,NA,NA,0,0,0,NA,NA,""
3359,3363,93692,688,44,2024-09-23 01:56:00,2024-09-23 04:28:00,"23-09-2024 01:56","23-09-2024 01:56",2.53,2.53,0,111,110,111,109,NA,0.0265,"ppm",NA,NA,NA,NA,NA,-0.0149,-0.00017,-0.0378,-1.72,-0.0196,7.5,NA,NA,NA,NA,NA,NA,2,NA,2,NA,NA,NA,NA,NA,0,0,0,NA,NA,""
3359,3363,93693,689,45,2024-09-23 04:28:00,2024-09-23 07:00:00,"23-09-2024 04:28","23-09-2024 04:28",2.53,2.53,0,114,113,114,111,NA,0.0277,"ppm",NA,NA,NA,NA,NA,-0.0144,-0.000164,-0.0365,-1.75,-0.02,9.6,NA,NA,NA,NA,NA,NA,2,NA,2,NA,NA,NA,NA,NA,0,0,0,NA,NA,""
3359,3363,93694,690,46,2024-09-23 07:00:00,2024-09-23 09:32:00,"23-09-2024 07:00","23-09-2024 07:00",2.53,2.53,0,116,115,116,114,NA,0.0359,"ppm",NA,NA,NA,NA,NA,-0.0121,-0.000138,-0.0307,-1.79,-0.0203,12.4,NA,NA,NA,NA,NA,NA,2,NA,2,NA,NA,NA,NA,NA,0,0,0,NA,NA,""
3359,3363,93695,691,47,2024-09-23 09:32:00,2024-09-23 12:03:00,"23-09-2024 09:32","23-09-2024 09:32",2.52,2.52,0,119,118,119,116,NA,0.0603,"ppm",NA,NA,NA,NA,NA,-0.00609,-6.94e-05,-0.0153,-1.8,-0.0205,13.5,NA,NA,NA,NA,NA,NA,2,NA,2,NA,NA,NA,NA,NA,0,0,0,NA,NA,""
3359,3363,93696,692,48,2024-09-23 12:03:00,2024-09-23 14:35:00,"23-09-2024 12:03","23-09-2024 12:03",2.53,2.53,0,122,120,122,119,NA,0.0634,"ppm",NA,NA,NA,NA,NA,0.00988,0.000112,0.025,-1.78,-0.0202,18.4,NA,NA,NA,NA,NA,NA,2,NA,2,NA,NA,NA,NA,NA,0,0,0,NA,NA,""
3359,3363,93697,693,49,2024-09-23 14:35:00,2024-09-23 17:07:00,"23-09-2024 14:35","23-09-2024 14:35",2.53,2.53,0,124,123,124,122,NA,0.0442,"ppm",NA,NA,NA,NA,NA,0.0232,0.000265,0.0589,-1.72,-0.0195,18.1,NA,NA,NA,NA,NA,NA,2,NA,2,NA,NA,NA,NA,NA,0,0,0,NA,NA,""
3359,3363,93698,694,50,2024-09-23 17:07:00,2024-09-23 19:39:00,"23-09-2024 17:07","23-09-2024 17:07",2.53,2.53,0,127,125,127,124,NA,0.0321,"ppm",NA,NA,NA,NA,NA,0.0109,0.000124,0.0276,-1.69,-0.0192,15.3,NA,NA,NA,NA,NA,NA,2,NA,2,NA,NA,NA,NA,NA,0,0,0,NA,NA,""
3359,3363,93699,695,51,2024-09-23 19:39:00,2024-09-23 22:11:00,"23-09-2024 19:39","23-09-2024 19:39",2.53,2.53,0,129,128,129,127,NA,0.0291,"ppm",NA,NA,NA,NA,NA,-0.00437,-4.98e-05,-0.0111,-1.7,-0.0194,15,NA,NA,NA,NA,NA,NA,2,NA,2,NA,NA,NA,NA,NA,0,0,0,NA,NA,""
3359,3363,93700,696,52,2024-09-23 22:11:00,2024-09-24 00:43:00,"23-09-2024 22:11","23-09-2024 22:11",2.53,2.53,0,132,130,132,129,NA,0.028,"ppm",NA,NA,NA,NA,NA,-0.00753,-8.57e-05,-0.0191,-1.72,-0.0196,14.9,NA,NA,NA,NA,NA,NA,2,NA,2,NA,NA,NA,NA,NA,0,0,0,NA,NA,""
3359,3363,93701,697,53,2024-09-24 00:43:00,2024-09-24 03:15:00,"24-09-2024 00:43","24-09-2024 00:43",2.53,2.53,0,134,133,134,132,NA,0.0271,"ppm",NA,NA,NA,NA,NA,-0.00916,-0.000104,-0.0232,-1.74,-0.0198,14.6,NA,NA,NA,NA,NA,NA,2,NA,2,NA,NA,NA,NA,NA,0,0,0,NA,NA,""
3359,3363,93702,698,54,2024-09-24 03:15:00,2024-09-24 05:47:00,"24-09-2024 03:15","24-09-2024 03:15",2.53,2.53,0,137,135,137,134,NA,0.0247,"ppm",NA,NA,NA,NA,NA,-0.01,-0.000114,-0.0254,-1.77,-0.0201,14.2,NA,NA,NA,NA,NA,NA,2,NA,2,NA,NA,NA,NA,NA,0,0,0,NA,NA,""
3360,3364,93703,699,1,2024-09-18 13:19:00,2024-09-18 15:51:00,"18-09-2024 13:19","18-09-2024 13:19",2.53,2.53,0,2.53,1.27,2.53,0,NA,0.116,"ppm",NA,NA,NA,NA,NA,0.771,0.00934,1.95,1.95,0.0236,19.9,NA,NA,NA,NA,NA,NA,2,NA,2,NA,NA,NA,NA,NA,0,0,0,NA,NA,""
3360,3364,93704,700,2,2024-09-18 15:51:00,2024-09-18 18:23:00,"18-09-2024 15:51","18-09-2024 15:51",2.53,2.53,0,5.07,3.8,5.07,2.53,NA,0.0678,"ppm",NA,NA,NA,NA,NA,0.855,0.0104,2.17,4.12,0.0499,18.6,NA,NA,NA,NA,NA,NA,2,NA,2,NA,NA,NA,NA,NA,0,0,0,NA,NA,""
3360,3364,93705,701,3,2024-09-18 18:23:00,2024-09-18 20:55:00,"18-09-2024 18:23","18-09-2024 18:23",2.53,2.53,0,7.6,6.33,7.6,5.07,NA,0.0467,"ppm",NA,NA,NA,NA,NA,0.121,0.00147,0.308,4.43,0.0536,14.2,NA,NA,NA,NA,NA,NA,2,NA,2,NA,NA,NA,NA,NA,0,0,0,NA,NA,""
3360,3364,93706,702,4,2024-09-18 20:55:00,2024-09-18 23:27:00,"18-09-2024 20:55","18-09-2024 20:55",2.53,2.53,0,10.1,8.87,10.1,7.6,NA,0.0561,"ppm",NA,NA,NA,NA,NA,0.0324,0.000392,0.082,4.51,0.0546,11.9,NA,NA,NA,NA,NA,NA,2,NA,2,NA,NA,NA,NA,NA,0,0,0,NA,NA,""
3360,3364,93707,703,5,2024-09-18 23:27:00,2024-09-19 01:59:00,"18-09-2024 23:27","18-09-2024 23:27",2.53,2.53,0,12.7,11.4,12.7,10.1,NA,0.0377,"ppm",NA,NA,NA,NA,NA,-7.17e-06,-8.68e-08,-1.82e-05,4.51,0.0546,10.8,NA,NA,NA,NA,NA,NA,2,NA,2,NA,NA,NA,NA,NA,0,0,0,NA,NA,""
3360,3364,93708,704,6,2024-09-19 01:59:00,2024-09-19 04:31:00,"19-09-2024 01:59","19-09-2024 01:59",2.53,2.53,0,15.2,13.9,15.2,12.7,NA,0.0347,"ppm",NA,NA,NA,NA,NA,0.00592,7.16e-05,0.015,4.52,0.0548,9.7,NA,NA,NA,NA,NA,NA,2,NA,2,NA,NA,NA,NA,NA,0,0,0,NA,NA,""
3360,3364,93709,705,7,2024-09-19 04:31:00,2024-09-19 07:02:00,"19-09-2024 04:31","19-09-2024 04:31",2.52,2.52,0,17.7,16.5,17.7,15.2,NA,0.0351,"ppm",NA,NA,NA,NA,NA,0.00532,6.44e-05,0.0134,4.54,0.0549,10.2,NA,NA,NA,NA,NA,NA,2,NA,2,NA,NA,NA,NA,NA,0,0,0,NA,NA,""
3360,3364,93710,706,8,2024-09-19 07:02:00,2024-09-19 09:34:00,"19-09-2024 07:02","19-09-2024 07:02",2.53,2.53,0,20.2,19,20.2,17.7,NA,0.0637,"ppm",NA,NA,NA,NA,NA,-0.0184,-0.000222,-0.0465,4.49,0.0544,14.6,NA,NA,NA,NA,NA,NA,2,NA,2,NA,NA,NA,NA,NA,0,0,0,NA,NA,""
3360,3364,93711,707,9,2024-09-19 09:34:00,2024-09-19 12:06:00,"19-09-2024 09:34","19-09-2024 09:34",2.53,2.53,0,22.8,21.5,22.8,20.2,NA,0.1,"ppm",NA,NA,NA,NA,NA,-0.0588,-0.000712,-0.149,4.34,0.0526,18.7,NA,NA,NA,NA,NA,NA,2,NA,2,NA,NA,NA,NA,NA,0,0,0,NA,NA,""
3360,3364,93712,708,10,2024-09-19 12:06:00,2024-09-19 14:38:00,"19-09-2024 12:06","19-09-2024 12:06",2.53,2.53,0,25.3,24,25.3,22.8,NA,0.116,"ppm",NA,NA,NA,NA,NA,-0.0507,-0.000614,-0.129,4.21,0.051,21,NA,NA,NA,NA,NA,NA,2,NA,2,NA,NA,NA,NA,NA,0,0,0,NA,NA,""
3360,3364,93713,709,11,2024-09-19 14:38:00,2024-09-19 17:10:00,"19-09-2024 14:38","19-09-2024 14:38",2.53,2.53,0,27.8,26.6,27.8,25.3,NA,0.0768,"ppm",NA,NA,NA,NA,NA,0.00279,3.38e-05,0.00707,4.22,0.0511,20.5,NA,NA,NA,NA,NA,NA,2,NA,2,NA,NA,NA,NA,NA,0,0,0,NA,NA,""
3360,3364,93714,710,12,2024-09-19 17:10:00,2024-09-19 19:42:00,"19-09-2024 17:10","19-09-2024 17:10",2.53,2.53,0,30.4,29.1,30.4,27.8,NA,0.0445,"ppm",NA,NA,NA,NA,NA,0.0442,0.000535,0.112,4.33,0.0524,14.5,NA,NA,NA,NA,NA,NA,2,NA,2,NA,NA,NA,NA,NA,0,0,0,NA,NA,""
3360,3364,93715,711,13,2024-09-19 19:42:00,2024-09-19 22:14:00,"19-09-2024 19:42","19-09-2024 19:42",2.53,2.53,0,32.9,31.6,32.9,30.4,NA,0.0358,"ppm",NA,NA,NA,NA,NA,0.0326,0.000395,0.0827,4.42,0.0534,12.9,NA,NA,NA,NA,NA,NA,2,NA,2,NA,NA,NA,NA,NA,0,0,0,NA,NA,""
3360,3364,93716,712,14,2024-09-19 22:14:00,2024-09-20 00:46:00,"19-09-2024 22:14","19-09-2024 22:14",2.53,2.53,0,35.4,34.2,35.4,32.9,NA,0.0338,"ppm",NA,NA,NA,NA,NA,0.00285,3.44e-05,0.00721,4.42,0.0535,12.4,NA,NA,NA,NA,NA,NA,2,NA,2,NA,NA,NA,NA,NA,0,0,0,NA,NA,""
3360,3364,93717,713,15,2024-09-20 00:46:00,2024-09-20 03:18:00,"20-09-2024 00:46","20-09-2024 00:46",2.53,2.53,0,38,36.7,38,35.4,NA,0.0339,"ppm",NA,NA,NA,NA,NA,-0.00792,-9.58e-05,-0.0201,4.4,0.0533,11.3,NA,NA,NA,NA,NA,NA,2,NA,2,NA,NA,NA,NA,NA,0,0,0,NA,NA,""
3360,3364,93718,714,16,2024-09-20 03:18:00,2024-09-20 05:50:00,"20-09-2024 03:18","20-09-2024 03:18",2.53,2.53,0,40.5,39.2,40.5,38,NA,0.0333,"ppm",NA,NA,NA,NA,NA,-0.00742,-8.98e-05,-0.0188,4.38,0.0531,12.2,NA,NA,NA,NA,NA,NA,2,NA,2,NA,NA,NA,NA,NA,0,0,0,NA,NA,""
3360,3364,93719,715,17,2024-09-20 05:50:00,2024-09-20 08:22:00,"20-09-2024 05:50","20-09-2024 05:50",2.53,2.53,0,43,41.8,43,40.5,NA,0.0369,"ppm",NA,NA,NA,NA,NA,-0.00712,-8.61e-05,-0.018,4.37,0.0528,12.6,NA,NA,NA,NA,NA,NA,2,NA,2,NA,NA,NA,NA,NA,0,0,0,NA,NA,""
3360,3364,93720,716,18,2024-09-20 08:22:00,2024-09-20 10:54:00,"20-09-2024 08:22","20-09-2024 08:22",2.53,2.53,0,45.6,44.3,45.6,43,NA,0.0496,"ppm",NA,NA,NA,NA,NA,-0.0142,-0.000171,-0.0359,4.33,0.0524,13.7,NA,NA,NA,NA,NA,NA,2,NA,2,NA,NA,NA,NA,NA,0,0,0,NA,NA,""
3360,3364,93721,717,19,2024-09-20 10:54:00,2024-09-20 13:26:00,"20-09-2024 10:54","20-09-2024 10:54",2.53,2.53,0,48.1,46.8,48.1,45.6,NA,0.0836,"ppm",NA,NA,NA,NA,NA,-0.0351,-0.000425,-0.0889,4.24,0.0513,17.1,NA,NA,NA,NA,NA,NA,2,NA,2,NA,NA,NA,NA,NA,0,0,0,NA,NA,""
3360,3364,93722,718,20,2024-09-20 13:26:00,2024-09-20 15:58:00,"20-09-2024 13:26","20-09-2024 13:26",2.53,2.53,0,50.6,49.4,50.6,48.1,NA,0.099,"ppm",NA,NA,NA,NA,NA,-0.0354,-0.000429,-0.0898,4.15,0.0503,19.5,NA,NA,NA,NA,NA,NA,2,NA,2,NA,NA,NA,NA,NA,0,0,0,NA,NA,""
3360,3364,93723,719,21,2024-09-20 15:58:00,2024-09-20 18:29:00,"20-09-2024 15:58","20-09-2024 15:58",2.52,2.52,0,53.2,51.9,53.2,50.6,NA,0.0561,"ppm",NA,NA,NA,NA,NA,0.0309,0.000374,0.0778,4.23,0.0512,16.8,NA,NA,NA,NA,NA,NA,2,NA,2,NA,NA,NA,NA,NA,0,0,0,NA,NA,""
3360,3364,93724,720,22,2024-09-20 18:29:00,2024-09-20 21:01:00,"20-09-2024 18:29","20-09-2024 18:29",2.53,2.53,0,55.7,54.4,55.7,53.2,NA,0.0388,"ppm",NA,NA,NA,NA,NA,0.0638,0.000773,0.162,4.39,0.0532,13.8,NA,NA,NA,NA,NA,NA,2,NA,2,NA,NA,NA,NA,NA,0,0,0,NA,NA,""
3360,3364,93725,721,23,2024-09-20 21:01:00,2024-09-20 23:33:00,"20-09-2024 21:01","20-09-2024 21:01",2.53,2.53,0,58.2,57,58.2,55.7,NA,0.0349,"ppm",NA,NA,NA,NA,NA,0.0223,0.00027,0.0565,4.45,0.0538,12.4,NA,NA,NA,NA,NA,NA,2,NA,2,NA,NA,NA,NA,NA,0,0,0,NA,NA,""
3360,3364,93726,722,24,2024-09-20 23:33:00,2024-09-21 02:05:00,"20-09-2024 23:33","20-09-2024 23:33",2.53,2.53,0,60.8,59.5,60.8,58.2,NA,0.033,"ppm",NA,NA,NA,NA,NA,0.00285,3.45e-05,0.00721,4.45,0.0539,11.5,NA,NA,NA,NA,NA,NA,2,NA,2,NA,NA,NA,NA,NA,0,0,0,NA,NA,""
3360,3364,93727,723,25,2024-09-21 02:05:00,2024-09-21 04:37:00,"21-09-2024 02:05","21-09-2024 02:05",2.53,2.53,0,63.3,62,63.3,60.8,NA,0.0326,"ppm",NA,NA,NA,NA,NA,0.0071,8.6e-05,0.018,4.47,0.0541,11.4,NA,NA,NA,NA,NA,NA,2,NA,2,NA,NA,NA,NA,NA,0,0,0,NA,NA,""
3360,3364,93728,724,26,2024-09-21 04:37:00,2024-09-21 07:09:00,"21-09-2024 04:37","21-09-2024 04:37",2.53,2.53,0,65.8,64.6,65.8,63.3,NA,0.0326,"ppm",NA,NA,NA,NA,NA,0.00774,9.37e-05,0.0196,4.49,0.0544,10.9,NA,NA,NA,NA,NA,NA,2,NA,2,NA,NA,NA,NA,NA,0,0,0,NA,NA,""
3360,3364,93729,725,27,2024-09-21 07:09:00,2024-09-21 09:41:00,"21-09-2024 07:09","21-09-2024 07:09",2.53,2.53,0,68.4,67.1,68.4,65.8,NA,0.047,"ppm",NA,NA,NA,NA,NA,-0.00484,-5.86e-05,-0.0123,4.48,0.0542,12.6,NA,NA,NA,NA,NA,NA,2,NA,2,NA,NA,NA,NA,NA,0,0,0,NA,NA,""
3360,3364,93730,726,28,2024-09-21 09:41:00,2024-09-21 12:13:00,"21-09-2024 09:41","21-09-2024 09:41",2.53,2.53,0,70.9,69.6,70.9,68.4,NA,0.0915,"ppm",NA,NA,NA,NA,NA,-0.0419,-0.000507,-0.106,4.37,0.0529,16,NA,NA,NA,NA,NA,NA,2,NA,2,NA,NA,NA,NA,NA,0,0,0,NA,NA,""
3360,3364,93731,727,29,2024-09-21 12:13:00,2024-09-21 14:45:00,"21-09-2024 12:13","21-09-2024 12:13",2.53,2.53,0,73.4,72.2,73.4,70.9,NA,0.101,"ppm",NA,NA,NA,NA,NA,-0.0385,-0.000467,-0.0976,4.28,0.0518,20.7,NA,NA,NA,NA,NA,NA,2,NA,2,NA,NA,NA,NA,NA,0,0,0,NA,NA,""
3360,3364,93732,728,30,2024-09-21 14:45:00,2024-09-21 17:17:00,"21-09-2024 14:45","21-09-2024 14:45",2.53,2.53,0,76,74.7,76,73.4,NA,0.0682,"ppm",NA,NA,NA,NA,NA,0.0199,0.000241,0.0503,4.33,0.0524,20.2,NA,NA,NA,NA,NA,NA,2,NA,2,NA,NA,NA,NA,NA,0,0,0,NA,NA,""
3360,3364,93733,729,31,2024-09-21 17:17:00,2024-09-21 19:49:00,"21-09-2024 17:17","21-09-2024 17:17",2.53,2.53,0,78.5,77.2,78.5,76,NA,0.0451,"ppm",NA,NA,NA,NA,NA,0.0481,0.000583,0.122,4.45,0.0538,15.2,NA,NA,NA,NA,NA,NA,2,NA,2,NA,NA,NA,NA,NA,0,0,0,NA,NA,""
3360,3364,93734,730,32,2024-09-21 19:49:00,2024-09-21 22:21:00,"21-09-2024 19:49","21-09-2024 19:49",2.53,2.53,0,81,79.8,81,78.5,NA,0.0325,"ppm",NA,NA,NA,NA,NA,0.0278,0.000336,0.0704,4.52,0.0547,13.3,NA,NA,NA,NA,NA,NA,2,NA,2,NA,NA,NA,NA,NA,0,0,0,NA,NA,""
3360,3364,93735,731,33,2024-09-21 22:21:00,2024-09-22 00:53:00,"21-09-2024 22:21","21-09-2024 22:21",2.53,2.53,0,83.6,82.3,83.6,81,NA,0.0316,"ppm",NA,NA,NA,NA,NA,0.00144,1.74e-05,0.00365,4.52,0.0547,12.4,NA,NA,NA,NA,NA,NA,2,NA,2,NA,NA,NA,NA,NA,0,0,0,NA,NA,""
3360,3364,93736,732,34,2024-09-22 00:53:00,2024-09-22 03:24:00,"22-09-2024 00:53","22-09-2024 00:53",2.52,2.52,0,86.1,84.8,86.1,83.6,NA,0.029,"ppm",NA,NA,NA,NA,NA,-0.00533,-6.45e-05,-0.0134,4.51,0.0546,10.9,NA,NA,NA,NA,NA,NA,2,NA,2,NA,NA,NA,NA,NA,0,0,0,NA,NA,""
3360,3364,93737,733,35,2024-09-22 03:24:00,2024-09-22 05:56:00,"22-09-2024 03:24","22-09-2024 03:24",2.53,2.53,0,88.6,87.4,88.6,86.1,NA,0.0293,"ppm",NA,NA,NA,NA,NA,-0.00424,-5.14e-05,-0.0108,4.5,0.0545,9.7,NA,NA,NA,NA,NA,NA,2,NA,2,NA,NA,NA,NA,NA,0,0,0,NA,NA,""
3360,3364,93738,734,36,2024-09-22 05:56:00,2024-09-22 08:28:00,"22-09-2024 05:56","22-09-2024 05:56",2.53,2.53,0,91.2,89.9,91.2,88.6,NA,0.0363,"ppm",NA,NA,NA,NA,NA,-0.0104,-0.000126,-0.0264,4.47,0.0541,11.9,NA,NA,NA,NA,NA,NA,2,NA,2,NA,NA,NA,NA,NA,0,0,0,NA,NA,""
3360,3364,93739,735,37,2024-09-22 08:28:00,2024-09-22 11:00:00,"22-09-2024 08:28","22-09-2024 08:28",2.53,2.53,0,93.7,92.4,93.7,91.2,NA,0.0699,"ppm",NA,NA,NA,NA,NA,-0.0469,-0.000568,-0.119,4.35,0.0527,15.6,NA,NA,NA,NA,NA,NA,2,NA,2,NA,NA,NA,NA,NA,0,0,0,NA,NA,""
3360,3364,93740,736,38,2024-09-22 11:00:00,2024-09-22 13:32:00,"22-09-2024 11:00","22-09-2024 11:00",2.53,2.53,0,96.2,95,96.2,93.7,NA,0.0823,"ppm",NA,NA,NA,NA,NA,-0.0325,-0.000393,-0.0822,4.27,0.0517,19.4,NA,NA,NA,NA,NA,NA,2,NA,2,NA,NA,NA,NA,NA,0,0,0,NA,NA,""
3360,3364,93741,737,39,2024-09-22 13:32:00,2024-09-22 16:04:00,"22-09-2024 13:32","22-09-2024 13:32",2.53,2.53,0,98.8,97.5,98.8,96.2,NA,0.0716,"ppm",NA,NA,NA,NA,NA,0.0163,0.000198,0.0414,4.31,0.0522,19.4,NA,NA,NA,NA,NA,NA,2,NA,2,NA,NA,NA,NA,NA,0,0,0,NA,NA,""
3360,3364,93742,738,40,2024-09-22 16:04:00,2024-09-22 18:36:00,"22-09-2024 16:04","22-09-2024 16:04",2.53,2.53,0,101,100,101,98.8,NA,0.042,"ppm",NA,NA,NA,NA,NA,0.0347,0.00042,0.0878,4.4,0.0533,15.5,NA,NA,NA,NA,NA,NA,2,NA,2,NA,NA,NA,NA,NA,0,0,0,NA,NA,""
3360,3364,93743,739,41,2024-09-22 18:36:00,2024-09-22 21:08:00,"22-09-2024 18:36","22-09-2024 18:36",2.53,2.53,0,104,103,104,101,NA,0.0299,"ppm",NA,NA,NA,NA,NA,0.0341,0.000413,0.0865,4.49,0.0543,12.7,NA,NA,NA,NA,NA,NA,2,NA,2,NA,NA,NA,NA,NA,0,0,0,NA,NA,""
3360,3364,93744,740,42,2024-09-22 21:08:00,2024-09-22 23:40:00,"22-09-2024 21:08","22-09-2024 21:08",2.53,2.53,0,106,105,106,104,NA,0.0336,"ppm",NA,NA,NA,NA,NA,0.000514,6.22e-06,0.0013,4.49,0.0543,11.2,NA,NA,NA,NA,NA,NA,2,NA,2,NA,NA,NA,NA,NA,0,0,0,NA,NA,""
3360,3364,93745,741,43,2024-09-22 23:40:00,2024-09-23 02:12:00,"22-09-2024 23:40","22-09-2024 23:40",2.53,2.53,0,109,108,109,106,NA,0.029,"ppm",NA,NA,NA,NA,NA,-0.0156,-0.000189,-0.0395,4.45,0.0538,9.6,NA,NA,NA,NA,NA,NA,2,NA,2,NA,NA,NA,NA,NA,0,0,0,NA,NA,""
3360,3364,93746,742,44,2024-09-23 02:12:00,2024-09-23 04:44:00,"23-09-2024 02:12","23-09-2024 02:12",2.53,2.53,0,111,110,111,109,NA,0.0265,"ppm",NA,NA,NA,NA,NA,-0.0077,-9.32e-05,-0.0195,4.43,0.0536,7.5,NA,NA,NA,NA,NA,NA,2,NA,2,NA,NA,NA,NA,NA,0,0,0,NA,NA,""
3360,3364,93747,743,45,2024-09-23 04:44:00,2024-09-23 07:16:00,"23-09-2024 04:44","23-09-2024 04:44",2.53,2.53,0,114,113,114,111,NA,0.0277,"ppm",NA,NA,NA,NA,NA,-0.00509,-6.17e-05,-0.0129,4.42,0.0535,9.6,NA,NA,NA,NA,NA,NA,2,NA,2,NA,NA,NA,NA,NA,0,0,0,NA,NA,""
3360,3364,93748,744,46,2024-09-23 07:16:00,2024-09-23 09:48:00,"23-09-2024 07:16","23-09-2024 07:16",2.53,2.53,0,116,115,116,114,NA,0.0359,"ppm",NA,NA,NA,NA,NA,-0.0145,-0.000175,-0.0366,4.38,0.053,12.4,NA,NA,NA,NA,NA,NA,2,NA,2,NA,NA,NA,NA,NA,0,0,0,NA,NA,""
3360,3364,93749,745,47,2024-09-23 09:48:00,2024-09-23 12:19:00,"23-09-2024 09:48","23-09-2024 09:48",2.52,2.52,0,119,118,119,116,NA,0.0603,"ppm",NA,NA,NA,NA,NA,-0.0314,-0.00038,-0.079,4.3,0.0521,13.5,NA,NA,NA,NA,NA,NA,2,NA,2,NA,NA,NA,NA,NA,0,0,0,NA,NA,""
3360,3364,93750,746,48,2024-09-23 12:19:00,2024-09-23 14:51:00,"23-09-2024 12:19","23-09-2024 12:19",2.53,2.53,0,122,120,122,119,NA,0.0634,"ppm",NA,NA,NA,NA,NA,-0.0231,-0.000279,-0.0584,4.24,0.0513,18.4,NA,NA,NA,NA,NA,NA,2,NA,2,NA,NA,NA,NA,NA,0,0,0,NA,NA,""
3360,3364,93751,747,49,2024-09-23 14:51:00,2024-09-23 17:23:00,"23-09-2024 14:51","23-09-2024 14:51",2.53,2.53,0,124,123,124,122,NA,0.0442,"ppm",NA,NA,NA,NA,NA,0.127,0.00153,0.321,4.56,0.0552,18.1,NA,NA,NA,NA,NA,NA,2,NA,2,NA,NA,NA,NA,NA,0,0,0,NA,NA,""
3360,3364,93752,748,50,2024-09-23 17:23:00,2024-09-23 19:55:00,"23-09-2024 17:23","23-09-2024 17:23",2.53,2.53,0,127,125,127,124,NA,0.0321,"ppm",NA,NA,NA,NA,NA,0.144,0.00174,0.364,4.93,0.0596,15.3,NA,NA,NA,NA,NA,NA,2,NA,2,NA,NA,NA,NA,NA,0,0,0,NA,NA,""
3360,3364,93753,749,51,2024-09-23 19:55:00,2024-09-23 22:27:00,"23-09-2024 19:55","23-09-2024 19:55",2.53,2.53,0,129,128,129,127,NA,0.0291,"ppm",NA,NA,NA,NA,NA,0.0162,0.000196,0.041,4.97,0.0601,15,NA,NA,NA,NA,NA,NA,2,NA,2,NA,NA,NA,NA,NA,0,0,0,NA,NA,""
3360,3364,93754,750,52,2024-09-23 22:27:00,2024-09-24 00:59:00,"23-09-2024 22:27","23-09-2024 22:27",2.53,2.53,0,132,130,132,129,NA,0.028,"ppm",NA,NA,NA,NA,NA,-7.6e-05,-9.21e-07,-0.000193,4.97,0.0601,14.9,NA,NA,NA,NA,NA,NA,2,NA,2,NA,NA,NA,NA,NA,0,0,0,NA,NA,""
3360,3364,93755,751,53,2024-09-24 00:59:00,2024-09-24 03:31:00,"24-09-2024 00:59","24-09-2024 00:59",2.53,2.53,0,134,133,134,132,NA,0.0271,"ppm",NA,NA,NA,NA,NA,-0.00366,-4.44e-05,-0.00928,4.96,0.06,14.5,NA,NA,NA,NA,NA,NA,2,NA,2,NA,NA,NA,NA,NA,0,0,0,NA,NA,""
3361,3365,93756,752,1,2024-09-18 13:27:00,2024-09-18 15:59:00,"18-09-2024 13:27","18-09-2024 13:27",2.53,2.53,0,2.53,1.27,2.53,0,NA,0.116,"ppm",NA,NA,NA,NA,NA,-0.0378,-0.000439,-0.0958,-0.0958,-0.00111,19.9,NA,NA,NA,NA,NA,NA,2,NA,2,NA,NA,NA,NA,NA,0,0,0,NA,NA,""
3361,3365,93757,753,2,2024-09-18 15:59:00,2024-09-18 18:31:00,"18-09-2024 15:59","18-09-2024 15:59",2.53,2.53,0,5.07,3.8,5.07,2.53,NA,0.0678,"ppm",NA,NA,NA,NA,NA,0.00259,3.01e-05,0.00657,-0.0892,-0.00104,17,NA,NA,NA,NA,NA,NA,2,NA,2,NA,NA,NA,NA,NA,0,0,0,NA,NA,""
3361,3365,93758,754,3,2024-09-18 18:31:00,2024-09-18 21:03:00,"18-09-2024 18:31","18-09-2024 18:31",2.53,2.53,0,7.6,6.33,7.6,5.07,NA,0.0467,"ppm",NA,NA,NA,NA,NA,-0.00938,-0.000109,-0.0238,-0.113,-0.00131,14.2,NA,NA,NA,NA,NA,NA,2,NA,2,NA,NA,NA,NA,NA,0,0,0,NA,NA,""
3361,3365,93759,755,4,2024-09-18 21:03:00,2024-09-18 23:35:00,"18-09-2024 21:03","18-09-2024 21:03",2.53,2.53,0,10.1,8.87,10.1,7.6,NA,0.0561,"ppm",NA,NA,NA,NA,NA,-0.0346,-0.000402,-0.0877,-0.201,-0.00233,11.9,NA,NA,NA,NA,NA,NA,2,NA,2,NA,NA,NA,NA,NA,0,0,0,NA,NA,""
3361,3365,93760,756,5,2024-09-18 23:35:00,2024-09-19 02:07:00,"18-09-2024 23:35","18-09-2024 23:35",2.53,2.53,0,12.7,11.4,12.7,10.1,NA,0.0377,"ppm",NA,NA,NA,NA,NA,-0.036,-0.000418,-0.0911,-0.292,-0.00339,10.8,NA,NA,NA,NA,NA,NA,2,NA,2,NA,NA,NA,NA,NA,0,0,0,NA,NA,""
3361,3365,93761,757,6,2024-09-19 02:07:00,2024-09-19 04:39:00,"19-09-2024 02:07","19-09-2024 02:07",2.53,2.53,0,15.2,13.9,15.2,12.7,NA,0.0347,"ppm",NA,NA,NA,NA,NA,-0.0199,-0.000232,-0.0505,-0.342,-0.00398,9.7,NA,NA,NA,NA,NA,NA,2,NA,2,NA,NA,NA,NA,NA,0,0,0,NA,NA,""
3361,3365,93762,758,7,2024-09-19 04:39:00,2024-09-19 07:10:00,"19-09-2024 04:39","19-09-2024 04:39",2.52,2.52,0,17.7,16.5,17.7,15.2,NA,0.0351,"ppm",NA,NA,NA,NA,NA,-0.0174,-0.000202,-0.0438,-0.386,-0.00448,10.2,NA,NA,NA,NA,NA,NA,2,NA,2,NA,NA,NA,NA,NA,0,0,0,NA,NA,""
3361,3365,93763,759,8,2024-09-19 07:10:00,2024-09-19 09:42:00,"19-09-2024 07:10","19-09-2024 07:10",2.53,2.53,0,20.2,19,20.2,17.7,NA,0.0637,"ppm",NA,NA,NA,NA,NA,-0.0229,-0.000266,-0.0581,-0.444,-0.00516,14.6,NA,NA,NA,NA,NA,NA,2,NA,2,NA,NA,NA,NA,NA,0,0,0,NA,NA,""
3361,3365,93764,760,9,2024-09-19 09:42:00,2024-09-19 12:14:00,"19-09-2024 09:42","19-09-2024 09:42",2.53,2.53,0,22.8,21.5,22.8,20.2,NA,0.1,"ppm",NA,NA,NA,NA,NA,-0.0125,-0.000145,-0.0316,-0.476,-0.00553,18.7,NA,NA,NA,NA,NA,NA,2,NA,2,NA,NA,NA,NA,NA,0,0,0,NA,NA,""
3361,3365,93765,761,10,2024-09-19 12:14:00,2024-09-19 14:46:00,"19-09-2024 12:14","19-09-2024 12:14",2.53,2.53,0,25.3,24,25.3,22.8,NA,0.116,"ppm",NA,NA,NA,NA,NA,-0.0121,-0.000141,-0.0307,-0.506,-0.00588,21,NA,NA,NA,NA,NA,NA,2,NA,2,NA,NA,NA,NA,NA,0,0,0,NA,NA,""
3361,3365,93766,762,11,2024-09-19 14:46:00,2024-09-19 17:18:00,"19-09-2024 14:46","19-09-2024 14:46",2.53,2.53,0,27.8,26.6,27.8,25.3,NA,0.0768,"ppm",NA,NA,NA,NA,NA,-0.00787,-9.14e-05,-0.0199,-0.526,-0.00611,20.5,NA,NA,NA,NA,NA,NA,2,NA,2,NA,NA,NA,NA,NA,0,0,0,NA,NA,""
3361,3365,93767,763,12,2024-09-19 17:18:00,2024-09-19 19:50:00,"19-09-2024 17:18","19-09-2024 17:18",2.53,2.53,0,30.4,29.1,30.4,27.8,NA,0.0445,"ppm",NA,NA,NA,NA,NA,-0.00167,-1.93e-05,-0.00422,-0.531,-0.00616,14.5,NA,NA,NA,NA,NA,NA,2,NA,2,NA,NA,NA,NA,NA,0,0,0,NA,NA,""
3361,3365,93768,764,13,2024-09-19 19:50:00,2024-09-19 22:22:00,"19-09-2024 19:50","19-09-2024 19:50",2.53,2.53,0,32.9,31.6,32.9,30.4,NA,0.0358,"ppm",NA,NA,NA,NA,NA,-0.0182,-0.000212,-0.0462,-0.577,-0.0067,12.9,NA,NA,NA,NA,NA,NA,2,NA,2,NA,NA,NA,NA,NA,0,0,0,NA,NA,""
3361,3365,93769,765,14,2024-09-19 22:22:00,2024-09-20 00:54:00,"19-09-2024 22:22","19-09-2024 22:22",2.53,2.53,0,35.4,34.2,35.4,32.9,NA,0.0338,"ppm",NA,NA,NA,NA,NA,-0.0207,-0.00024,-0.0523,-0.629,-0.00731,12.4,NA,NA,NA,NA,NA,NA,2,NA,2,NA,NA,NA,NA,NA,0,0,0,NA,NA,""
3361,3365,93770,766,15,2024-09-20 00:54:00,2024-09-20 03:26:00,"20-09-2024 00:54","20-09-2024 00:54",2.53,2.53,0,38,36.7,38,35.4,NA,0.0339,"ppm",NA,NA,NA,NA,NA,-0.0215,-0.00025,-0.0545,-0.684,-0.00794,11.3,NA,NA,NA,NA,NA,NA,2,NA,2,NA,NA,NA,NA,NA,0,0,0,NA,NA,""
3361,3365,93771,767,16,2024-09-20 03:26:00,2024-09-20 05:58:00,"20-09-2024 03:26","20-09-2024 03:26",2.53,2.53,0,40.5,39.2,40.5,38,NA,0.0333,"ppm",NA,NA,NA,NA,NA,-0.0216,-0.000251,-0.0548,-0.738,-0.00858,12.2,NA,NA,NA,NA,NA,NA,2,NA,2,NA,NA,NA,NA,NA,0,0,0,NA,NA,""
3361,3365,93772,768,17,2024-09-20 05:58:00,2024-09-20 08:30:00,"20-09-2024 05:58","20-09-2024 05:58",2.53,2.53,0,43,41.8,43,40.5,NA,0.0369,"ppm",NA,NA,NA,NA,NA,-0.022,-0.000255,-0.0556,-0.794,-0.00922,12.9,NA,NA,NA,NA,NA,NA,2,NA,2,NA,NA,NA,NA,NA,0,0,0,NA,NA,""
3361,3365,93773,769,18,2024-09-20 08:30:00,2024-09-20 11:02:00,"20-09-2024 08:30","20-09-2024 08:30",2.53,2.53,0,45.6,44.3,45.6,43,NA,0.0496,"ppm",NA,NA,NA,NA,NA,-0.0254,-0.000295,-0.0643,-0.858,-0.00997,13.7,NA,NA,NA,NA,NA,NA,2,NA,2,NA,NA,NA,NA,NA,0,0,0,NA,NA,""
3361,3365,93774,770,19,2024-09-20 11:02:00,2024-09-20 13:34:00,"20-09-2024 11:02","20-09-2024 11:02",2.53,2.53,0,48.1,46.8,48.1,45.6,NA,0.0836,"ppm",NA,NA,NA,NA,NA,-0.00911,-0.000106,-0.0231,-0.881,-0.0102,17.1,NA,NA,NA,NA,NA,NA,2,NA,2,NA,NA,NA,NA,NA,0,0,0,NA,NA,""
3361,3365,93775,771,20,2024-09-20 13:34:00,2024-09-20 16:06:00,"20-09-2024 13:34","20-09-2024 13:34",2.53,2.53,0,50.6,49.4,50.6,48.1,NA,0.099,"ppm",NA,NA,NA,NA,NA,0.00506,5.88e-05,0.0128,-0.869,-0.0101,19.5,NA,NA,NA,NA,NA,NA,2,NA,2,NA,NA,NA,NA,NA,0,0,0,NA,NA,""
3361,3365,93776,772,21,2024-09-20 16:06:00,2024-09-20 18:37:00,"20-09-2024 16:06","20-09-2024 16:06",2.52,2.52,0,53.2,51.9,53.2,50.6,NA,0.0561,"ppm",NA,NA,NA,NA,NA,-0.00168,-1.96e-05,-0.00424,-0.873,-0.0101,16.8,NA,NA,NA,NA,NA,NA,2,NA,2,NA,NA,NA,NA,NA,0,0,0,NA,NA,""
3361,3365,93777,773,22,2024-09-20 18:37:00,2024-09-20 21:09:00,"20-09-2024 18:37","20-09-2024 18:37",2.53,2.53,0,55.7,54.4,55.7,53.2,NA,0.0388,"ppm",NA,NA,NA,NA,NA,-0.0141,-0.000164,-0.0357,-0.909,-0.0106,13.8,NA,NA,NA,NA,NA,NA,2,NA,2,NA,NA,NA,NA,NA,0,0,0,NA,NA,""
3361,3365,93778,774,23,2024-09-20 21:09:00,2024-09-20 23:41:00,"20-09-2024 21:09","20-09-2024 21:09",2.53,2.53,0,58.2,57,58.2,55.7,NA,0.0349,"ppm",NA,NA,NA,NA,NA,-0.0225,-0.000262,-0.0571,-0.966,-0.0112,12.4,NA,NA,NA,NA,NA,NA,2,NA,2,NA,NA,NA,NA,NA,0,0,0,NA,NA,""
3361,3365,93779,775,24,2024-09-20 23:41:00,2024-09-21 02:13:00,"20-09-2024 23:41","20-09-2024 23:41",2.53,2.53,0,60.8,59.5,60.8,58.2,NA,0.033,"ppm",NA,NA,NA,NA,NA,-0.0216,-0.00025,-0.0546,-1.02,-0.0118,11.5,NA,NA,NA,NA,NA,NA,2,NA,2,NA,NA,NA,NA,NA,0,0,0,NA,NA,""
3361,3365,93780,776,25,2024-09-21 02:13:00,2024-09-21 04:45:00,"21-09-2024 02:13","21-09-2024 02:13",2.53,2.53,0,63.3,62,63.3,60.8,NA,0.0326,"ppm",NA,NA,NA,NA,NA,-0.0219,-0.000254,-0.0555,-1.08,-0.0125,11.4,NA,NA,NA,NA,NA,NA,2,NA,2,NA,NA,NA,NA,NA,0,0,0,NA,NA,""
3361,3365,93781,777,26,2024-09-21 04:45:00,2024-09-21 07:17:00,"21-09-2024 04:45","21-09-2024 04:45",2.53,2.53,0,65.8,64.6,65.8,63.3,NA,0.0326,"ppm",NA,NA,NA,NA,NA,-0.0226,-0.000263,-0.0573,-1.13,-0.0132,10.9,NA,NA,NA,NA,NA,NA,2,NA,2,NA,NA,NA,NA,NA,0,0,0,NA,NA,""
3361,3365,93782,778,27,2024-09-21 07:17:00,2024-09-21 09:49:00,"21-09-2024 07:17","21-09-2024 07:17",2.53,2.53,0,68.4,67.1,68.4,65.8,NA,0.047,"ppm",NA,NA,NA,NA,NA,-0.0278,-0.000323,-0.0705,-1.2,-0.014,12.6,NA,NA,NA,NA,NA,NA,2,NA,2,NA,NA,NA,NA,NA,0,0,0,NA,NA,""
3361,3365,93783,779,28,2024-09-21 09:49:00,2024-09-21 12:21:00,"21-09-2024 09:49","21-09-2024 09:49",2.53,2.53,0,70.9,69.6,70.9,68.4,NA,0.0915,"ppm",NA,NA,NA,NA,NA,-0.0171,-0.000198,-0.0432,-1.25,-0.0145,16,NA,NA,NA,NA,NA,NA,2,NA,2,NA,NA,NA,NA,NA,0,0,0,NA,NA,""
3361,3365,93784,780,29,2024-09-21 12:21:00,2024-09-21 14:53:00,"21-09-2024 12:21","21-09-2024 12:21",2.53,2.53,0,73.4,72.2,73.4,70.9,NA,0.101,"ppm",NA,NA,NA,NA,NA,-0.00516,-5.99e-05,-0.0131,-1.26,-0.0146,20.7,NA,NA,NA,NA,NA,NA,2,NA,2,NA,NA,NA,NA,NA,0,0,0,NA,NA,""
3361,3365,93785,781,30,2024-09-21 14:53:00,2024-09-21 17:25:00,"21-09-2024 14:53","21-09-2024 14:53",2.53,2.53,0,76,74.7,76,73.4,NA,0.0682,"ppm",NA,NA,NA,NA,NA,0.00206,2.39e-05,0.00522,-1.25,-0.0146,18.7,NA,NA,NA,NA,NA,NA,2,NA,2,NA,NA,NA,NA,NA,0,0,0,NA,NA,""
3361,3365,93786,782,31,2024-09-21 17:25:00,2024-09-21 19:57:00,"21-09-2024 17:25","21-09-2024 17:25",2.53,2.53,0,78.5,77.2,78.5,76,NA,0.0451,"ppm",NA,NA,NA,NA,NA,-0.0061,-7.09e-05,-0.0155,-1.27,-0.0148,15.2,NA,NA,NA,NA,NA,NA,2,NA,2,NA,NA,NA,NA,NA,0,0,0,NA,NA,""
3361,3365,93787,783,32,2024-09-21 19:57:00,2024-09-21 22:29:00,"21-09-2024 19:57","21-09-2024 19:57",2.53,2.53,0,81,79.8,81,78.5,NA,0.0325,"ppm",NA,NA,NA,NA,NA,-0.0226,-0.000262,-0.0572,-1.33,-0.0154,12.8,NA,NA,NA,NA,NA,NA,2,NA,2,NA,NA,NA,NA,NA,0,0,0,NA,NA,""
3361,3365,93788,784,33,2024-09-21 22:29:00,2024-09-22 01:01:00,"21-09-2024 22:29","21-09-2024 22:29",2.53,2.53,0,83.6,82.3,83.6,81,NA,0.0316,"ppm",NA,NA,NA,NA,NA,-0.0225,-0.000261,-0.057,-1.38,-0.0161,12.4,NA,NA,NA,NA,NA,NA,2,NA,2,NA,NA,NA,NA,NA,0,0,0,NA,NA,""
3361,3365,93789,785,34,2024-09-22 01:01:00,2024-09-22 03:32:00,"22-09-2024 01:01","22-09-2024 01:01",2.52,2.52,0,86.1,84.8,86.1,83.6,NA,0.029,"ppm",NA,NA,NA,NA,NA,-0.0222,-0.000257,-0.0558,-1.44,-0.0167,10.9,NA,NA,NA,NA,NA,NA,2,NA,2,NA,NA,NA,NA,NA,0,0,0,NA,NA,""
3361,3365,93790,786,35,2024-09-22 03:32:00,2024-09-22 06:04:00,"22-09-2024 03:32","22-09-2024 03:32",2.53,2.53,0,88.6,87.4,88.6,86.1,NA,0.0293,"ppm",NA,NA,NA,NA,NA,-0.0204,-0.000238,-0.0518,-1.49,-0.0173,9.7,NA,NA,NA,NA,NA,NA,2,NA,2,NA,NA,NA,NA,NA,0,0,0,NA,NA,""
3361,3365,93791,787,36,2024-09-22 06:04:00,2024-09-22 08:36:00,"22-09-2024 06:04","22-09-2024 06:04",2.53,2.53,0,91.2,89.9,91.2,88.6,NA,0.0363,"ppm",NA,NA,NA,NA,NA,-0.0269,-0.000312,-0.068,-1.56,-0.0181,11.9,NA,NA,NA,NA,NA,NA,2,NA,2,NA,NA,NA,NA,NA,0,0,0,NA,NA,""
3361,3365,93792,788,37,2024-09-22 08:36:00,2024-09-22 11:08:00,"22-09-2024 08:36","22-09-2024 08:36",2.53,2.53,0,93.7,92.4,93.7,91.2,NA,0.0699,"ppm",NA,NA,NA,NA,NA,0.00091,1.06e-05,0.00231,-1.56,-0.0181,15.6,NA,NA,NA,NA,NA,NA,2,NA,2,NA,NA,NA,NA,NA,0,0,0,NA,NA,""
3361,3365,93793,789,38,2024-09-22 11:08:00,2024-09-22 13:40:00,"22-09-2024 11:08","22-09-2024 11:08",2.53,2.53,0,96.2,95,96.2,93.7,NA,0.0823,"ppm",NA,NA,NA,NA,NA,0.0239,0.000277,0.0605,-1.5,-0.0174,19.4,NA,NA,NA,NA,NA,NA,2,NA,2,NA,NA,NA,NA,NA,0,0,0,NA,NA,""
3361,3365,93794,790,39,2024-09-22 13:40:00,2024-09-22 16:12:00,"22-09-2024 13:40","22-09-2024 13:40",2.53,2.53,0,98.8,97.5,98.8,96.2,NA,0.0716,"ppm",NA,NA,NA,NA,NA,0.0106,0.000123,0.0269,-1.47,-0.0171,19.4,NA,NA,NA,NA,NA,NA,2,NA,2,NA,NA,NA,NA,NA,0,0,0,NA,NA,""
3361,3365,93795,791,40,2024-09-22 16:12:00,2024-09-22 18:44:00,"22-09-2024 16:12","22-09-2024 16:12",2.53,2.53,0,101,100,101,98.8,NA,0.042,"ppm",NA,NA,NA,NA,NA,-0.00053,-6.16e-06,-0.00134,-1.47,-0.0171,15.5,NA,NA,NA,NA,NA,NA,2,NA,2,NA,NA,NA,NA,NA,0,0,0,NA,NA,""
3361,3365,93796,792,41,2024-09-22 18:44:00,2024-09-22 21:16:00,"22-09-2024 18:44","22-09-2024 18:44",2.53,2.53,0,104,103,104,101,NA,0.0299,"ppm",NA,NA,NA,NA,NA,-0.0135,-0.000157,-0.0343,-1.51,-0.0175,12.7,NA,NA,NA,NA,NA,NA,2,NA,2,NA,NA,NA,NA,NA,0,0,0,NA,NA,""
3361,3365,93797,793,42,2024-09-22 21:16:00,2024-09-22 23:48:00,"22-09-2024 21:16","22-09-2024 21:16",2.53,2.53,0,106,105,106,104,NA,0.0336,"ppm",NA,NA,NA,NA,NA,-0.024,-0.000279,-0.0608,-1.57,-0.0182,11.2,NA,NA,NA,NA,NA,NA,2,NA,2,NA,NA,NA,NA,NA,0,0,0,NA,NA,""
3361,3365,93798,794,43,2024-09-22 23:48:00,2024-09-23 02:20:00,"22-09-2024 23:48","22-09-2024 23:48",2.53,2.53,0,109,108,109,106,NA,0.029,"ppm",NA,NA,NA,NA,NA,-0.0256,-0.000297,-0.0648,-1.63,-0.0189,9.6,NA,NA,NA,NA,NA,NA,2,NA,2,NA,NA,NA,NA,NA,0,0,0,NA,NA,""
3361,3365,93799,795,44,2024-09-23 02:20:00,2024-09-23 04:52:00,"23-09-2024 02:20","23-09-2024 02:20",2.53,2.53,0,111,110,111,109,NA,0.0265,"ppm",NA,NA,NA,NA,NA,-0.0213,-0.000247,-0.0538,-1.69,-0.0196,7.5,NA,NA,NA,NA,NA,NA,2,NA,2,NA,NA,NA,NA,NA,0,0,0,NA,NA,""
3361,3365,93800,796,45,2024-09-23 04:52:00,2024-09-23 07:24:00,"23-09-2024 04:52","23-09-2024 04:52",2.53,2.53,0,114,113,114,111,NA,0.0277,"ppm",NA,NA,NA,NA,NA,-0.0205,-0.000238,-0.052,-1.74,-0.0202,9.6,NA,NA,NA,NA,NA,NA,2,NA,2,NA,NA,NA,NA,NA,0,0,0,NA,NA,""
3361,3365,93801,797,46,2024-09-23 07:24:00,2024-09-23 09:56:00,"23-09-2024 07:24","23-09-2024 07:24",2.53,2.53,0,116,115,116,114,NA,0.0359,"ppm",NA,NA,NA,NA,NA,-0.0201,-0.000233,-0.0509,-1.79,-0.0208,12.4,NA,NA,NA,NA,NA,NA,2,NA,2,NA,NA,NA,NA,NA,0,0,0,NA,NA,""
3361,3365,93802,798,47,2024-09-23 09:56:00,2024-09-23 12:27:00,"23-09-2024 09:56","23-09-2024 09:56",2.52,2.52,0,119,118,119,116,NA,0.0603,"ppm",NA,NA,NA,NA,NA,-0.0113,-0.000131,-0.0284,-1.82,-0.0211,15.2,NA,NA,NA,NA,NA,NA,2,NA,2,NA,NA,NA,NA,NA,0,0,0,NA,NA,""
3361,3365,93803,799,48,2024-09-23 12:27:00,2024-09-23 14:59:00,"23-09-2024 12:27","23-09-2024 12:27",2.53,2.53,0,122,120,122,119,NA,0.0634,"ppm",NA,NA,NA,NA,NA,0.0418,0.000485,0.106,-1.71,-0.0199,18.4,NA,NA,NA,NA,NA,NA,2,NA,2,NA,NA,NA,NA,NA,0,0,0,NA,NA,""
3361,3365,93804,800,49,2024-09-23 14:59:00,2024-09-23 17:31:00,"23-09-2024 14:59","23-09-2024 14:59",2.53,2.53,0,124,123,124,122,NA,0.0442,"ppm",NA,NA,NA,NA,NA,0.0464,0.000539,0.118,-1.59,-0.0185,17.3,NA,NA,NA,NA,NA,NA,2,NA,2,NA,NA,NA,NA,NA,0,0,0,NA,NA,""
3361,3365,93805,801,50,2024-09-23 17:31:00,2024-09-23 20:03:00,"23-09-2024 17:31","23-09-2024 17:31",2.53,2.53,0,127,125,127,124,NA,0.0321,"ppm",NA,NA,NA,NA,NA,-0.000915,-1.06e-05,-0.00232,-1.6,-0.0185,15.3,NA,NA,NA,NA,NA,NA,2,NA,2,NA,NA,NA,NA,NA,0,0,0,NA,NA,""
3361,3365,93806,802,51,2024-09-23 20:03:00,2024-09-23 22:35:00,"23-09-2024 20:03","23-09-2024 20:03",2.53,2.53,0,129,128,129,127,NA,0.0291,"ppm",NA,NA,NA,NA,NA,-0.00902,-0.000105,-0.0229,-1.62,-0.0188,15,NA,NA,NA,NA,NA,NA,2,NA,2,NA,NA,NA,NA,NA,0,0,0,NA,NA,""
3361,3365,93807,803,52,2024-09-23 22:35:00,2024-09-24 01:07:00,"23-09-2024 22:35","23-09-2024 22:35",2.53,2.53,0,132,130,132,129,NA,0.028,"ppm",NA,NA,NA,NA,NA,-0.00961,-0.000112,-0.0244,-1.64,-0.0191,14.9,NA,NA,NA,NA,NA,NA,2,NA,2,NA,NA,NA,NA,NA,0,0,0,NA,NA,""
3361,3365,93808,804,53,2024-09-24 01:07:00,2024-09-24 03:39:00,"24-09-2024 01:07","24-09-2024 01:07",2.53,2.53,0,134,133,134,132,NA,0.0271,"ppm",NA,NA,NA,NA,NA,-0.0103,-0.00012,-0.0261,-1.67,-0.0194,14.5,NA,NA,NA,NA,NA,NA,2,NA,2,NA,NA,NA,NA,NA,0,0,0,NA,NA,""
3362,3366,93809,805,1,2024-09-18 13:35:00,2024-09-18 16:07:00,"18-09-2024 13:35","18-09-2024 13:35",2.53,2.53,0,2.53,1.27,3.62,1.08,NA,0.116,"ppm",NA,NA,NA,NA,NA,0.622,0.00714,1.58,1.58,0.0181,19.9,NA,NA,NA,NA,NA,NA,2,NA,2,NA,NA,NA,NA,NA,0,0,0,NA,NA,""
3362,3366,93810,806,2,2024-09-18 16:07:00,2024-09-18 18:39:00,"18-09-2024 16:07","18-09-2024 16:07",2.53,2.53,0,5.07,3.8,6.15,3.62,NA,0.0678,"ppm",NA,NA,NA,NA,NA,0.284,0.00326,0.721,2.3,0.0263,17,NA,NA,NA,NA,NA,NA,2,NA,2,NA,NA,NA,NA,NA,0,0,0,NA,NA,""
3362,3366,93811,807,3,2024-09-18 18:39:00,2024-09-18 21:11:00,"18-09-2024 18:39","18-09-2024 18:39",2.53,2.53,0,7.6,6.33,8.68,6.15,NA,0.0467,"ppm",NA,NA,NA,NA,NA,0.113,0.00129,0.285,2.58,0.0296,14.2,NA,NA,NA,NA,NA,NA,2,NA,2,NA,NA,NA,NA,NA,0,0,0,NA,NA,""
3362,3366,93812,808,4,2024-09-18 21:11:00,2024-09-18 23:43:00,"18-09-2024 21:11","18-09-2024 21:11",2.53,2.53,0,10.1,8.87,11.2,8.68,NA,0.0561,"ppm",NA,NA,NA,NA,NA,0.0248,0.000284,0.0628,2.64,0.0303,11.9,NA,NA,NA,NA,NA,NA,2,NA,2,NA,NA,NA,NA,NA,0,0,0,NA,NA,""
3362,3366,93813,809,5,2024-09-18 23:43:00,2024-09-19 02:15:00,"18-09-2024 23:43","18-09-2024 23:43",2.53,2.53,0,12.7,11.4,13.8,11.2,NA,0.0377,"ppm",NA,NA,NA,NA,NA,0.0183,0.00021,0.0464,2.69,0.0309,10.8,NA,NA,NA,NA,NA,NA,2,NA,2,NA,NA,NA,NA,NA,0,0,0,NA,NA,""
3362,3366,93814,810,6,2024-09-19 02:15:00,2024-09-19 04:47:00,"19-09-2024 02:15","19-09-2024 02:15",2.53,2.53,0,15.2,13.9,16.3,13.8,NA,0.0347,"ppm",NA,NA,NA,NA,NA,0.0334,0.000383,0.0846,2.78,0.0318,9.7,NA,NA,NA,NA,NA,NA,2,NA,2,NA,NA,NA,NA,NA,0,0,0,NA,NA,""
3362,3366,93815,811,7,2024-09-19 04:47:00,2024-09-19 07:18:00,"19-09-2024 04:47","19-09-2024 04:47",2.52,2.52,0,17.7,16.5,18.8,16.3,NA,0.0351,"ppm",NA,NA,NA,NA,NA,0.0284,0.000326,0.0714,2.85,0.0327,10.2,NA,NA,NA,NA,NA,NA,2,NA,2,NA,NA,NA,NA,NA,0,0,0,NA,NA,""
3362,3366,93816,812,8,2024-09-19 07:18:00,2024-09-19 09:50:00,"19-09-2024 07:18","19-09-2024 07:18",2.53,2.53,0,20.2,19,21.3,18.8,NA,0.0637,"ppm",NA,NA,NA,NA,NA,0.0479,0.000549,0.121,2.97,0.0341,14.6,NA,NA,NA,NA,NA,NA,2,NA,2,NA,NA,NA,NA,NA,0,0,0,NA,NA,""
3362,3366,93817,813,9,2024-09-19 09:50:00,2024-09-19 12:22:00,"19-09-2024 09:50","19-09-2024 09:50",2.53,2.53,0,22.8,21.5,23.9,21.3,NA,0.1,"ppm",NA,NA,NA,NA,NA,0.108,0.00124,0.275,3.24,0.0372,18.7,NA,NA,NA,NA,NA,NA,2,NA,2,NA,NA,NA,NA,NA,0,0,0,NA,NA,""
3362,3366,93818,814,10,2024-09-19 12:22:00,2024-09-19 14:54:00,"19-09-2024 12:22","19-09-2024 12:22",2.53,2.53,0,25.3,24,26.4,23.9,NA,0.116,"ppm",NA,NA,NA,NA,NA,0.159,0.00182,0.402,3.64,0.0418,21,NA,NA,NA,NA,NA,NA,2,NA,2,NA,NA,NA,NA,NA,0,0,0,NA,NA,""
3362,3366,93819,815,11,2024-09-19 14:54:00,2024-09-19 17:26:00,"19-09-2024 14:54","19-09-2024 14:54",2.53,2.53,0,27.8,26.6,28.9,26.4,NA,0.0768,"ppm",NA,NA,NA,NA,NA,0.187,0.00215,0.475,4.12,0.0473,18.9,NA,NA,NA,NA,NA,NA,2,NA,2,NA,NA,NA,NA,NA,0,0,0,NA,NA,""
3362,3366,93820,816,12,2024-09-19 17:26:00,2024-09-19 19:58:00,"19-09-2024 17:26","19-09-2024 17:26",2.53,2.53,0,30.4,29.1,31.5,28.9,NA,0.0445,"ppm",NA,NA,NA,NA,NA,0.127,0.00146,0.323,4.44,0.051,14.5,NA,NA,NA,NA,NA,NA,2,NA,2,NA,NA,NA,NA,NA,0,0,0,NA,NA,""
3362,3366,93821,817,13,2024-09-19 19:58:00,2024-09-19 22:30:00,"19-09-2024 19:58","19-09-2024 19:58",2.53,2.53,0,32.9,31.6,34,31.5,NA,0.0358,"ppm",NA,NA,NA,NA,NA,0.0297,0.00034,0.0751,4.52,0.0518,12.5,NA,NA,NA,NA,NA,NA,2,NA,2,NA,NA,NA,NA,NA,0,0,0,NA,NA,""
3362,3366,93822,818,14,2024-09-19 22:30:00,2024-09-20 01:02:00,"19-09-2024 22:30","19-09-2024 22:30",2.53,2.53,0,35.4,34.2,36.5,34,NA,0.0338,"ppm",NA,NA,NA,NA,NA,0.0135,0.000154,0.0341,4.55,0.0522,12.4,NA,NA,NA,NA,NA,NA,2,NA,2,NA,NA,NA,NA,NA,0,0,0,NA,NA,""
3362,3366,93823,819,15,2024-09-20 01:02:00,2024-09-20 03:34:00,"20-09-2024 01:02","20-09-2024 01:02",2.53,2.53,0,38,36.7,39.1,36.5,NA,0.0339,"ppm",NA,NA,NA,NA,NA,0.0195,0.000223,0.0493,4.6,0.0528,11.3,NA,NA,NA,NA,NA,NA,2,NA,2,NA,NA,NA,NA,NA,0,0,0,NA,NA,""
3362,3366,93824,820,16,2024-09-20 03:34:00,2024-09-20 06:06:00,"20-09-2024 03:34","20-09-2024 03:34",2.53,2.53,0,40.5,39.2,41.6,39.1,NA,0.0333,"ppm",NA,NA,NA,NA,NA,0.0229,0.000262,0.0579,4.66,0.0534,12.2,NA,NA,NA,NA,NA,NA,2,NA,2,NA,NA,NA,NA,NA,0,0,0,NA,NA,""
3362,3366,93825,821,17,2024-09-20 06:06:00,2024-09-20 08:38:00,"20-09-2024 06:06","20-09-2024 06:06",2.53,2.53,0,43,41.8,44.1,41.6,NA,0.0369,"ppm",NA,NA,NA,NA,NA,0.0298,0.000342,0.0756,4.73,0.0543,12.9,NA,NA,NA,NA,NA,NA,2,NA,2,NA,NA,NA,NA,NA,0,0,0,NA,NA,""
3362,3366,93826,822,18,2024-09-20 08:38:00,2024-09-20 11:10:00,"20-09-2024 08:38","20-09-2024 08:38",2.53,2.53,0,45.6,44.3,46.7,44.1,NA,0.0496,"ppm",NA,NA,NA,NA,NA,0.0539,0.000619,0.137,4.87,0.0559,13.7,NA,NA,NA,NA,NA,NA,2,NA,2,NA,NA,NA,NA,NA,0,0,0,NA,NA,""
3362,3366,93827,823,19,2024-09-20 11:10:00,2024-09-20 13:42:00,"20-09-2024 11:10","20-09-2024 11:10",2.53,2.53,0,48.1,46.8,49.2,46.7,NA,0.0836,"ppm",NA,NA,NA,NA,NA,0.116,0.00133,0.293,5.16,0.0592,17.1,NA,NA,NA,NA,NA,NA,2,NA,2,NA,NA,NA,NA,NA,0,0,0,NA,NA,""
3362,3366,93828,824,20,2024-09-20 13:42:00,2024-09-20 16:14:00,"20-09-2024 13:42","20-09-2024 13:42",2.53,2.53,0,50.6,49.4,51.7,49.2,NA,0.099,"ppm",NA,NA,NA,NA,NA,0.143,0.00164,0.361,5.52,0.0634,19.5,NA,NA,NA,NA,NA,NA,2,NA,2,NA,NA,NA,NA,NA,0,0,0,NA,NA,""
3362,3366,93829,825,21,2024-09-20 16:14:00,2024-09-20 18:45:00,"20-09-2024 16:14","20-09-2024 16:14",2.52,2.52,0,53.2,51.9,54.2,51.7,NA,0.0561,"ppm",NA,NA,NA,NA,NA,0.108,0.00123,0.271,5.79,0.0665,16.8,NA,NA,NA,NA,NA,NA,2,NA,2,NA,NA,NA,NA,NA,0,0,0,NA,NA,""
3362,3366,93830,826,22,2024-09-20 18:45:00,2024-09-20 21:17:00,"20-09-2024 18:45","20-09-2024 18:45",2.53,2.53,0,55.7,54.4,56.8,54.2,NA,0.0388,"ppm",NA,NA,NA,NA,NA,0.0595,0.000683,0.151,5.95,0.0682,13.8,NA,NA,NA,NA,NA,NA,2,NA,2,NA,NA,NA,NA,NA,0,0,0,NA,NA,""
3362,3366,93831,827,23,2024-09-20 21:17:00,2024-09-20 23:49:00,"20-09-2024 21:17","20-09-2024 21:17",2.53,2.53,0,58.2,57,59.3,56.8,NA,0.0349,"ppm",NA,NA,NA,NA,NA,0.0501,0.000575,0.127,6.07,0.0697,12.4,NA,NA,NA,NA,NA,NA,2,NA,2,NA,NA,NA,NA,NA,0,0,0,NA,NA,""
3362,3366,93832,828,24,2024-09-20 23:49:00,2024-09-21 02:21:00,"20-09-2024 23:49","20-09-2024 23:49",2.53,2.53,0,60.8,59.5,61.8,59.3,NA,0.033,"ppm",NA,NA,NA,NA,NA,0.0704,0.000808,0.178,6.25,0.0717,11.5,NA,NA,NA,NA,NA,NA,2,NA,2,NA,NA,NA,NA,NA,0,0,0,NA,NA,""
3362,3366,93833,829,25,2024-09-21 02:21:00,2024-09-21 04:53:00,"21-09-2024 02:21","21-09-2024 02:21",2.53,2.53,0,63.3,62,64.4,61.8,NA,0.0326,"ppm",NA,NA,NA,NA,NA,0.078,0.000896,0.198,6.45,0.074,11.4,NA,NA,NA,NA,NA,NA,2,NA,2,NA,NA,NA,NA,NA,0,0,0,NA,NA,""
3362,3366,93834,830,26,2024-09-21 04:53:00,2024-09-21 07:25:00,"21-09-2024 04:53","21-09-2024 04:53",2.53,2.53,0,65.8,64.6,66.9,64.4,NA,0.0326,"ppm",NA,NA,NA,NA,NA,0.0796,0.000913,0.202,6.65,0.0763,11.1,NA,NA,NA,NA,NA,NA,2,NA,2,NA,NA,NA,NA,NA,0,0,0,NA,NA,""
3362,3366,93835,831,27,2024-09-21 07:25:00,2024-09-21 09:57:00,"21-09-2024 07:25","21-09-2024 07:25",2.53,2.53,0,68.4,67.1,69.4,66.9,NA,0.047,"ppm",NA,NA,NA,NA,NA,0.0993,0.00114,0.251,6.9,0.0792,12.6,NA,NA,NA,NA,NA,NA,2,NA,2,NA,NA,NA,NA,NA,0,0,0,NA,NA,""
3362,3366,93836,832,28,2024-09-21 09:57:00,2024-09-21 12:29:00,"21-09-2024 09:57","21-09-2024 09:57",2.53,2.53,0,70.9,69.6,72,69.4,NA,0.0915,"ppm",NA,NA,NA,NA,NA,0.154,0.00177,0.391,7.29,0.0837,18.8,NA,NA,NA,NA,NA,NA,2,NA,2,NA,NA,NA,NA,NA,0,0,0,NA,NA,""
3362,3366,93837,833,29,2024-09-21 12:29:00,2024-09-21 15:01:00,"21-09-2024 12:29","21-09-2024 12:29",2.53,2.53,0,73.4,72.2,74.5,72,NA,0.101,"ppm",NA,NA,NA,NA,NA,0.168,0.00193,0.426,7.72,0.0886,20.7,NA,NA,NA,NA,NA,NA,2,NA,2,NA,NA,NA,NA,NA,0,0,0,NA,NA,""
3362,3366,93838,834,30,2024-09-21 15:01:00,2024-09-21 17:33:00,"21-09-2024 15:01","21-09-2024 15:01",2.53,2.53,0,76,74.7,77,74.5,NA,0.0682,"ppm",NA,NA,NA,NA,NA,0.13,0.0015,0.33,8.05,0.0924,18.7,NA,NA,NA,NA,NA,NA,2,NA,2,NA,NA,NA,NA,NA,0,0,0,NA,NA,""
3362,3366,93839,835,31,2024-09-21 17:33:00,2024-09-21 20:05:00,"21-09-2024 17:33","21-09-2024 17:33",2.53,2.53,0,78.5,77.2,79.6,77,NA,0.0451,"ppm",NA,NA,NA,NA,NA,0.074,0.000849,0.187,8.24,0.0945,15.2,NA,NA,NA,NA,NA,NA,2,NA,2,NA,NA,NA,NA,NA,0,0,0,NA,NA,""
3362,3366,93840,836,32,2024-09-21 20:05:00,2024-09-21 22:37:00,"21-09-2024 20:05","21-09-2024 20:05",2.53,2.53,0,81,79.8,82.1,79.6,NA,0.0325,"ppm",NA,NA,NA,NA,NA,0.0308,0.000354,0.0781,8.31,0.0954,12.8,NA,NA,NA,NA,NA,NA,2,NA,2,NA,NA,NA,NA,NA,0,0,0,NA,NA,""
3362,3366,93841,837,33,2024-09-21 22:37:00,2024-09-22 01:09:00,"21-09-2024 22:37","21-09-2024 22:37",2.53,2.53,0,83.6,82.3,84.6,82.1,NA,0.0316,"ppm",NA,NA,NA,NA,NA,0.0378,0.000433,0.0957,8.41,0.0965,12.4,NA,NA,NA,NA,NA,NA,2,NA,2,NA,NA,NA,NA,NA,0,0,0,NA,NA,""
3362,3366,93842,838,34,2024-09-22 01:09:00,2024-09-22 03:40:00,"22-09-2024 01:09","22-09-2024 01:09",2.52,2.52,0,86.1,84.8,87.2,84.6,NA,0.029,"ppm",NA,NA,NA,NA,NA,0.0455,0.000522,0.114,8.52,0.0978,10.9,NA,NA,NA,NA,NA,NA,2,NA,2,NA,NA,NA,NA,NA,0,0,0,NA,NA,""
3362,3366,93843,839,35,2024-09-22 03:40:00,2024-09-22 06:12:00,"22-09-2024 03:40","22-09-2024 03:40",2.53,2.53,0,88.6,87.4,89.7,87.2,NA,0.0293,"ppm",NA,NA,NA,NA,NA,0.0384,0.00044,0.0972,8.62,0.0989,9.7,NA,NA,NA,NA,NA,NA,2,NA,2,NA,NA,NA,NA,NA,0,0,0,NA,NA,""
3362,3366,93844,840,36,2024-09-22 06:12:00,2024-09-22 08:44:00,"22-09-2024 06:12","22-09-2024 06:12",2.53,2.53,0,91.2,89.9,92.2,89.7,NA,0.0363,"ppm",NA,NA,NA,NA,NA,0.0336,0.000386,0.0852,8.71,0.0999,11.9,NA,NA,NA,NA,NA,NA,2,NA,2,NA,NA,NA,NA,NA,0,0,0,NA,NA,""
3362,3366,93845,841,37,2024-09-22 08:44:00,2024-09-22 11:16:00,"22-09-2024 08:44","22-09-2024 08:44",2.53,2.53,0,93.7,92.4,94.8,92.2,NA,0.0699,"ppm",NA,NA,NA,NA,NA,0.0736,0.000844,0.186,8.89,0.102,15.6,NA,NA,NA,NA,NA,NA,2,NA,2,NA,NA,NA,NA,NA,0,0,0,NA,NA,""
3362,3366,93846,842,38,2024-09-22 11:16:00,2024-09-22 13:48:00,"22-09-2024 11:16","22-09-2024 11:16",2.53,2.53,0,96.2,95,97.3,94.8,NA,0.0823,"ppm",NA,NA,NA,NA,NA,0.107,0.00122,0.27,9.16,0.105,19.4,NA,NA,NA,NA,NA,NA,2,NA,2,NA,NA,NA,NA,NA,0,0,0,NA,NA,""
3362,3366,93847,843,39,2024-09-22 13:48:00,2024-09-22 16:20:00,"22-09-2024 13:48","22-09-2024 13:48",2.53,2.53,0,98.8,97.5,99.8,97.3,NA,0.0716,"ppm",NA,NA,NA,NA,NA,0.0897,0.00103,0.227,9.39,0.108,19.4,NA,NA,NA,NA,NA,NA,2,NA,2,NA,NA,NA,NA,NA,0,0,0,NA,NA,""
3362,3366,93848,844,40,2024-09-22 16:20:00,2024-09-22 18:52:00,"22-09-2024 16:20","22-09-2024 16:20",2.53,2.53,0,101,100,102,99.8,NA,0.042,"ppm",NA,NA,NA,NA,NA,0.0471,0.00054,0.119,9.51,0.109,15.5,NA,NA,NA,NA,NA,NA,2,NA,2,NA,NA,NA,NA,NA,0,0,0,NA,NA,""
3362,3366,93849,845,41,2024-09-22 18:52:00,2024-09-22 21:24:00,"22-09-2024 18:52","22-09-2024 18:52",2.53,2.53,0,104,103,105,102,NA,0.0299,"ppm",NA,NA,NA,NA,NA,0.00668,7.66e-05,0.0169,9.53,0.109,12.7,NA,NA,NA,NA,NA,NA,2,NA,2,NA,NA,NA,NA,NA,0,0,0,NA,NA,""
3362,3366,93850,846,42,2024-09-22 21:24:00,2024-09-22 23:56:00,"22-09-2024 21:24","22-09-2024 21:24",2.53,2.53,0,106,105,107,105,NA,0.0336,"ppm",NA,NA,NA,NA,NA,-0.000498,-5.72e-06,-0.00126,9.53,0.109,11.2,NA,NA,NA,NA,NA,NA,2,NA,2,NA,NA,NA,NA,NA,0,0,0,NA,NA,""
3362,3366,93851,847,43,2024-09-22 23:56:00,2024-09-23 02:28:00,"22-09-2024 23:56","22-09-2024 23:56",2.53,2.53,0,109,108,110,107,NA,0.029,"ppm",NA,NA,NA,NA,NA,0.0106,0.000121,0.0268,9.55,0.11,9.1,NA,NA,NA,NA,NA,NA,2,NA,2,NA,NA,NA,NA,NA,0,0,0,NA,NA,""
3362,3366,93852,848,44,2024-09-23 02:28:00,2024-09-23 05:00:00,"23-09-2024 02:28","23-09-2024 02:28",2.53,2.53,0,111,110,112,110,NA,0.0265,"ppm",NA,NA,NA,NA,NA,0.0214,0.000246,0.0543,9.61,0.11,7.5,NA,NA,NA,NA,NA,NA,2,NA,2,NA,NA,NA,NA,NA,0,0,0,NA,NA,""
3362,3366,93853,849,45,2024-09-23 05:00:00,2024-09-23 07:32:00,"23-09-2024 05:00","23-09-2024 05:00",2.53,2.53,0,114,113,115,112,NA,0.0277,"ppm",NA,NA,NA,NA,NA,0.0206,0.000236,0.0522,9.66,0.111,11.3,NA,NA,NA,NA,NA,NA,2,NA,2,NA,NA,NA,NA,NA,0,0,0,NA,NA,""
3362,3366,93854,850,46,2024-09-23 07:32:00,2024-09-23 10:03:00,"23-09-2024 07:32","23-09-2024 07:32",2.52,2.52,0,116,115,118,115,NA,0.0359,"ppm",NA,NA,NA,NA,NA,0.0265,0.000304,0.0667,9.73,0.112,12.4,NA,NA,NA,NA,NA,NA,2,NA,2,NA,NA,NA,NA,NA,0,0,0,NA,NA,""
3362,3366,93855,851,47,2024-09-23 10:03:00,2024-09-23 12:35:00,"23-09-2024 10:03","23-09-2024 10:03",2.53,2.53,0,119,118,120,118,NA,0.0603,"ppm",NA,NA,NA,NA,NA,0.0428,0.000491,0.108,9.83,0.113,15.2,NA,NA,NA,NA,NA,NA,2,NA,2,NA,NA,NA,NA,NA,0,0,0,NA,NA,""
3362,3366,93856,852,48,2024-09-23 12:35:00,2024-09-23 15:07:00,"23-09-2024 12:35","23-09-2024 12:35",2.53,2.53,0,122,120,123,120,NA,0.0634,"ppm",NA,NA,NA,NA,NA,0.073,0.000837,0.185,10,0.115,18.4,NA,NA,NA,NA,NA,NA,2,NA,2,NA,NA,NA,NA,NA,0,0,0,NA,NA,""
3362,3366,93857,853,49,2024-09-23 15:07:00,2024-09-23 17:39:00,"23-09-2024 15:07","23-09-2024 15:07",2.53,2.53,0,124,123,125,123,NA,0.0442,"ppm",NA,NA,NA,NA,NA,0.0469,0.000538,0.119,10.1,0.116,17.3,NA,NA,NA,NA,NA,NA,2,NA,2,NA,NA,NA,NA,NA,0,0,0,NA,NA,""
3362,3366,93858,854,50,2024-09-23 17:39:00,2024-09-23 20:11:00,"23-09-2024 17:39","23-09-2024 17:39",2.53,2.53,0,127,125,128,125,NA,0.0321,"ppm",NA,NA,NA,NA,NA,-0.00415,-4.76e-05,-0.0105,10.1,0.116,15.3,NA,NA,NA,NA,NA,NA,2,NA,2,NA,NA,NA,NA,NA,0,0,0,NA,NA,""
3362,3366,93859,855,51,2024-09-23 20:11:00,2024-09-23 22:43:00,"23-09-2024 20:11","23-09-2024 20:11",2.53,2.53,0,129,128,130,128,NA,0.0291,"ppm",NA,NA,NA,NA,NA,-0.00888,-0.000102,-0.0225,10.1,0.116,15,NA,NA,NA,NA,NA,NA,2,NA,2,NA,NA,NA,NA,NA,0,0,0,NA,NA,""
3362,3366,93860,856,52,2024-09-23 22:43:00,2024-09-24 01:15:00,"23-09-2024 22:43","23-09-2024 22:43",2.53,2.53,0,132,130,133,130,NA,0.028,"ppm",NA,NA,NA,NA,NA,-0.00944,-0.000108,-0.0239,10.1,0.116,14.9,NA,NA,NA,NA,NA,NA,2,NA,2,NA,NA,NA,NA,NA,0,0,0,NA,NA,""
3362,3366,93861,857,53,2024-09-24 01:15:00,2024-09-24 03:47:00,"24-09-2024 01:15","24-09-2024 01:15",2.53,2.53,0,134,133,135,133,NA,0.0271,"ppm",NA,NA,NA,NA,NA,-0.0107,-0.000122,-0.027,10.1,0.115,14.5,NA,NA,NA,NA,NA,NA,2,NA,2,NA,NA,NA,NA,NA,0,0,0,NA,NA,""
