"institute","proj","exper","field","plot","rep","app.start","sub.period","file","treat","meas.tech","meas.tech.det","rep2","cpmid","pub.id","plot.area","lat","long","country","topo","clay","silt","sand","oc","soil.type","soil.water","soil.water.v","soil.moist","soil.ph","soil.dens","crop.res","till","man.source","man.source.det","man.bed","man.con","man.trt1","man.trt2","man.stor","man.dm","man.vs","man.tkn","man.tan","man.tic","man.ua","man.vfa","man.ph","app.end","app.method","app.rate","app.rate.unit","incorp","time.incorp","man.area","dist.inj","furrow.z","furrow.w","crop","crop.z","crop.area","lai","notes.plot","row.in.file.plot","man.trt3","app.start.orig","app.end.orig","cpid","ceid","flag.plot","submitter","tan.app","e.1","e.4","e.6","e.12","e.24","e.48","e.72","e.96","e.168","e.final","e.tot","e.cum.1","e.cum.4","e.cum.6","e.cum.12","e.cum.24","e.cum.48","e.cum.72","e.cum.96","e.cum.168","e.cum.final","e.cum.tot","e.rel.1","e.rel.4","e.rel.6","e.rel.12","e.rel.24","e.rel.48","e.rel.72","e.rel.96","e.rel.168","e.rel.final","e.rel.tot","rain.1","rain.4","rain.6","rain.12","rain.24","rain.48","rain.72","rain.96","rain.168","rain.final","rain.tot","air.temp.1","air.temp.4","air.temp.6","air.temp.12","air.temp.24","air.temp.48","air.temp.72","air.temp.96","air.temp.168","air.temp.mn","soil.temp.1","soil.temp.4","soil.temp.6","soil.temp.12","soil.temp.24","soil.temp.48","soil.temp.72","soil.temp.96","soil.temp.168","soil.temp.mn","soil.temp.surf.1","soil.temp.surf.4","soil.temp.surf.6","soil.temp.surf.12","soil.temp.surf.24","soil.temp.surf.48","soil.temp.surf.72","soil.temp.surf.96","soil.temp.surf.168","soil.temp.surf.mn","wind.1","wind.4","wind.6","wind.12","wind.24","wind.48","wind.72","wind.96","wind.168","wind.mn","wind.2m.1","wind.2m.4","wind.2m.6","wind.2m.12","wind.2m.24","wind.2m.48","wind.2m.72","wind.2m.96","wind.2m.168","wind.2m.mn","rad.1","rad.4","rad.6","rad.12","rad.24","rad.48","rad.72","rad.96","rad.168","rad.mn","rain.rate.1","rain.rate.4","rain.rate.6","rain.rate.12","rain.rate.24","rain.rate.48","rain.rate.72","rain.rate.96","rain.rate.168","rain.rate.mn","rh.1","rh.4","rh.6","rh.12","rh.24","rh.48","rh.72","rh.96","rh.168","rh.mn","first.row.in.file.int","last.row.in.file.int","n.ints","dt1","j.rel1","j.NH31","dt.min","dt.max","ct.min","ct.max","t.start.p","t.end.p","air.temp.z","soil.temp.z","wind.z","wind.loc","far.loc","pub.info","soil.type2","exper2","acid","meas.tech.orig","meas.tech2","crop.orig","app.method.orig","incorp.orig","man.source.orig","date.start","flag.int","soil.samp.z","inst","pid","pmid","eid"
"AU","STABIL26","1","Foulumgård","1 AD","1",2022-04-05 14:17:02.544,3,"../../data-submitted/03/AU/ALFAM2_template_8.3_Stabil26.xlsx","AD","Wind tunnel",NA,NA,"D:1.I:AU.Pr:STABIL26.F:../../data-submitted/03/AU/ALFAM2_template_8.3_Stabil26.xlsx.E:1.F:Foulumgård.P:1 AD.T:AD.R:1.R2:.T:2022-04-05 14:17:02.544.M:Wind tunnelNA",NA,0.2,56.5,9.56,"DK","flat",9,24,65,NA,NA,"0.21",NA,NA,"5.95","1.2","No",NA,"mix","mixture of manure, deep litter, meadow grass, grass, grass silage, straw, cereal, and corn silage",NA,"slurry","Anaerobic digestion","None",NA,"6.2","76.89","2.72",1.13,NA,NA,NA,"7.51",2022-04-11 10:12:39.228,"bsth",30,"t/ha",NA,NA,NA,NA,NA,NA,NA,NA,NA,NA,".",5,NA,"1649168222.544","1649671959.228","D:1.I:AU.Pr:STABIL26.F:../../data-submitted/03/AU/ALFAM2_template_8.3_Stabil26.xlsx.E:1.F:Foulumgård.P:1 AD.T:AD.R:1.R2:.T:2022-04-05 14:17:02.544","D:1.I:AU.Pr:STABIL26.E:1","","Dela Pierre, Flavia",33.9,NA,2.07,3.02,4.73,6.61,8.86,10.4,11.7,NA,13,13,NA,2.07,3.02,4.73,6.61,8.86,10.4,11.7,NA,13,13,NA,0.0612,0.089,0.14,0.195,0.261,0.307,0.346,NA,0.382,0.382,NA,0,0,0,0,0,0,0,NA,0,0,NA,5,4.57,3.12,2.1,3.92,3.85,4.08,4.06,4.06,NA,4.7,4.8,4.8,4.43,4.54,4.76,4.84,4.84,4.84,NA,NA,NA,NA,NA,NA,NA,NA,NA,NA,NA,0.2,0.2,0.2,0.2,0.2,0.2,0.2,0.2,0.2,NA,0.2,0.2,0.2,0.2,0.2,0.2,0.2,0.2,0.2,NA,336,236,118,89.3,72.3,54.7,121,134,134,NA,0,0,0,0,0,0,0,0,0,NA,57.4,60.2,70.9,84.5,88.4,87.8,80.3,78.6,78.6,5,62,58,1.73,0.0138,0.468,1.73,18.9,1.73,140,2022-04-05 14:17:02.544,2022-04-11 08:28:43.103,2,"0.1",2,NA,NA,NA,NA,NA,FALSE,"Wind tunnel","wt",NA,"Band spread or trailing hose",NA,"Mix",2022-04-05,"","0-5",205,3363,3367,610
"AU","STABIL26","1","Foulumgård","10 AD-L","3",2022-04-05 15:28:59.838,3,"../../data-submitted/03/AU/ALFAM2_template_8.3_Stabil26.xlsx","AD-L","Wind tunnel",NA,NA,"D:1.I:AU.Pr:STABIL26.F:../../data-submitted/03/AU/ALFAM2_template_8.3_Stabil26.xlsx.E:1.F:Foulumgård.P:10 AD-L.T:AD-L.R:3.R2:.T:2022-04-05 15:28:59.838.M:Wind tunnelNA",NA,0.2,56.5,9.56,"DK","flat",9,24,65,NA,NA,"0.21",NA,NA,"5.95","1.2","No",NA,"mix","mixture of manure, deep litter, meadow grass, grass, grass silage, straw, cereal, and corn silage",NA,"liquid","Anaerobic digestion","Mechanical separation",NA,"4.16","70.16","2.48",1.13,NA,NA,NA,"7.53",2022-04-11 11:24:37.214,"bsth",30,"t/ha",NA,NA,NA,NA,NA,NA,NA,NA,NA,NA,".",6,NA,"1649172539.838","1649676277.214","D:1.I:AU.Pr:STABIL26.F:../../data-submitted/03/AU/ALFAM2_template_8.3_Stabil26.xlsx.E:1.F:Foulumgård.P:10 AD-L.T:AD-L.R:3.R2:.T:2022-04-05 15:28:59.838","D:1.I:AU.Pr:STABIL26.E:1","","Dela Pierre, Flavia",33.9,NA,0.53,0.71,1.04,1.61,2.23,2.65,3.19,NA,3.6,3.6,NA,0.53,0.71,1.04,1.61,2.23,2.65,3.19,NA,3.6,3.6,NA,0.0156,0.021,0.0306,0.0474,0.0657,0.0781,0.094,NA,0.106,0.106,NA,0,0,0,0,0,0,0,NA,0,0,NA,4.6,3.97,2.52,2.47,4.04,3.88,4.1,4.09,4.09,NA,4.8,4.87,4.77,4.38,4.53,4.75,4.84,4.84,4.84,NA,NA,NA,NA,NA,NA,NA,NA,NA,NA,NA,0.2,0.2,0.2,0.2,0.2,0.2,0.2,0.2,0.2,NA,0.2,0.2,0.2,0.2,0.2,0.2,0.2,0.2,0.2,NA,246,164,82.1,95.2,70.8,70.4,138,151,151,NA,0,0,0,0,0,0,0,0,0,NA,63.1,66,76.4,86.7,89.8,88.3,80,78.3,78.3,63,121,59,1.73,0.00377,0.128,1.73,18.8,1.73,140,2022-04-05 15:28:59.838,2022-04-11 09:40:40.994,2,"0.1",2,NA,NA,NA,NA,NA,FALSE,"Wind tunnel","wt",NA,"Band spread or trailing hose",NA,"Mix",2022-04-05,"","0-5",205,3364,3368,610
"AU","STABIL26","1","Foulumgård","12 AD","3",2022-04-05 15:44:59.764,3,"../../data-submitted/03/AU/ALFAM2_template_8.3_Stabil26.xlsx","AD","Wind tunnel",NA,NA,"D:1.I:AU.Pr:STABIL26.F:../../data-submitted/03/AU/ALFAM2_template_8.3_Stabil26.xlsx.E:1.F:Foulumgård.P:12 AD.T:AD.R:3.R2:.T:2022-04-05 15:44:59.764.M:Wind tunnelNA",NA,0.2,56.5,9.56,"DK","flat",9,24,65,NA,NA,"0.21",NA,NA,"5.95","1.2","No",NA,"mix","mixture of manure, deep litter, meadow grass, grass, grass silage, straw, cereal, and corn silage",NA,"slurry","Anaerobic digestion","None",NA,"6.2","76.89","2.72",1.13,NA,NA,NA,"7.51",2022-04-11 11:40:37.153,"bsth",30,"t/ha",NA,NA,NA,NA,NA,NA,NA,NA,NA,NA,NA,7,NA,"1649173499.764","1649677237.153","D:1.I:AU.Pr:STABIL26.F:../../data-submitted/03/AU/ALFAM2_template_8.3_Stabil26.xlsx.E:1.F:Foulumgård.P:12 AD.T:AD.R:3.R2:.T:2022-04-05 15:44:59.764","D:1.I:AU.Pr:STABIL26.E:1","","Dela Pierre, Flavia",33.9,NA,1.64,2.46,4.29,6.93,9.91,11.9,13.7,NA,15.2,15.2,NA,1.64,2.46,4.29,6.93,9.91,11.9,13.7,NA,15.2,15.2,NA,0.0483,0.0724,0.126,0.204,0.292,0.351,0.403,NA,0.449,0.449,NA,0,0,0,0,0,0,0,NA,0,0,NA,4.65,4,2.47,2.46,3.98,3.88,4.11,4.09,4.09,NA,4.85,4.9,4.77,4.38,4.53,4.75,4.84,4.84,4.84,NA,NA,NA,NA,NA,NA,NA,NA,NA,NA,NA,0.2,0.2,0.2,0.2,0.2,0.2,0.2,0.2,0.2,NA,0.2,0.2,0.2,0.2,0.2,0.2,0.2,0.2,0.2,NA,227,151,75.7,88.9,68.3,64.8,134,145,145,NA,0,0,0,0,0,0,0,0,0,NA,60.8,64.5,75.9,85.9,89.2,87.6,79.5,78.1,78.1,122,179,58,1.73,0.00928,0.314,1.73,18.9,1.73,140,2022-04-05 15:44:59.764,2022-04-11 09:56:41.082,2,"0.1",2,NA,NA,NA,NA,NA,FALSE,"Wind tunnel","wt",NA,"Band spread or trailing hose",NA,"Mix",2022-04-05,"","0-5",205,3365,3369,610
"AU","STABIL26","1","Foulumgård","2 AD-F","1",2022-04-05 14:25:01.736,3,"../../data-submitted/03/AU/ALFAM2_template_8.3_Stabil26.xlsx","AD-F","Wind tunnel",NA,NA,"D:1.I:AU.Pr:STABIL26.F:../../data-submitted/03/AU/ALFAM2_template_8.3_Stabil26.xlsx.E:1.F:Foulumgård.P:2 AD-F.T:AD-F.R:1.R2:.T:2022-04-05 14:25:01.736.M:Wind tunnelNA",NA,0.2,56.5,9.56,"DK","flat",9,24,65,NA,NA,"0.21",NA,NA,"5.95","1.2","No",NA,"mix","mixture of manure, deep litter, meadow grass, grass, grass silage, straw, cereal, and corn silage",NA,"solid","Anaerobic digestion","Mechanical separation",NA,"22.49","88.01","3.56",0.43,NA,NA,NA,"8.02",2022-04-11 10:20:39.742,"bsth",10,"t/ha",NA,NA,NA,NA,NA,NA,NA,NA,NA,NA,NA,8,NA,"1649168701.736","1649672439.742","D:1.I:AU.Pr:STABIL26.F:../../data-submitted/03/AU/ALFAM2_template_8.3_Stabil26.xlsx.E:1.F:Foulumgård.P:2 AD-F.T:AD-F.R:1.R2:.T:2022-04-05 14:25:01.736","D:1.I:AU.Pr:STABIL26.E:1","","Dela Pierre, Flavia",4.3,NA,0.108,0.135,0.133,0.19,0.342,0.442,0.63,NA,0.752,0.752,NA,0.108,0.135,0.133,0.19,0.342,0.442,0.63,NA,0.752,0.752,NA,0.025,0.0313,0.031,0.0443,0.0794,0.103,0.147,NA,0.175,0.175,NA,0,0,0,0,0,0,0,NA,0,0,NA,5,4.57,3.02,2.07,3.9,3.83,4.07,4.07,4.07,NA,4.7,4.8,4.78,4.42,4.53,4.76,4.83,4.84,4.84,NA,NA,NA,NA,NA,NA,NA,NA,NA,NA,NA,0.2,0.2,0.2,0.2,0.2,0.2,0.2,0.2,0.2,NA,0.2,0.2,0.2,0.2,0.2,0.2,0.2,0.2,0.2,NA,336,236,118,89.2,72.3,53.3,119,134,134,NA,0,0,0,0,0,0,0,0,0,NA,57.4,60.2,71.9,85,88.7,88,80.4,78.5,78.5,180,238,59,1.73,0.00775,0.0333,0.27,18.9,1.73,140,2022-04-05 14:25:01.736,2022-04-11 08:36:43.709,2,"0.1",2,NA,NA,NA,NA,NA,FALSE,"Wind tunnel","wt",NA,"Band spread or trailing hose",NA,"Mix",2022-04-05,"","0-5",205,3366,3370,610
"AU","STABIL26","1","Foulumgård","4 AD-L","1",2022-04-05 14:41:00.781,3,"../../data-submitted/03/AU/ALFAM2_template_8.3_Stabil26.xlsx","AD-L","Wind tunnel",NA,NA,"D:1.I:AU.Pr:STABIL26.F:../../data-submitted/03/AU/ALFAM2_template_8.3_Stabil26.xlsx.E:1.F:Foulumgård.P:4 AD-L.T:AD-L.R:1.R2:.T:2022-04-05 14:41:00.781.M:Wind tunnelNA",NA,0.2,56.5,9.56,"DK","flat",9,24,65,NA,NA,"0.21",NA,NA,"5.95","1.2","No",NA,"mix","mixture of manure, deep litter, meadow grass, grass, grass silage, straw, cereal, and corn silage",NA,"liquid","Anaerobic digestion","Mechanical separation",NA,"4.16","70.16","2.48",1.13,NA,NA,NA,"7.53",2022-04-11 10:36:39.401,"bsth",30,"t/ha",NA,NA,NA,NA,NA,NA,NA,NA,NA,NA,NA,9,NA,"1649169660.781","1649673399.401","D:1.I:AU.Pr:STABIL26.F:../../data-submitted/03/AU/ALFAM2_template_8.3_Stabil26.xlsx.E:1.F:Foulumgård.P:4 AD-L.T:AD-L.R:1.R2:.T:2022-04-05 14:41:00.781","D:1.I:AU.Pr:STABIL26.E:1","","Dela Pierre, Flavia",33.9,NA,0.558,0.745,1.06,1.61,2.38,2.92,3.58,NA,4.15,4.15,NA,0.558,0.745,1.06,1.61,2.38,2.92,3.58,NA,4.15,4.15,NA,0.0165,0.022,0.0312,0.0475,0.0703,0.0862,0.106,NA,0.123,0.123,NA,0,0,0,0,0,0,0,NA,0,0,NA,4.75,4.4,2.88,2.05,3.89,3.83,4.08,4.07,4.07,NA,4.75,4.83,4.78,4.41,4.53,4.76,4.83,4.84,4.84,NA,NA,NA,NA,NA,NA,NA,NA,NA,NA,NA,0.2,0.2,0.2,0.2,0.2,0.2,0.2,0.2,0.2,NA,0.2,0.2,0.2,0.2,0.2,0.2,0.2,0.2,0.2,NA,330,232,116,88.2,70.8,55.4,119,136,136,NA,0,0,0,0,0,0,0,0,0,NA,62,63.3,73.7,86,89.3,88.3,80.6,78.7,78.7,239,297,59,1.73,0.0042,0.142,0.536,18.9,1.73,140,2022-04-05 14:41:00.781,2022-04-11 08:52:43.483,2,"0.1",2,NA,NA,NA,NA,NA,FALSE,"Wind tunnel","wt",NA,"Band spread or trailing hose",NA,"Mix",2022-04-05,"","0-5",205,3367,3371,610
"AU","STABIL26","1","Foulumgård","5 AD-F","2",2022-04-05 14:49:00.812,3,"../../data-submitted/03/AU/ALFAM2_template_8.3_Stabil26.xlsx","AD-F","Wind tunnel",NA,NA,"D:1.I:AU.Pr:STABIL26.F:../../data-submitted/03/AU/ALFAM2_template_8.3_Stabil26.xlsx.E:1.F:Foulumgård.P:5 AD-F.T:AD-F.R:2.R2:.T:2022-04-05 14:49:00.812.M:Wind tunnelNA",NA,0.2,56.5,9.56,"DK","flat",9,24,65,NA,NA,"0.21",NA,NA,"5.95","1.2","No",NA,"mix","mixture of manure, deep litter, meadow grass, grass, grass silage, straw, cereal, and corn silage",NA,"solid","Anaerobic digestion","Mechanical separation",NA,"22.49","88.01","3.56",0.43,NA,NA,NA,"8.02",2022-04-11 10:44:39.567,"bsth",10,"t/ha",NA,NA,NA,NA,NA,NA,NA,NA,NA,NA,NA,10,NA,"1649170140.812","1649673879.567","D:1.I:AU.Pr:STABIL26.F:../../data-submitted/03/AU/ALFAM2_template_8.3_Stabil26.xlsx.E:1.F:Foulumgård.P:5 AD-F.T:AD-F.R:2.R2:.T:2022-04-05 14:49:00.812","D:1.I:AU.Pr:STABIL26.E:1","","Dela Pierre, Flavia",4.3,NA,0.0835,0.102,0.0894,0.118,0.234,0.31,0.41,NA,0.494,0.494,NA,0.0835,0.102,0.0894,0.118,0.234,0.31,0.41,NA,0.494,0.494,NA,0.0194,0.0237,0.0208,0.0273,0.0544,0.072,0.0954,NA,0.115,0.115,NA,0,0,0,0,0,0,0,NA,0,0,NA,4.6,4.3,2.83,2.23,3.97,3.87,4.1,4.08,4.08,NA,4.8,4.87,4.8,4.42,4.54,4.76,4.84,4.84,4.84,NA,NA,NA,NA,NA,NA,NA,NA,NA,NA,NA,0.2,0.2,0.2,0.2,0.2,0.2,0.2,0.2,0.2,NA,0.2,0.2,0.2,0.2,0.2,0.2,0.2,0.2,0.2,NA,246,176,87.8,80.5,65.6,52.5,116,134,134,NA,0,0,0,0,0,0,0,0,0,NA,63.1,64,74.1,85.4,88.9,88.1,80.4,78.6,78.6,298,355,58,1.73,0.00607,0.0261,1.73,18.9,1.73,140,2022-04-05 14:49:00.812,2022-04-11 09:00:42.656,2,"0.1",2,NA,NA,NA,NA,NA,FALSE,"Wind tunnel","wt",NA,"Band spread or trailing hose",NA,"Mix",2022-04-05,"","0-5",205,3368,3372,610
"AU","STABIL26","1","Foulumgård","6 AD","2",2022-04-05 15:05:01.006,3,"../../data-submitted/03/AU/ALFAM2_template_8.3_Stabil26.xlsx","AD","Wind tunnel",NA,NA,"D:1.I:AU.Pr:STABIL26.F:../../data-submitted/03/AU/ALFAM2_template_8.3_Stabil26.xlsx.E:1.F:Foulumgård.P:6 AD.T:AD.R:2.R2:.T:2022-04-05 15:05:01.006.M:Wind tunnelNA",NA,0.2,56.5,9.56,"DK","flat",9,24,65,NA,NA,"0.21",NA,NA,"5.95","1.2","No",NA,"mix","mixture of manure, deep litter, meadow grass, grass, grass silage, straw, cereal, and corn silage",NA,"slurry","Anaerobic digestion","None",NA,"6.2","76.89","2.72",1.13,NA,NA,NA,"7.51",2022-04-11 11:00:39.086,"bsth",30,"t/ha",NA,NA,NA,NA,NA,NA,NA,NA,NA,NA,NA,11,NA,"1649171101.006","1649674839.086","D:1.I:AU.Pr:STABIL26.F:../../data-submitted/03/AU/ALFAM2_template_8.3_Stabil26.xlsx.E:1.F:Foulumgård.P:6 AD.T:AD.R:2.R2:.T:2022-04-05 15:05:01.006","D:1.I:AU.Pr:STABIL26.E:1","","Dela Pierre, Flavia",33.9,NA,1.81,2.69,4.53,6.7,9.32,11.1,12.4,NA,13.8,13.8,NA,1.81,2.69,4.53,6.7,9.32,11.1,12.4,NA,13.8,13.8,NA,0.0533,0.0792,0.134,0.198,0.275,0.328,0.367,NA,0.406,0.406,NA,0,0,0,0,0,0,0,NA,0,0,NA,4.6,3.97,2.62,2.13,3.89,3.75,4.01,4.03,4.03,NA,4.8,4.87,4.78,4.4,4.54,4.76,4.84,4.84,4.84,NA,NA,NA,NA,NA,NA,NA,NA,NA,NA,NA,0.2,0.2,0.2,0.2,0.2,0.2,0.2,0.2,0.2,NA,0.2,0.2,0.2,0.2,0.2,0.2,0.2,0.2,0.2,NA,246,164,82.1,81.1,64,62.9,124,141,141,NA,0,0,0,0,0,0,0,0,0,NA,63.1,66,75.3,85.9,89.3,88.4,80.6,78.7,78.7,356,415,60,1.73,0.011,0.373,1.73,17.2,1.73,140,2022-04-05 15:05:01.006,2022-04-11 09:16:42.12,2,"0.1",2,NA,NA,NA,NA,NA,FALSE,"Wind tunnel","wt",NA,"Band spread or trailing hose",NA,"Mix",2022-04-05,"","0-5",205,3369,3373,610
"AU","STABIL26","1","Foulumgård","8 AD-F","3",2022-04-05 15:13:00.856,3,"../../data-submitted/03/AU/ALFAM2_template_8.3_Stabil26.xlsx","AD-F","Wind tunnel",NA,NA,"D:1.I:AU.Pr:STABIL26.F:../../data-submitted/03/AU/ALFAM2_template_8.3_Stabil26.xlsx.E:1.F:Foulumgård.P:8 AD-F.T:AD-F.R:3.R2:.T:2022-04-05 15:13:00.856.M:Wind tunnelNA",NA,0.2,56.5,9.56,"DK","flat",9,24,65,NA,NA,"0.21",NA,NA,"5.95","1.2","No",NA,"mix","mixture of manure, deep litter, meadow grass, grass, grass silage, straw, cereal, and corn silage",NA,"solid","Anaerobic digestion","Mechanical separation",NA,"22.49","88.01","3.56",0.43,NA,NA,NA,"8.02",2022-04-11 11:08:38.399,"bsth",10,"t/ha",NA,NA,NA,NA,NA,NA,NA,NA,NA,NA,NA,12,NA,"1649171580.856","1649675318.399","D:1.I:AU.Pr:STABIL26.F:../../data-submitted/03/AU/ALFAM2_template_8.3_Stabil26.xlsx.E:1.F:Foulumgård.P:8 AD-F.T:AD-F.R:3.R2:.T:2022-04-05 15:13:00.856","D:1.I:AU.Pr:STABIL26.E:1","","Dela Pierre, Flavia",4.3,NA,0.069,0.0881,0.0879,0.129,0.39,0.54,0.663,NA,0.801,0.801,NA,0.069,0.0881,0.0879,0.129,0.39,0.54,0.663,NA,0.801,0.801,NA,0.0161,0.0205,0.0204,0.0301,0.0907,0.126,0.154,NA,0.186,0.186,NA,0,0,0,0,0,0,0,NA,0,0,NA,4.6,3.97,2.62,2.18,3.91,3.8,3.94,3.97,3.97,NA,4.8,4.87,4.78,4.38,4.53,4.75,4.85,4.85,4.85,NA,NA,NA,NA,NA,NA,NA,NA,NA,NA,NA,0.2,0.2,0.2,0.2,0.2,0.2,0.2,0.2,0.2,NA,0.2,0.2,0.2,0.2,0.2,0.2,0.2,0.2,0.2,NA,246,164,82.1,82,64.6,63.1,92.1,117,117,NA,0,0,0,0,0,0,0,0,0,NA,63.1,66,75.3,86,89.4,88.1,80.6,78.8,78.8,416,476,61,1.73,0.00451,0.0194,0.133,17.2,1.73,140,2022-04-05 15:13:00.856,2022-04-11 09:24:41.454,2,"0.1",2,NA,NA,NA,NA,NA,FALSE,"Wind tunnel","wt",NA,"Band spread or trailing hose",NA,"Mix",2022-04-05,"","0-5",205,3370,3374,610
"AU","STABIL26","1","Foulumgård","9 AD-L","2",2022-04-05 15:20:59.978,3,"../../data-submitted/03/AU/ALFAM2_template_8.3_Stabil26.xlsx","AD-L","Wind tunnel",NA,NA,"D:1.I:AU.Pr:STABIL26.F:../../data-submitted/03/AU/ALFAM2_template_8.3_Stabil26.xlsx.E:1.F:Foulumgård.P:9 AD-L.T:AD-L.R:2.R2:.T:2022-04-05 15:20:59.978.M:Wind tunnelNA",NA,0.2,56.5,9.56,"DK","flat",9,24,65,NA,NA,"0.21",NA,NA,"5.95","1.2","No",NA,"mix","mixture of manure, deep litter, meadow grass, grass, grass silage, straw, cereal, and corn silage",NA,"liquid","Anaerobic digestion","Mechanical separation",NA,"4.16","70.16","2.48",1.13,NA,NA,NA,"7.53",2022-04-11 11:16:37.95,"bsth",30,"t/ha",NA,NA,NA,NA,NA,NA,NA,NA,NA,NA,NA,13,NA,"1649172059.978","1649675797.95","D:1.I:AU.Pr:STABIL26.F:../../data-submitted/03/AU/ALFAM2_template_8.3_Stabil26.xlsx.E:1.F:Foulumgård.P:9 AD-L.T:AD-L.R:2.R2:.T:2022-04-05 15:20:59.978","D:1.I:AU.Pr:STABIL26.E:1","","Dela Pierre, Flavia",33.9,NA,0.403,0.547,0.797,1.25,1.8,2.2,2.52,NA,2.88,2.88,NA,0.403,0.547,0.797,1.25,1.8,2.2,2.52,NA,2.88,2.88,NA,0.0119,0.0161,0.0235,0.0367,0.053,0.0649,0.0743,NA,0.085,0.085,NA,0,0,0,0,0,0,0,NA,0,0,NA,4.6,3.97,2.52,2.14,3.86,3.77,3.92,3.97,3.97,NA,4.8,4.87,4.77,4.38,4.53,4.75,4.86,4.85,4.85,NA,NA,NA,NA,NA,NA,NA,NA,NA,NA,NA,0.2,0.2,0.2,0.2,0.2,0.2,0.2,0.2,0.2,NA,0.2,0.2,0.2,0.2,0.2,0.2,0.2,0.2,0.2,NA,246,164,82.1,82,63,62.3,90.3,119,119,NA,0,0,0,0,0,0,0,0,0,NA,63.1,66,76.4,86.5,89.8,88.3,80.8,78.8,78.8,477,536,60,1.73,0.00282,0.0955,1.73,17.2,1.73,140,2022-04-05 15:20:59.978,2022-04-11 09:32:41.674,2,"0.1",2,NA,NA,NA,NA,NA,FALSE,"Wind tunnel","wt",NA,"Band spread or trailing hose",NA,"Mix",2022-04-05,"","0-5",205,3371,3375,610
"AU","STABIL26","2","Foulumgård","1 AD-L","3",2022-04-19 13:28:47.258,3,"../../data-submitted/03/AU/ALFAM2_template_8.3_Stabil26.xlsx","AD-L","Wind tunnel",NA,NA,"D:1.I:AU.Pr:STABIL26.F:../../data-submitted/03/AU/ALFAM2_template_8.3_Stabil26.xlsx.E:2.F:Foulumgård.P:1 AD-L.T:AD-L.R:3.R2:.T:2022-04-19 13:28:47.258.M:Wind tunnelNA",NA,0.2,56.5,9.56,"DK","flat",9,24,65,NA,NA,"0.15",NA,NA,"5.72","1.19","No",NA,"mix","mixture of manure, deep litter, meadow grass, grass, grass silage, straw, cereal, and corn silage",NA,"liquid","Anaerobic digestion","Mechanical separation",NA,"4.22","70.62","2.11",1.31,NA,NA,NA,"7.77",2022-04-25 09:48:25.273,"bsth",30,"t/ha",NA,NA,NA,NA,NA,NA,NA,NA,NA,NA,NA,14,NA,"1650374927.258","1650880105.273","D:1.I:AU.Pr:STABIL26.F:../../data-submitted/03/AU/ALFAM2_template_8.3_Stabil26.xlsx.E:2.F:Foulumgård.P:1 AD-L.T:AD-L.R:3.R2:.T:2022-04-19 13:28:47.258","D:1.I:AU.Pr:STABIL26.E:2","","Dela Pierre, Flavia",39.3,NA,1.32,1.68,2.17,2.89,3.76,4.32,4.69,NA,5.11,5.11,NA,1.32,1.68,2.17,2.89,3.76,4.32,4.69,NA,5.11,5.11,NA,0.0336,0.0427,0.0551,0.0736,0.0957,0.11,0.119,NA,0.13,0.13,NA,0,0,0,0,0,0,0,NA,0,0,NA,16.6,16.4,13.4,10.9,10.5,10.8,10.9,10.1,10.1,NA,7.35,7.63,7.98,7.76,7.91,8.03,8.15,8.3,8.3,NA,NA,NA,NA,NA,NA,NA,NA,NA,NA,NA,0.2,0.2,0.2,0.2,0.2,0.2,0.2,0.2,0.2,NA,0.2,0.2,0.2,0.2,0.2,0.2,0.2,0.2,0.2,NA,603,489,247,233,255,264,268,255,255,NA,0,0,0,0,0,0,0,0,0,NA,44.4,44.9,57.6,69.3,69.8,68,67.4,68,68,537,617,81,1.73,0.0106,0.416,1.73,1.73,1.73,140,2022-04-19 13:28:47.258,2022-04-25 08:04:27.806,2,"0.1",2,NA,NA,NA,NA,NA,FALSE,"Wind tunnel","wt",NA,"Band spread or trailing hose",NA,"Mix",2022-04-19,"","0-5",205,3372,3376,611
"AU","STABIL26","2","Foulumgård","10 AD","3",2022-04-19 14:40:44.147,3,"../../data-submitted/03/AU/ALFAM2_template_8.3_Stabil26.xlsx","AD","Wind tunnel",NA,NA,"D:1.I:AU.Pr:STABIL26.F:../../data-submitted/03/AU/ALFAM2_template_8.3_Stabil26.xlsx.E:2.F:Foulumgård.P:10 AD.T:AD.R:3.R2:.T:2022-04-19 14:40:44.147.M:Wind tunnelNA",NA,0.2,56.5,9.56,"DK","flat",9,24,65,NA,NA,"0.15",NA,NA,"5.72","1.19","No",NA,"mix","mixture of manure, deep litter, meadow grass, grass, grass silage, straw, cereal, and corn silage",NA,"slurry","Anaerobic digestion","None",NA,"6.05","76.99","2.72",1.22,NA,NA,NA,"7.66",2022-04-25 11:00:23.404,"bsth",30,"t/ha",NA,NA,NA,NA,NA,NA,NA,NA,NA,NA,NA,15,NA,"1650379244.147","1650884423.404","D:1.I:AU.Pr:STABIL26.F:../../data-submitted/03/AU/ALFAM2_template_8.3_Stabil26.xlsx.E:2.F:Foulumgård.P:10 AD.T:AD.R:3.R2:.T:2022-04-19 14:40:44.147","D:1.I:AU.Pr:STABIL26.E:2","","Dela Pierre, Flavia",36.6,NA,5.15,6.83,9.25,12.1,14.7,16.1,16.9,NA,17.8,17.8,NA,5.15,6.83,9.25,12.1,14.7,16.1,16.9,NA,17.8,17.8,NA,0.141,0.187,0.253,0.331,0.401,0.44,0.461,NA,0.486,0.486,NA,0,0,0,0,0,0,0,NA,0,0,NA,16.4,15.9,12.2,10.6,10.4,10.7,10.7,10,10,NA,7.85,8,8.12,7.8,7.92,8.04,8.16,8.3,8.3,NA,NA,NA,NA,NA,NA,NA,NA,NA,NA,NA,0.2,0.2,0.2,0.2,0.2,0.2,0.2,0.2,0.2,NA,0.2,0.2,0.2,0.2,0.2,0.2,0.2,0.2,0.2,NA,468,349,175,236,256,267,268,253,253,NA,0,0,0,0,0,0,0,0,0,NA,45.8,46.1,64.1,70.9,70.5,68.1,67.8,68.3,68.3,618,699,82,1.73,0.0349,1.28,0.4,1.73,1.73,140,2022-04-19 14:40:44.147,2022-04-25 09:16:26.133,2,"0.1",2,NA,NA,NA,NA,NA,FALSE,"Wind tunnel","wt",NA,"Band spread or trailing hose",NA,"Mix",2022-04-19,"","0-5",205,3373,3377,611
"AU","STABIL26","2","Foulumgård","12 AD-L","3",2022-04-19 14:56:43.833,3,"../../data-submitted/03/AU/ALFAM2_template_8.3_Stabil26.xlsx","AD-L","Wind tunnel",NA,NA,"D:1.I:AU.Pr:STABIL26.F:../../data-submitted/03/AU/ALFAM2_template_8.3_Stabil26.xlsx.E:2.F:Foulumgård.P:12 AD-L.T:AD-L.R:3.R2:.T:2022-04-19 14:56:43.833.M:Wind tunnelNA",NA,0.2,56.5,9.56,"DK","flat",9,24,65,NA,NA,"0.15",NA,NA,"5.72","1.19","No",NA,"mix","mixture of manure, deep litter, meadow grass, grass, grass silage, straw, cereal, and corn silage",NA,"liquid","Anaerobic digestion","Mechanical separation",NA,"4.22","70.62","2.11",1.31,NA,NA,NA,"7.77",2022-04-25 11:16:22.95,"bsth",30,"t/ha",NA,NA,NA,NA,NA,NA,NA,NA,NA,NA,NA,16,NA,"1650380203.833","1650885382.95","D:1.I:AU.Pr:STABIL26.F:../../data-submitted/03/AU/ALFAM2_template_8.3_Stabil26.xlsx.E:2.F:Foulumgård.P:12 AD-L.T:AD-L.R:3.R2:.T:2022-04-19 14:56:43.833","D:1.I:AU.Pr:STABIL26.E:2","","Dela Pierre, Flavia",39.3,NA,2.15,2.68,3.48,4.81,6.19,7.05,7.59,NA,8.21,8.21,NA,2.15,2.68,3.48,4.81,6.19,7.05,7.59,NA,8.21,8.21,NA,0.0547,0.0681,0.0886,0.122,0.157,0.179,0.193,NA,0.209,0.209,NA,0,0,0,0,0,0,0,NA,0,0,NA,16.2,15.8,12.1,10.7,10.4,10.7,10.8,10,10,NA,7.95,8.07,8.13,7.82,7.93,8.05,8.17,8.31,8.31,NA,NA,NA,NA,NA,NA,NA,NA,NA,NA,NA,0.2,0.2,0.2,0.2,0.2,0.2,0.2,0.2,0.2,NA,0.2,0.2,0.2,0.2,0.2,0.2,0.2,0.2,0.2,NA,395,300,150,236,256,265,270,254,254,NA,0,0,0,0,0,0,0,0,0,NA,45.9,46.2,63.8,70.6,70.2,68.3,67.8,68.3,68.3,700,780,81,1.73,0.0169,0.664,1.73,1.73,1.73,140,2022-04-19 14:56:43.833,2022-04-25 09:32:26.513,2,"0.1",2,NA,NA,NA,NA,NA,FALSE,"Wind tunnel","wt",NA,"Band spread or trailing hose",NA,"Mix",2022-04-19,"","0-5",205,3374,3378,611
"AU","STABIL26","2","Foulumgård","2 AD-F","2",2022-04-19 13:36:46.287,3,"../../data-submitted/03/AU/ALFAM2_template_8.3_Stabil26.xlsx","AD-F","Wind tunnel",NA,NA,"D:1.I:AU.Pr:STABIL26.F:../../data-submitted/03/AU/ALFAM2_template_8.3_Stabil26.xlsx.E:2.F:Foulumgård.P:2 AD-F.T:AD-F.R:2.R2:.T:2022-04-19 13:36:46.287.M:Wind tunnelNA",NA,0.2,56.5,9.56,"DK","flat",9,24,65,NA,NA,"0.15",NA,NA,"5.72","1.19","No",NA,"mix","mixture of manure, deep litter, meadow grass, grass, grass silage, straw, cereal, and corn silage",NA,"solid","Anaerobic digestion","Mechanical separation",NA,"21.98","88.58","3.9",0.43,NA,NA,NA,"8.02",2022-04-25 09:56:25.412,"bsth",10,"t/ha",NA,NA,NA,NA,NA,NA,NA,NA,NA,NA,NA,17,NA,"1650375406.287","1650880585.412","D:1.I:AU.Pr:STABIL26.F:../../data-submitted/03/AU/ALFAM2_template_8.3_Stabil26.xlsx.E:2.F:Foulumgård.P:2 AD-F.T:AD-F.R:2.R2:.T:2022-04-19 13:36:46.287","D:1.I:AU.Pr:STABIL26.E:2","","Dela Pierre, Flavia",4.3,NA,0.124,0.146,0.128,0.169,0.144,0.16,0.156,NA,0.175,0.175,NA,0.124,0.146,0.128,0.169,0.144,0.16,0.156,NA,0.175,0.175,NA,0.0288,0.0339,0.0298,0.0392,0.0335,0.0372,0.0363,NA,0.0406,0.0406,NA,0,0,0,0,0,0,0,NA,0,0,NA,16.6,16.4,13.1,10.8,10.4,10.7,10.8,10.1,10.1,NA,7.55,7.77,8.03,7.78,7.92,8.03,8.16,8.3,8.3,NA,NA,NA,NA,NA,NA,NA,NA,NA,NA,NA,0.2,0.2,0.2,0.2,0.2,0.2,0.2,0.2,0.2,NA,0.2,0.2,0.2,0.2,0.2,0.2,0.2,0.2,0.2,NA,579,473,239,229,249,256,262,247,247,NA,0,0,0,0,0,0,0,0,0,NA,45,45.3,58.7,69.8,70.1,68.1,67.6,68.3,68.3,781,861,81,1.73,0.00954,0.041,1.73,1.73,1.73,140,2022-04-19 13:36:46.287,2022-04-25 08:12:28.428,2,"0.1",2,NA,NA,NA,NA,NA,FALSE,"Wind tunnel","wt",NA,"Band spread or trailing hose",NA,"Mix",2022-04-19,"","0-5",205,3375,3379,611
"AU","STABIL26","2","Foulumgård","4 AD-L","3",2022-04-19 13:52:45.911,3,"../../data-submitted/03/AU/ALFAM2_template_8.3_Stabil26.xlsx","AD-L","Wind tunnel",NA,NA,"D:1.I:AU.Pr:STABIL26.F:../../data-submitted/03/AU/ALFAM2_template_8.3_Stabil26.xlsx.E:2.F:Foulumgård.P:4 AD-L.T:AD-L.R:3.R2:.T:2022-04-19 13:52:45.911.M:Wind tunnelNA",NA,0.2,56.5,9.56,"DK","flat",9,24,65,NA,NA,"0.15",NA,NA,"5.72","1.19","No",NA,"mix","mixture of manure, deep litter, meadow grass, grass, grass silage, straw, cereal, and corn silage",NA,"liquid","Anaerobic digestion","Mechanical separation",NA,"4.22","70.62","2.11",1.31,NA,NA,NA,"7.77",2022-04-25 10:12:24.516,"bsth",30,"t/ha",NA,NA,NA,NA,NA,NA,NA,NA,NA,NA,NA,18,NA,"1650376365.911","1650881544.516","D:1.I:AU.Pr:STABIL26.F:../../data-submitted/03/AU/ALFAM2_template_8.3_Stabil26.xlsx.E:2.F:Foulumgård.P:4 AD-L.T:AD-L.R:3.R2:.T:2022-04-19 13:52:45.911","D:1.I:AU.Pr:STABIL26.E:2","","Dela Pierre, Flavia",39.3,NA,1.79,2.21,2.7,3.55,4.57,5.24,5.66,NA,6.16,6.16,NA,1.79,2.21,2.7,3.55,4.57,5.24,5.66,NA,6.16,6.16,NA,0.0457,0.0562,0.0686,0.0902,0.116,0.133,0.144,NA,0.157,0.157,NA,0,0,0,0,0,0,0,NA,0,0,NA,16.5,16.3,13,10.8,10.4,10.7,10.8,10,10,NA,7.7,7.87,8.07,7.8,7.92,8.04,8.16,8.3,8.3,NA,NA,NA,NA,NA,NA,NA,NA,NA,NA,NA,0.2,0.2,0.2,0.2,0.2,0.2,0.2,0.2,0.2,NA,0.2,0.2,0.2,0.2,0.2,0.2,0.2,0.2,0.2,NA,517,431,218,226,247,257,263,247,247,NA,0,0,0,0,0,0,0,0,0,NA,45,45.3,59.5,70,70.3,68.3,68,68.5,68.5,862,942,81,1.73,0.0147,0.576,1.73,1.73,1.73,140,2022-04-19 13:52:45.911,2022-04-25 08:28:27.648,2,"0.1",2,NA,NA,NA,NA,NA,FALSE,"Wind tunnel","wt",NA,"Band spread or trailing hose",NA,"Mix",2022-04-19,"","0-5",205,3376,3380,611
"AU","STABIL26","2","Foulumgård","5 AD","3",2022-04-19 14:00:46.213,3,"../../data-submitted/03/AU/ALFAM2_template_8.3_Stabil26.xlsx","AD","Wind tunnel",NA,NA,"D:1.I:AU.Pr:STABIL26.F:../../data-submitted/03/AU/ALFAM2_template_8.3_Stabil26.xlsx.E:2.F:Foulumgård.P:5 AD.T:AD.R:3.R2:.T:2022-04-19 14:00:46.213.M:Wind tunnelNA",NA,0.2,56.5,9.56,"DK","flat",9,24,65,NA,NA,"0.15",NA,NA,"5.72","1.19","No",NA,"mix","mixture of manure, deep litter, meadow grass, grass, grass silage, straw, cereal, and corn silage",NA,"slurry","Anaerobic digestion","None",NA,"6.05","76.99","2.72",1.22,NA,NA,NA,"7.66",2022-04-25 10:20:24.955,"bsth",30,"t/ha",NA,NA,NA,NA,NA,NA,NA,NA,NA,NA,NA,19,NA,"1650376846.213","1650882024.955","D:1.I:AU.Pr:STABIL26.F:../../data-submitted/03/AU/ALFAM2_template_8.3_Stabil26.xlsx.E:2.F:Foulumgård.P:5 AD.T:AD.R:3.R2:.T:2022-04-19 14:00:46.213","D:1.I:AU.Pr:STABIL26.E:2","","Dela Pierre, Flavia",36.6,NA,4.05,5.44,7.34,9.43,11.5,12.6,13.3,NA,14,14,NA,4.05,5.44,7.34,9.43,11.5,12.6,13.3,NA,14,14,NA,0.111,0.149,0.201,0.258,0.314,0.345,0.364,NA,0.384,0.384,NA,0,0,0,0,0,0,0,NA,0,0,NA,16.5,16.3,13,10.8,10.5,10.8,10.8,10.1,10.1,NA,7.7,7.87,8.07,7.79,7.93,8.04,8.17,8.32,8.32,NA,NA,NA,NA,NA,NA,NA,NA,NA,NA,NA,0.2,0.2,0.2,0.2,0.2,0.2,0.2,0.2,0.2,NA,0.2,0.2,0.2,0.2,0.2,0.2,0.2,0.2,0.2,NA,517,431,218,235,254,262,264,250,250,NA,0,0,0,0,0,0,0,0,0,NA,45.1,45.3,59.6,70.1,70.1,68,67.6,68.1,68.1,943,1020,81,1.73,0.0274,1,1.73,1.73,1.73,140,2022-04-19 14:00:46.213,2022-04-25 08:36:26.788,2,"0.1",2,NA,NA,NA,NA,NA,FALSE,"Wind tunnel","wt",NA,"Band spread or trailing hose",NA,"Mix",2022-04-19,"","0-5",205,3377,3381,611
"AU","STABIL26","2","Foulumgård","6 AD-F","2",2022-04-19 14:16:45.079,3,"../../data-submitted/03/AU/ALFAM2_template_8.3_Stabil26.xlsx","AD-F","Wind tunnel",NA,NA,"D:1.I:AU.Pr:STABIL26.F:../../data-submitted/03/AU/ALFAM2_template_8.3_Stabil26.xlsx.E:2.F:Foulumgård.P:6 AD-F.T:AD-F.R:2.R2:.T:2022-04-19 14:16:45.079.M:Wind tunnelNA",NA,0.2,56.5,9.56,"DK","flat",9,24,65,NA,NA,"0.15",NA,NA,"5.72","1.19","No",NA,"mix","mixture of manure, deep litter, meadow grass, grass, grass silage, straw, cereal, and corn silage",NA,"solid","Anaerobic digestion","Mechanical separation",NA,"21.98","88.58","3.9",0.43,NA,NA,NA,"8.02",2022-04-25 10:36:24.275,"bsth",10,"t/ha",NA,NA,NA,NA,NA,NA,NA,NA,NA,NA,NA,20,NA,"1650377805.079","1650882984.275","D:1.I:AU.Pr:STABIL26.F:../../data-submitted/03/AU/ALFAM2_template_8.3_Stabil26.xlsx.E:2.F:Foulumgård.P:6 AD-F.T:AD-F.R:2.R2:.T:2022-04-19 14:16:45.079","D:1.I:AU.Pr:STABIL26.E:2","","Dela Pierre, Flavia",4.3,NA,0.123,0.144,0.128,0.151,0.15,0.164,0.154,NA,0.182,0.182,NA,0.123,0.144,0.128,0.151,0.15,0.164,0.154,NA,0.182,0.182,NA,0.0286,0.0336,0.0298,0.0351,0.0348,0.0382,0.0357,NA,0.0423,0.0423,NA,0,0,0,0,0,0,0,NA,0,0,NA,16.5,16,12.9,10.9,10.5,10.8,10.8,10.1,10.1,NA,7.7,7.9,8.08,7.79,7.93,8.05,8.17,8.31,8.31,NA,NA,NA,NA,NA,NA,NA,NA,NA,NA,NA,0.2,0.2,0.2,0.2,0.2,0.2,0.2,0.2,0.2,NA,0.2,0.2,0.2,0.2,0.2,0.2,0.2,0.2,0.2,NA,517,381,193,234,253,259,262,250,250,NA,0,0,0,0,0,0,0,0,0,NA,45.1,45.6,59.7,69.5,69.7,67.9,67.4,68,68,1020,1100,81,1.73,0.00861,0.037,1.73,1.73,1.73,140,2022-04-19 14:16:45.079,2022-04-25 08:52:26.93,2,"0.1",2,NA,NA,NA,NA,NA,FALSE,"Wind tunnel","wt",NA,"Band spread or trailing hose",NA,"Mix",2022-04-19,"","0-5",205,3378,3382,611
"AU","STABIL26","2","Foulumgård","8 AD","3",2022-04-19 14:24:44.109,3,"../../data-submitted/03/AU/ALFAM2_template_8.3_Stabil26.xlsx","AD","Wind tunnel",NA,NA,"D:1.I:AU.Pr:STABIL26.F:../../data-submitted/03/AU/ALFAM2_template_8.3_Stabil26.xlsx.E:2.F:Foulumgård.P:8 AD.T:AD.R:3.R2:.T:2022-04-19 14:24:44.109.M:Wind tunnelNA",NA,0.2,56.5,9.56,"DK","flat",9,24,65,NA,NA,"0.15",NA,NA,"5.72","1.19","No",NA,"mix","mixture of manure, deep litter, meadow grass, grass, grass silage, straw, cereal, and corn silage",NA,"slurry","Anaerobic digestion","None",NA,"6.05","76.99","2.72",1.22,NA,NA,NA,"7.66",2022-04-25 10:44:23.933,"bsth",30,"t/ha",NA,NA,NA,NA,NA,NA,NA,NA,NA,NA,NA,21,NA,"1650378284.109","1650883463.933","D:1.I:AU.Pr:STABIL26.F:../../data-submitted/03/AU/ALFAM2_template_8.3_Stabil26.xlsx.E:2.F:Foulumgård.P:8 AD.T:AD.R:3.R2:.T:2022-04-19 14:24:44.109","D:1.I:AU.Pr:STABIL26.E:2","","Dela Pierre, Flavia",36.6,NA,4.49,6.26,9.03,12.1,14.6,16.1,16.9,NA,17.8,17.8,NA,4.49,6.26,9.03,12.1,14.6,16.1,16.9,NA,17.8,17.8,NA,0.123,0.171,0.247,0.33,0.4,0.439,0.461,NA,0.486,0.486,NA,0,0,0,0,0,0,0,NA,0,0,NA,16.5,16,12.4,10.6,10.3,10.7,10.7,10,10,NA,7.7,7.9,8.08,7.78,7.91,8.03,8.16,8.3,8.3,NA,NA,NA,NA,NA,NA,NA,NA,NA,NA,NA,0.2,0.2,0.2,0.2,0.2,0.2,0.2,0.2,0.2,NA,0.2,0.2,0.2,0.2,0.2,0.2,0.2,0.2,0.2,NA,517,381,191,233,254,263,266,254,254,NA,0,0,0,0,0,0,0,0,0,NA,45,45.6,63.2,71.3,71,68.6,68,68.6,68.6,1100,1180,81,1.73,0.0291,1.07,1.73,1.73,1.73,140,2022-04-19 14:24:44.109,2022-04-25 09:00:26.796,2,"0.1",2,NA,NA,NA,NA,NA,FALSE,"Wind tunnel","wt",NA,"Band spread or trailing hose",NA,"Mix",2022-04-19,"","0-5",205,3379,3383,611
"AU","STABIL26","2","Foulumgård","9 AD-F","2",2022-04-19 14:32:44.72,3,"../../data-submitted/03/AU/ALFAM2_template_8.3_Stabil26.xlsx","AD-F","Wind tunnel",NA,NA,"D:1.I:AU.Pr:STABIL26.F:../../data-submitted/03/AU/ALFAM2_template_8.3_Stabil26.xlsx.E:2.F:Foulumgård.P:9 AD-F.T:AD-F.R:2.R2:.T:2022-04-19 14:32:44.72.M:Wind tunnelNA",NA,0.2,56.5,9.56,"DK","flat",9,24,65,NA,NA,"0.15",NA,NA,"5.72","1.19","No",NA,"mix","mixture of manure, deep litter, meadow grass, grass, grass silage, straw, cereal, and corn silage",NA,"solid","Anaerobic digestion","Mechanical separation",NA,"21.98","88.58","3.9",0.43,NA,NA,NA,"8.02",2022-04-25 10:52:23.293,"bsth",10,"t/ha",NA,NA,NA,NA,NA,NA,NA,NA,NA,NA,NA,22,NA,"1650378764.72","1650883943.293","D:1.I:AU.Pr:STABIL26.F:../../data-submitted/03/AU/ALFAM2_template_8.3_Stabil26.xlsx.E:2.F:Foulumgård.P:9 AD-F.T:AD-F.R:2.R2:.T:2022-04-19 14:32:44.72","D:1.I:AU.Pr:STABIL26.E:2","","Dela Pierre, Flavia",4.3,NA,0.0628,0.0697,0.0551,0.0865,0.032,-0.00712,-0.0649,NA,-0.0983,-0.0983,NA,0.0628,0.0697,0.0551,0.0865,0.032,-0.00712,-0.0649,NA,-0.0983,-0.0983,NA,0.0146,0.0162,0.0128,0.0201,0.00745,-0.00166,-0.0151,NA,-0.0229,-0.0229,NA,0,0,0,0,0,0,0,NA,0,0,NA,16.4,15.9,12.4,10.7,10.4,10.7,10.7,10,10,NA,7.85,8,8.13,7.82,7.94,8.05,8.17,8.32,8.32,NA,NA,NA,NA,NA,NA,NA,NA,NA,NA,NA,0.2,0.2,0.2,0.2,0.2,0.2,0.2,0.2,0.2,NA,0.2,0.2,0.2,0.2,0.2,0.2,0.2,0.2,0.2,NA,468,349,175,232,249,258,262,249,249,NA,0,0,0,0,0,0,0,0,0,NA,45.8,46.1,63.5,70.8,70.6,68.5,67.9,68.5,68.5,1190,1270,81,1.73,0.00493,0.0212,1.73,1.73,1.73,140,2022-04-19 14:32:44.72,2022-04-25 09:08:27.517,2,"0.1",2,NA,NA,NA,NA,NA,FALSE,"Wind tunnel","wt",NA,"Band spread or trailing hose",NA,"Mix",2022-04-19,"","0-5",205,3380,3384,611
"AU","STABIL26","3","Foulumgård","1 AD-F","1",2022-09-14 13:00:07.44,3,"../../data-submitted/03/AU/ALFAM2_template_8.3_Stabil26.xlsx","AD-F","Wind tunnel",NA,NA,"D:1.I:AU.Pr:STABIL26.F:../../data-submitted/03/AU/ALFAM2_template_8.3_Stabil26.xlsx.E:3.F:Foulumgård.P:1 AD-F.T:AD-F.R:1.R2:.T:2022-09-14 13:00:07.44.M:Wind tunnelNA",NA,0.2,56.5,9.56,"DK","flat",9,24,65,NA,NA,"0.18",NA,NA,"5.61","1.06","No",NA,"mix","mixture of manure, deep litter, meadow grass, grass, grass silage, straw, cereal, and corn silage",NA,"solid","Anaerobic digestion","Mechanical separation",NA,"52.76","88.41","13.28",1.33,NA,NA,NA,"6.6",2022-09-20 08:16:06.104,"bsth",10,"t/ha",NA,NA,NA,NA,NA,NA,NA,NA,NA,NA,NA,23,NA,"1663160407.44","1663661766.104","D:1.I:AU.Pr:STABIL26.F:../../data-submitted/03/AU/ALFAM2_template_8.3_Stabil26.xlsx.E:3.F:Foulumgård.P:1 AD-F.T:AD-F.R:1.R2:.T:2022-09-14 13:00:07.44","D:1.I:AU.Pr:STABIL26.E:3","","Dela Pierre, Flavia",13.3,NA,-0.0163,-0.0287,-0.0662,-0.127,-0.2,-0.258,-0.275,NA,-0.321,-0.321,NA,-0.0163,-0.0287,-0.0662,-0.127,-0.2,-0.258,-0.275,NA,-0.321,-0.321,NA,-0.00122,-0.00216,-0.00498,-0.00956,-0.015,-0.0194,-0.0207,NA,-0.0241,-0.0241,NA,0,0,0,0,0,0,0,NA,0,0,NA,14.8,14.8,13.6,12.3,12.2,12.4,12.3,11.6,11.6,NA,14.7,14.7,14.8,14.4,14,14,13.9,13.6,13.6,NA,NA,NA,NA,NA,NA,NA,NA,NA,NA,NA,0.2,0.2,0.2,0.2,0.2,0.2,0.2,0.2,0.2,NA,0.2,0.2,0.2,0.2,0.2,0.2,0.2,0.2,0.2,NA,268,254,130,113,122,135,149,149,149,NA,0,0,0,0,0,0,0,0,0,NA,72,72.2,81.4,83.6,81.1,81.4,80.6,81.6,81.6,1270,1340,76,1.73,-0.000215,-0.00286,1.6,3.2,1.73,139,2022-09-14 13:00:07.44,2022-09-20 06:40:08.415,2,"0.1",2,NA,NA,NA,NA,NA,FALSE,"Wind tunnel","wt",NA,"Band spread or trailing hose",NA,"Mix",2022-09-14,"","0-5",205,3381,3385,612
"AU","STABIL26","3","Foulumgård","10 AD-F","3",2022-09-14 14:12:06.909,3,"../../data-submitted/03/AU/ALFAM2_template_8.3_Stabil26.xlsx","AD-F","Wind tunnel",NA,NA,"D:1.I:AU.Pr:STABIL26.F:../../data-submitted/03/AU/ALFAM2_template_8.3_Stabil26.xlsx.E:3.F:Foulumgård.P:10 AD-F.T:AD-F.R:3.R2:.T:2022-09-14 14:12:06.909.M:Wind tunnelNA",NA,0.2,56.5,9.56,"DK","flat",9,24,65,NA,NA,"0.18",NA,NA,"5.61","1.06","No",NA,"mix","mixture of manure, deep litter, meadow grass, grass, grass silage, straw, cereal, and corn silage",NA,"solid","Anaerobic digestion","Mechanical separation",NA,"52.76","88.41","13.28",1.33,NA,NA,NA,"6.6",2022-09-20 10:56:00.786,"bsth",10,"t/ha",NA,NA,NA,NA,NA,NA,NA,NA,NA,NA,NA,24,NA,"1663164726.909","1663671360.786","D:1.I:AU.Pr:STABIL26.F:../../data-submitted/03/AU/ALFAM2_template_8.3_Stabil26.xlsx.E:3.F:Foulumgård.P:10 AD-F.T:AD-F.R:3.R2:.T:2022-09-14 14:12:06.909","D:1.I:AU.Pr:STABIL26.E:3","","Dela Pierre, Flavia",13.3,NA,0.00608,0.0107,0.0261,0.0547,0.0993,0.136,0.16,NA,0.191,0.191,NA,0.00608,0.0107,0.0261,0.0547,0.0993,0.136,0.16,NA,0.191,0.191,NA,0.000457,0.000801,0.00196,0.00411,0.00746,0.0102,0.012,NA,0.0144,0.0144,NA,0,0,0,0,0,0,0,NA,0,0,NA,15.2,14.7,13.2,12.3,12.4,12.5,12.3,11.6,11.6,NA,14.8,14.8,14.8,14.4,14,13.9,13.9,13.6,13.6,NA,NA,NA,NA,NA,NA,NA,NA,NA,NA,NA,0.2,0.2,0.2,0.2,0.2,0.2,0.2,0.2,0.2,NA,0.2,0.2,0.2,0.2,0.2,0.2,0.2,0.2,0.2,NA,267,183,91.5,121,145,153,152,149,149,NA,0,0,0,0,0,0,0,0,0,NA,71.8,75.8,84.6,82.5,80.4,80.2,80.4,81.6,81.6,1340,1430,86,1.73,8.92e-05,0.00119,1.6,1.73,1.73,141,2022-09-14 14:12:06.909,2022-09-20 09:20:03.573,2,"0.1",2,NA,NA,NA,NA,NA,FALSE,"Wind tunnel","wt",NA,"Band spread or trailing hose",NA,"Mix",2022-09-14,"","0-5",205,3382,3386,612
"AU","STABIL26","3","Foulumgård","2 AD-L","1",2022-09-14 13:08:08.314,3,"../../data-submitted/03/AU/ALFAM2_template_8.3_Stabil26.xlsx","AD-L","Wind tunnel",NA,NA,"D:1.I:AU.Pr:STABIL26.F:../../data-submitted/03/AU/ALFAM2_template_8.3_Stabil26.xlsx.E:3.F:Foulumgård.P:2 AD-L.T:AD-L.R:1.R2:.T:2022-09-14 13:08:08.314.M:Wind tunnelNA",NA,0.2,56.5,9.56,"DK","flat",9,24,65,NA,NA,"0.18",NA,NA,"5.61","1.06","No",NA,"mix","mixture of manure, deep litter, meadow grass, grass, grass silage, straw, cereal, and corn silage",NA,"liquid","Anaerobic digestion","Mechanical separation",NA,"5.35","69.53","2.61",1.06,NA,NA,NA,"7.96",2022-09-20 08:24:05.305,"bsth",30,"t/ha",NA,NA,NA,NA,NA,NA,NA,NA,NA,NA,NA,25,NA,"1663160888.314","1663662245.305","D:1.I:AU.Pr:STABIL26.F:../../data-submitted/03/AU/ALFAM2_template_8.3_Stabil26.xlsx.E:3.F:Foulumgård.P:2 AD-L.T:AD-L.R:1.R2:.T:2022-09-14 13:08:08.314","D:1.I:AU.Pr:STABIL26.E:3","","Dela Pierre, Flavia",31.8,NA,1.24,1.67,2.38,3.35,4.48,5.2,5.72,NA,6.22,6.22,NA,1.24,1.67,2.38,3.35,4.48,5.2,5.72,NA,6.22,6.22,NA,0.0389,0.0524,0.0749,0.105,0.141,0.164,0.18,NA,0.195,0.195,NA,0,0,0,0,0,0,0,NA,0,0,NA,14.8,14.6,13.5,12.2,12.2,12.3,12.2,11.6,11.6,NA,14.7,14.8,14.8,14.4,14,14,13.9,13.6,13.6,NA,NA,NA,NA,NA,NA,NA,NA,NA,NA,NA,0.2,0.2,0.2,0.2,0.2,0.2,0.2,0.2,0.2,NA,0.2,0.2,0.2,0.2,0.2,0.2,0.2,0.2,0.2,NA,268,210,108,103,117,131,146,146,146,NA,0,0,0,0,0,0,0,0,0,NA,71.9,73.6,82.1,83.9,81.5,81.7,80.9,81.8,81.8,1430,1500,76,1.73,0.00934,0.297,1.6,3.2,1.73,139,2022-09-14 13:08:08.314,2022-09-20 06:48:08.421,2,"0.1",2,NA,NA,NA,NA,NA,FALSE,"Wind tunnel","wt",NA,"Band spread or trailing hose",NA,"Mix",2022-09-14,"","0-5",205,3383,3387,612
"AU","STABIL26","3","Foulumgård","4 AD","1",2022-09-14 13:24:08.259,3,"../../data-submitted/03/AU/ALFAM2_template_8.3_Stabil26.xlsx","AD","Wind tunnel",NA,NA,"D:1.I:AU.Pr:STABIL26.F:../../data-submitted/03/AU/ALFAM2_template_8.3_Stabil26.xlsx.E:3.F:Foulumgård.P:4 AD.T:AD.R:1.R2:.T:2022-09-14 13:24:08.259.M:Wind tunnelNA",NA,0.2,56.5,9.56,"DK","flat",9,24,65,NA,NA,"0.18",NA,NA,"5.61","1.06","No",NA,"mix","mixture of manure, deep litter, meadow grass, grass, grass silage, straw, cereal, and corn silage",NA,"slurry","Anaerobic digestion","None",NA,"6.37","77.21","3.1",1.52,NA,NA,NA,"7.92",2022-09-20 10:08:02.838,"bsth",30,"t/ha",NA,NA,NA,NA,NA,NA,NA,NA,NA,NA,NA,26,NA,"1663161848.259","1663668482.838","D:1.I:AU.Pr:STABIL26.F:../../data-submitted/03/AU/ALFAM2_template_8.3_Stabil26.xlsx.E:3.F:Foulumgård.P:4 AD.T:AD.R:1.R2:.T:2022-09-14 13:24:08.259","D:1.I:AU.Pr:STABIL26.E:3","","Dela Pierre, Flavia",45.6,NA,4.6,6.61,9.81,12.9,15.4,16.6,17.2,NA,17.8,17.8,NA,4.6,6.61,9.81,12.9,15.4,16.6,17.2,NA,17.8,17.8,NA,0.101,0.145,0.215,0.282,0.338,0.363,0.378,NA,0.391,0.391,NA,0,0,0,0,0,0,0,NA,0,0,NA,14.8,14.6,13.3,12.2,12.3,12.5,12.3,11.6,11.6,NA,14.7,14.8,14.8,14.4,14,14,13.9,13.6,13.6,NA,NA,NA,NA,NA,NA,NA,NA,NA,NA,NA,0.2,0.2,0.2,0.2,0.2,0.2,0.2,0.2,0.2,NA,0.2,0.2,0.2,0.2,0.2,0.2,0.2,0.2,0.2,NA,268,210,105,112,137,152,155,148,148,NA,0,0,0,0,0,0,0,0,0,NA,72,73.6,83.5,84,81,80.6,80.8,81.6,81.6,1500,1590,86,1.73,0.0213,0.97,1.6,1.73,1.73,141,2022-09-14 13:24:08.259,2022-09-20 08:32:05.48,2,"0.1",2,NA,NA,NA,NA,NA,FALSE,"Wind tunnel","wt",NA,"Band spread or trailing hose",NA,"Mix",2022-09-14,"","0-5",205,3384,3388,612
"AU","STABIL26","3","Foulumgård","5 AD-F","2",2022-09-14 13:32:07.185,3,"../../data-submitted/03/AU/ALFAM2_template_8.3_Stabil26.xlsx","AD-F","Wind tunnel",NA,NA,"D:1.I:AU.Pr:STABIL26.F:../../data-submitted/03/AU/ALFAM2_template_8.3_Stabil26.xlsx.E:3.F:Foulumgård.P:5 AD-F.T:AD-F.R:2.R2:.T:2022-09-14 13:32:07.185.M:Wind tunnelNA",NA,0.2,56.5,9.56,"DK","flat",9,24,65,NA,NA,"0.18",NA,NA,"5.61","1.06","No",NA,"mix","mixture of manure, deep litter, meadow grass, grass, grass silage, straw, cereal, and corn silage",NA,"solid","Anaerobic digestion","Mechanical separation",NA,"52.76","88.41","13.28",1.33,NA,NA,NA,"6.6",2022-09-20 10:16:03.193,"bsth",10,"t/ha",NA,NA,NA,NA,NA,NA,NA,NA,NA,NA,NA,27,NA,"1663162327.185","1663668963.193","D:1.I:AU.Pr:STABIL26.F:../../data-submitted/03/AU/ALFAM2_template_8.3_Stabil26.xlsx.E:3.F:Foulumgård.P:5 AD-F.T:AD-F.R:2.R2:.T:2022-09-14 13:32:07.185","D:1.I:AU.Pr:STABIL26.E:3","","Dela Pierre, Flavia",13.3,NA,0.0246,0.0353,0.058,0.0932,0.159,0.199,0.251,NA,0.283,0.283,NA,0.0246,0.0353,0.058,0.0932,0.159,0.199,0.251,NA,0.283,0.283,NA,0.00185,0.00265,0.00436,0.00701,0.012,0.015,0.0189,NA,0.0212,0.0212,NA,0,0,0,0,0,0,0,NA,0,0,NA,15.3,15,13.5,12.3,12.4,12.5,12.3,11.6,11.6,NA,14.8,14.8,14.8,14.4,14,14,13.9,13.6,13.6,NA,NA,NA,NA,NA,NA,NA,NA,NA,NA,NA,0.2,0.2,0.2,0.2,0.2,0.2,0.2,0.2,0.2,NA,0.2,0.2,0.2,0.2,0.2,0.2,0.2,0.2,0.2,NA,278,216,108,118,139,151,155,147,147,NA,0,0,0,0,0,0,0,0,0,NA,69.5,72,82.7,83.5,80.8,80.4,80.6,81.5,81.5,1590,1680,86,1.73,0.000442,0.00588,1.6,1.73,1.73,141,2022-09-14 13:32:07.185,2022-09-20 08:40:05.768,2,"0.1",2,NA,NA,NA,NA,NA,FALSE,"Wind tunnel","wt",NA,"Band spread or trailing hose",NA,"Mix",2022-09-14,"","0-5",205,3385,3389,612
"AU","STABIL26","3","Foulumgård","6 AD","2",2022-09-14 13:40:07.355,3,"../../data-submitted/03/AU/ALFAM2_template_8.3_Stabil26.xlsx","AD","Wind tunnel",NA,NA,"D:1.I:AU.Pr:STABIL26.F:../../data-submitted/03/AU/ALFAM2_template_8.3_Stabil26.xlsx.E:3.F:Foulumgård.P:6 AD.T:AD.R:2.R2:.T:2022-09-14 13:40:07.355.M:Wind tunnelNA",NA,0.2,56.5,9.56,"DK","flat",9,24,65,NA,NA,"0.18",NA,NA,"5.61","1.06","No",NA,"mix","mixture of manure, deep litter, meadow grass, grass, grass silage, straw, cereal, and corn silage",NA,"slurry","Anaerobic digestion","None",NA,"6.37","77.21","3.1",1.52,NA,NA,NA,"7.92",2022-09-20 10:24:02.455,"bsth",30,"t/ha",NA,NA,NA,NA,NA,NA,NA,NA,NA,NA,NA,28,NA,"1663162807.355","1663669442.455","D:1.I:AU.Pr:STABIL26.F:../../data-submitted/03/AU/ALFAM2_template_8.3_Stabil26.xlsx.E:3.F:Foulumgård.P:6 AD.T:AD.R:2.R2:.T:2022-09-14 13:40:07.355","D:1.I:AU.Pr:STABIL26.E:3","","Dela Pierre, Flavia",45.6,NA,4.79,6.96,10.7,14.2,17.1,18.3,19,NA,19.6,19.6,NA,4.79,6.96,10.7,14.2,17.1,18.3,19,NA,19.6,19.6,NA,0.105,0.153,0.235,0.312,0.376,0.402,0.416,NA,0.429,0.429,NA,0,0,0,0,0,0,0,NA,0,0,NA,15.3,15,13.4,12.3,12.4,12.5,12.3,11.6,11.6,NA,14.8,14.8,14.8,14.4,14,14,13.9,13.6,13.6,NA,NA,NA,NA,NA,NA,NA,NA,NA,NA,NA,0.2,0.2,0.2,0.2,0.2,0.2,0.2,0.2,0.2,NA,0.2,0.2,0.2,0.2,0.2,0.2,0.2,0.2,0.2,NA,278,216,108,118,139,151,154,146,146,NA,0,0,0,0,0,0,0,0,0,NA,69.5,72,82.7,83.4,80.9,80.5,80.7,81.7,81.7,1680,1760,86,1.73,0.0221,1.01,1.6,1.73,1.73,141,2022-09-14 13:40:07.355,2022-09-20 08:48:04.943,2,"0.1",2,NA,NA,NA,NA,NA,FALSE,"Wind tunnel","wt",NA,"Band spread or trailing hose",NA,"Mix",2022-09-14,"","0-5",205,3386,3390,612
"AU","STABIL26","3","Foulumgård","8 AD-L","2",2022-09-14 13:56:06.733,3,"../../data-submitted/03/AU/ALFAM2_template_8.3_Stabil26.xlsx","AD-L","Wind tunnel",NA,NA,"D:1.I:AU.Pr:STABIL26.F:../../data-submitted/03/AU/ALFAM2_template_8.3_Stabil26.xlsx.E:3.F:Foulumgård.P:8 AD-L.T:AD-L.R:2.R2:.T:2022-09-14 13:56:06.733.M:Wind tunnelNA",NA,0.2,56.5,9.56,"DK","flat",9,24,65,NA,NA,"0.18",NA,NA,"5.61","1.06","No",NA,"mix","mixture of manure, deep litter, meadow grass, grass, grass silage, straw, cereal, and corn silage",NA,"liquid","Anaerobic digestion","Mechanical separation",NA,"5.35","69.53","2.61",1.06,NA,NA,NA,"7.96",2022-09-20 10:40:01.159,"bsth",30,"t/ha",NA,NA,NA,NA,NA,NA,NA,NA,NA,NA,NA,29,NA,"1663163766.733","1663670401.159","D:1.I:AU.Pr:STABIL26.F:../../data-submitted/03/AU/ALFAM2_template_8.3_Stabil26.xlsx.E:3.F:Foulumgård.P:8 AD-L.T:AD-L.R:2.R2:.T:2022-09-14 13:56:06.733","D:1.I:AU.Pr:STABIL26.E:3","","Dela Pierre, Flavia",31.8,NA,1.75,2.51,3.95,5.95,8.16,9.37,10.2,NA,11,11,NA,1.75,2.51,3.95,5.95,8.16,9.37,10.2,NA,11,11,NA,0.0552,0.079,0.124,0.187,0.257,0.295,0.319,NA,0.345,0.345,NA,0,0,0,0,0,0,0,NA,0,0,NA,15.2,14.9,13.3,12.4,12.4,12.5,12.3,11.6,11.6,NA,14.8,14.8,14.8,14.4,14,13.9,13.9,13.6,13.6,NA,NA,NA,NA,NA,NA,NA,NA,NA,NA,NA,0.2,0.2,0.2,0.2,0.2,0.2,0.2,0.2,0.2,NA,0.2,0.2,0.2,0.2,0.2,0.2,0.2,0.2,0.2,NA,267,209,105,117,142,151,155,147,147,NA,0,0,0,0,0,0,0,0,0,NA,71.8,73.5,83.5,82.6,80.4,80.3,80.7,81.8,81.8,1760,1850,86,1.73,0.0111,0.352,1.6,1.73,1.73,141,2022-09-14 13:56:06.733,2022-09-20 09:04:05.074,2,"0.1",2,NA,NA,NA,NA,NA,FALSE,"Wind tunnel","wt",NA,"Band spread or trailing hose",NA,"Mix",2022-09-14,"","0-5",205,3387,3391,612
"AU","STABIL26","3","Foulumgård","9 AD-L","3",2022-09-14 14:04:06.769,3,"../../data-submitted/03/AU/ALFAM2_template_8.3_Stabil26.xlsx","AD-L","Wind tunnel",NA,NA,"D:1.I:AU.Pr:STABIL26.F:../../data-submitted/03/AU/ALFAM2_template_8.3_Stabil26.xlsx.E:3.F:Foulumgård.P:9 AD-L.T:AD-L.R:3.R2:.T:2022-09-14 14:04:06.769.M:Wind tunnelNA",NA,0.2,56.5,9.56,"DK","flat",9,24,65,NA,NA,"0.18",NA,NA,"5.61","1.06","No",NA,"mix","mixture of manure, deep litter, meadow grass, grass, grass silage, straw, cereal, and corn silage",NA,"liquid","Anaerobic digestion","Mechanical separation",NA,"5.35","69.53","2.61",1.06,NA,NA,NA,"7.96",2022-09-20 10:48:01.472,"bsth",30,"t/ha",NA,NA,NA,NA,NA,NA,NA,NA,NA,NA,NA,30,NA,"1663164246.769","1663670881.472","D:1.I:AU.Pr:STABIL26.F:../../data-submitted/03/AU/ALFAM2_template_8.3_Stabil26.xlsx.E:3.F:Foulumgård.P:9 AD-L.T:AD-L.R:3.R2:.T:2022-09-14 14:04:06.769","D:1.I:AU.Pr:STABIL26.E:3","","Dela Pierre, Flavia",31.8,NA,1.42,2,3.08,4.59,6.25,7.23,7.89,NA,8.56,8.56,NA,1.42,2,3.08,4.59,6.25,7.23,7.89,NA,8.56,8.56,NA,0.0446,0.0628,0.0969,0.144,0.197,0.227,0.248,NA,0.269,0.269,NA,0,0,0,0,0,0,0,NA,0,0,NA,15.2,14.7,13.2,12.3,12.4,12.5,12.3,11.6,11.6,NA,14.7,14.8,14.8,14.4,14,13.9,13.9,13.6,13.6,NA,NA,NA,NA,NA,NA,NA,NA,NA,NA,NA,0.2,0.2,0.2,0.2,0.2,0.2,0.2,0.2,0.2,NA,0.2,0.2,0.2,0.2,0.2,0.2,0.2,0.2,0.2,NA,267,183,91.5,111,139,149,154,148,148,NA,0,0,0,0,0,0,0,0,0,NA,71.8,75.8,84.6,83.1,80.7,80.5,80.6,81.7,81.7,1850,1930,86,1.73,0.00936,0.298,1.6,1.73,1.73,141,2022-09-14 14:04:06.769,2022-09-20 09:12:05.18,2,"0.1",2,NA,NA,NA,NA,NA,FALSE,"Wind tunnel","wt",NA,"Band spread or trailing hose",NA,"Mix",2022-09-14,"","0-5",205,3388,3392,612
"AU","STABIL26","4","Foulumgård","1 PS-L","1",2022-04-12 13:16:06.753,3,"../../data-submitted/03/AU/ALFAM2_template_8.3_Stabil26.xlsx","PS-L","Wind tunnel",NA,NA,"D:1.I:AU.Pr:STABIL26.F:../../data-submitted/03/AU/ALFAM2_template_8.3_Stabil26.xlsx.E:4.F:Foulumgård.P:1 PS-L.T:PS-L.R:1.R2:.T:2022-04-12 13:16:06.753.M:Wind tunnelNA",NA,0.2,56.5,9.56,"DK","flat",9,24,65,NA,NA,"0.17",NA,NA,"5.96","1.29","No",NA,"pig","finisher pigs, piglets or a mixture of the two",NA,"liquid","Mechanical separation",NA,NA,"2.38","69.77","1.9",1.01,NA,NA,NA,"7.36",2022-04-18 07:39:29.687,"bsth",30,"t/ha",NA,NA,NA,NA,NA,NA,NA,NA,NA,NA,NA,31,NA,"1649769366.753","1650267569.687","D:1.I:AU.Pr:STABIL26.F:../../data-submitted/03/AU/ALFAM2_template_8.3_Stabil26.xlsx.E:4.F:Foulumgård.P:1 PS-L.T:PS-L.R:1.R2:.T:2022-04-12 13:16:06.753","D:1.I:AU.Pr:STABIL26.E:4","","Dela Pierre, Flavia",30.3,NA,0.14,0.191,0.273,0.417,1.07,1.3,1.47,NA,1.77,1.77,NA,0.14,0.191,0.273,0.417,1.07,1.3,1.47,NA,1.77,1.77,NA,0.00462,0.00631,0.009,0.0138,0.0354,0.0429,0.0487,NA,0.0583,0.0583,NA,0,0,0,0,0,0,0,NA,0,0,NA,9.3,9.17,7.95,7.35,8.74,9.65,8.16,7.92,7.92,NA,4.8,5,5.22,5.2,5.32,6.2,6.21,6.38,6.38,NA,NA,NA,NA,NA,NA,NA,NA,NA,NA,NA,0.2,0.2,0.2,0.2,0.2,0.2,0.2,0.2,0.2,NA,0.2,0.2,0.2,0.2,0.2,0.2,0.2,0.2,0.2,NA,455,363,190,152,188,110,117,153,153,NA,0,0,0,0,0,0,0,0,0,NA,47.4,47.8,52.5,62.5,62.2,76.2,78,75.1,75.1,1940,2000,70,1.73,0.00129,0.039,1.73,20.6,1.73,140,2022-04-12 13:16:06.753,2022-04-18 07:39:29.687,2,"0.1",2,NA,NA,NA,NA,NA,FALSE,"Wind tunnel","wt",NA,"Band spread or trailing hose",NA,"Pig",2022-04-12,"","0-5",205,3389,3393,613
"AU","STABIL26","4","Foulumgård","10 PS-F","3",2022-04-12 14:28:05.392,3,"../../data-submitted/03/AU/ALFAM2_template_8.3_Stabil26.xlsx","PS-F","Wind tunnel",NA,NA,"D:1.I:AU.Pr:STABIL26.F:../../data-submitted/03/AU/ALFAM2_template_8.3_Stabil26.xlsx.E:4.F:Foulumgård.P:10 PS-F.T:PS-F.R:3.R2:.T:2022-04-12 14:28:05.392.M:Wind tunnelNA",NA,0.2,56.5,9.56,"DK","flat",9,24,65,NA,NA,"0.17",NA,NA,"5.96","1.29","No",NA,"pig","finisher pigs, piglets or a mixture of the two",NA,"solid","Mechanical separation",NA,NA,"22.3","92.8","2.73",0.71,NA,NA,NA,"8.31",2022-04-18 08:51:27.523,"bsth",10,"t/ha",NA,NA,NA,NA,NA,NA,NA,NA,NA,NA,NA,32,NA,"1649773685.392","1650271887.523","D:1.I:AU.Pr:STABIL26.F:../../data-submitted/03/AU/ALFAM2_template_8.3_Stabil26.xlsx.E:4.F:Foulumgård.P:10 PS-F.T:PS-F.R:3.R2:.T:2022-04-12 14:28:05.392","D:1.I:AU.Pr:STABIL26.E:4","","Dela Pierre, Flavia",7.1,NA,1.22,1.45,1.77,2.12,2.75,2.93,3.06,NA,3.11,3.11,NA,1.22,1.45,1.77,2.12,2.75,2.93,3.06,NA,3.11,3.11,NA,0.171,0.204,0.25,0.299,0.388,0.413,0.431,NA,0.438,0.438,NA,0,0,0,0,0,0,0,NA,0,0,NA,9.3,8.87,7.43,7.47,8.51,10.4,8.8,8.38,8.38,NA,5,5.13,5.3,5.25,5.34,6.17,6.17,6.36,6.36,NA,NA,NA,NA,NA,NA,NA,NA,NA,NA,NA,0.2,0.2,0.2,0.2,0.2,0.2,0.2,0.2,0.2,NA,0.2,0.2,0.2,0.2,0.2,0.2,0.2,0.2,0.2,NA,331,238,119,140,163,151,157,180,180,NA,0,0,0,0,0,0,0,0,0,NA,46,48.2,54.4,63.2,62.8,72.4,74.8,72.6,72.6,2000,2070,69,1.73,0.0574,0.407,0.4,22.3,1.73,140,2022-04-12 14:28:05.392,2022-04-18 08:51:27.523,2,"0.1",2,NA,NA,NA,NA,NA,FALSE,"Wind tunnel","wt",NA,"Band spread or trailing hose",NA,"Pig",2022-04-12,"","0-5",205,3390,3394,613
"AU","STABIL26","4","Foulumgård","12 PS","3",2022-04-12 14:44:04.402,3,"../../data-submitted/03/AU/ALFAM2_template_8.3_Stabil26.xlsx","PS","Wind tunnel",NA,NA,"D:1.I:AU.Pr:STABIL26.F:../../data-submitted/03/AU/ALFAM2_template_8.3_Stabil26.xlsx.E:4.F:Foulumgård.P:12 PS.T:PS.R:3.R2:.T:2022-04-12 14:44:04.402.M:Wind tunnelNA",NA,0.2,56.5,9.56,"DK","flat",9,24,65,NA,NA,"0.17",NA,NA,"5.96","1.29","No",NA,"pig","finisher pigs, piglets or a mixture of the two",NA,"slurry","None",NA,NA,"3.63","77.25","2.03",1.16,NA,NA,NA,"7.16",2022-04-18 09:07:26.948,"bsth",30,"t/ha",NA,NA,NA,NA,NA,NA,NA,NA,NA,NA,NA,33,NA,"1649774644.402","1650272846.948","D:1.I:AU.Pr:STABIL26.F:../../data-submitted/03/AU/ALFAM2_template_8.3_Stabil26.xlsx.E:4.F:Foulumgård.P:12 PS.T:PS.R:3.R2:.T:2022-04-12 14:44:04.402","D:1.I:AU.Pr:STABIL26.E:4","","Dela Pierre, Flavia",34.8,NA,0.358,0.494,0.783,1.5,3.43,4.11,4.75,NA,6.18,6.18,NA,0.358,0.494,0.783,1.5,3.43,4.11,4.75,NA,6.18,6.18,NA,0.0103,0.0142,0.0225,0.043,0.0987,0.118,0.137,NA,0.178,0.178,NA,0,0,0,0,0,0,0,NA,0,0,NA,9.45,8.97,7.47,7.56,8.59,9.71,8.27,8,8,NA,5.1,5.2,5.32,5.26,5.35,6.24,6.21,6.4,6.4,NA,NA,NA,NA,NA,NA,NA,NA,NA,NA,NA,0.2,0.2,0.2,0.2,0.2,0.2,0.2,0.2,0.2,NA,0.2,0.2,0.2,0.2,0.2,0.2,0.2,0.2,0.2,NA,333,239,119,152,173,102,121,154,154,NA,0,0,0,0,0,0,0,0,0,NA,45.2,47.7,53.8,63.1,62.7,76.5,77.8,74.8,74.8,2070,2140,69,1.73,0.00229,0.0798,1.73,22.3,1.73,140,2022-04-12 14:44:04.402,2022-04-18 09:07:26.948,2,"0.1",2,NA,NA,NA,NA,NA,FALSE,"Wind tunnel","wt",NA,"Band spread or trailing hose",NA,"Pig",2022-04-12,"","0-5",205,3391,3395,613
"AU","STABIL26","4","Foulumgård","2 PS","1",2022-04-12 13:24:07.366,3,"../../data-submitted/03/AU/ALFAM2_template_8.3_Stabil26.xlsx","PS","Wind tunnel",NA,NA,"D:1.I:AU.Pr:STABIL26.F:../../data-submitted/03/AU/ALFAM2_template_8.3_Stabil26.xlsx.E:4.F:Foulumgård.P:2 PS.T:PS.R:1.R2:.T:2022-04-12 13:24:07.366.M:Wind tunnelNA",NA,0.2,56.5,9.56,"DK","flat",9,24,65,NA,NA,"0.17",NA,NA,"5.96","1.29","No",NA,"pig","finisher pigs, piglets or a mixture of the two",NA,"slurry","None",NA,NA,"3.63","77.25","2.03",1.16,NA,NA,NA,"7.16",2022-04-18 07:47:29.306,"bsth",30,"t/ha",NA,NA,NA,NA,NA,NA,NA,NA,NA,NA,NA,34,NA,"1649769847.366","1650268049.306","D:1.I:AU.Pr:STABIL26.F:../../data-submitted/03/AU/ALFAM2_template_8.3_Stabil26.xlsx.E:4.F:Foulumgård.P:2 PS.T:PS.R:1.R2:.T:2022-04-12 13:24:07.366","D:1.I:AU.Pr:STABIL26.E:4","","Dela Pierre, Flavia",34.8,NA,0.168,0.257,0.389,0.656,1.64,2.01,2.35,NA,3.07,3.07,NA,0.168,0.257,0.389,0.656,1.64,2.01,2.35,NA,3.07,3.07,NA,0.00483,0.00737,0.0112,0.0189,0.0472,0.0577,0.0675,NA,0.0882,0.0882,NA,0,0,0,0,0,0,0,NA,0,0,NA,9.3,9.17,7.82,7.27,8.67,9.62,8.14,7.93,7.93,NA,4.8,5,5.23,5.21,5.33,6.2,6.2,6.37,6.37,NA,NA,NA,NA,NA,NA,NA,NA,NA,NA,NA,0.2,0.2,0.2,0.2,0.2,0.2,0.2,0.2,0.2,NA,0.2,0.2,0.2,0.2,0.2,0.2,0.2,0.2,0.2,NA,455,363,182,149,185,109,118,156,156,NA,0,0,0,0,0,0,0,0,0,NA,47.4,47.8,53.2,63.1,62.6,76.3,78.2,75,75,2140,2210,70,1.73,0.000811,0.0282,1.73,20.6,1.73,140,2022-04-12 13:24:07.366,2022-04-18 07:47:29.306,2,"0.1",2,NA,NA,NA,NA,NA,FALSE,"Wind tunnel","wt",NA,"Band spread or trailing hose",NA,"Pig",2022-04-12,"","0-5",205,3392,3396,613
"AU","STABIL26","4","Foulumgård","4 PS-F","1",2022-04-12 13:40:07.21,3,"../../data-submitted/03/AU/ALFAM2_template_8.3_Stabil26.xlsx","PS-F","Wind tunnel",NA,NA,"D:1.I:AU.Pr:STABIL26.F:../../data-submitted/03/AU/ALFAM2_template_8.3_Stabil26.xlsx.E:4.F:Foulumgård.P:4 PS-F.T:PS-F.R:1.R2:.T:2022-04-12 13:40:07.21.M:Wind tunnelNA",NA,0.2,56.5,9.56,"DK","flat",9,24,65,NA,NA,"0.17",NA,NA,"5.96","1.29","No",NA,"pig","finisher pigs, piglets or a mixture of the two",NA,"solid","Mechanical separation",NA,NA,"22.3","92.8","2.73",0.71,NA,NA,NA,"8.31",2022-04-18 08:03:29.21,"bsth",10,"t/ha",NA,NA,NA,NA,NA,NA,NA,NA,NA,NA,NA,35,NA,"1649770807.21","1650269009.21","D:1.I:AU.Pr:STABIL26.F:../../data-submitted/03/AU/ALFAM2_template_8.3_Stabil26.xlsx.E:4.F:Foulumgård.P:4 PS-F.T:PS-F.R:1.R2:.T:2022-04-12 13:40:07.21","D:1.I:AU.Pr:STABIL26.E:4","","Dela Pierre, Flavia",7.1,NA,1.24,1.48,1.81,2.19,2.98,3.2,3.34,NA,3.43,3.43,NA,1.24,1.48,1.81,2.19,2.98,3.2,3.34,NA,3.43,3.43,NA,0.174,0.209,0.255,0.309,0.42,0.451,0.47,NA,0.484,0.484,NA,0,0,0,0,0,0,0,NA,0,0,NA,9.35,9.2,7.75,7.34,8.76,9.67,8.22,7.97,7.97,NA,4.9,5.07,5.27,5.22,5.36,6.21,6.2,6.38,6.38,NA,NA,NA,NA,NA,NA,NA,NA,NA,NA,NA,0.2,0.2,0.2,0.2,0.2,0.2,0.2,0.2,0.2,NA,0.2,0.2,0.2,0.2,0.2,0.2,0.2,0.2,0.2,NA,413,335,168,144,186,112,123,158,158,NA,0,0,0,0,0,0,0,0,0,NA,46.3,47.1,52.7,62.7,62.2,76.1,77.7,74.7,74.7,2210,2280,69,1.73,0.0577,0.41,1.73,20.6,1.73,140,2022-04-12 13:40:07.21,2022-04-18 08:03:29.21,2,"0.1",2,NA,NA,NA,NA,NA,FALSE,"Wind tunnel","wt",NA,"Band spread or trailing hose",NA,"Pig",2022-04-12,"","0-5",205,3393,3397,613
"AU","STABIL26","4","Foulumgård","5 PS","2",2022-04-12 13:48:06.595,3,"../../data-submitted/03/AU/ALFAM2_template_8.3_Stabil26.xlsx","PS","Wind tunnel",NA,NA,"D:1.I:AU.Pr:STABIL26.F:../../data-submitted/03/AU/ALFAM2_template_8.3_Stabil26.xlsx.E:4.F:Foulumgård.P:5 PS.T:PS.R:2.R2:.T:2022-04-12 13:48:06.595.M:Wind tunnelNA",NA,0.2,56.5,9.56,"DK","flat",9,24,65,NA,NA,"0.17",NA,NA,"5.96","1.29","No",NA,"pig","finisher pigs, piglets or a mixture of the two",NA,"slurry","None",NA,NA,"3.63","77.25","2.03",1.16,NA,NA,NA,"7.16",2022-04-18 08:11:28.427,"bsth",30,"t/ha",NA,NA,NA,NA,NA,NA,NA,NA,NA,NA,NA,36,NA,"1649771286.595","1650269488.427","D:1.I:AU.Pr:STABIL26.F:../../data-submitted/03/AU/ALFAM2_template_8.3_Stabil26.xlsx.E:4.F:Foulumgård.P:5 PS.T:PS.R:2.R2:.T:2022-04-12 13:48:06.595","D:1.I:AU.Pr:STABIL26.E:4","","Dela Pierre, Flavia",34.8,NA,0.475,0.678,1.03,1.69,3.51,4.1,4.6,NA,5.79,5.79,NA,0.475,0.678,1.03,1.69,3.51,4.1,4.6,NA,5.79,5.79,NA,0.0137,0.0195,0.0295,0.0486,0.101,0.118,0.132,NA,0.166,0.166,NA,0,0,0,0,0,0,0,NA,0,0,NA,9.3,9.17,7.73,7.39,8.81,9.39,7.98,7.78,7.78,NA,5,5.13,5.3,5.25,5.38,6.28,6.25,6.42,6.42,NA,NA,NA,NA,NA,NA,NA,NA,NA,NA,NA,0.2,0.2,0.2,0.2,0.2,0.2,0.2,0.2,0.2,NA,0.2,0.2,0.2,0.2,0.2,0.2,0.2,0.2,0.2,NA,331,281,141,126,171,94.9,111,147,147,NA,0,0,0,0,0,0,0,0,0,NA,46,46.9,52.6,62.6,62.2,78,79.2,75.8,75.8,2280,2350,70,1.73,0.00266,0.0925,1.73,20.6,1.73,140,2022-04-12 13:48:06.595,2022-04-18 08:11:28.427,2,"0.1",2,NA,NA,NA,NA,NA,FALSE,"Wind tunnel","wt",NA,"Band spread or trailing hose",NA,"Pig",2022-04-12,"","0-5",205,3394,3398,613
"AU","STABIL26","4","Foulumgård","6 PS-F","2",2022-04-12 14:04:06.444,3,"../../data-submitted/03/AU/ALFAM2_template_8.3_Stabil26.xlsx","PS-F","Wind tunnel",NA,NA,"D:1.I:AU.Pr:STABIL26.F:../../data-submitted/03/AU/ALFAM2_template_8.3_Stabil26.xlsx.E:4.F:Foulumgård.P:6 PS-F.T:PS-F.R:2.R2:.T:2022-04-12 14:04:06.444.M:Wind tunnelNA",NA,0.2,56.5,9.56,"DK","flat",9,24,65,NA,NA,"0.17",NA,NA,"5.96","1.29","No",NA,"pig","finisher pigs, piglets or a mixture of the two",NA,"solid","Mechanical separation",NA,NA,"22.3","92.8","2.73",0.71,NA,NA,NA,"8.31",2022-04-18 08:27:28.878,"bsth",10,"t/ha",NA,NA,NA,NA,NA,NA,NA,NA,NA,NA,NA,37,NA,"1649772246.444","1650270448.878","D:1.I:AU.Pr:STABIL26.F:../../data-submitted/03/AU/ALFAM2_template_8.3_Stabil26.xlsx.E:4.F:Foulumgård.P:6 PS-F.T:PS-F.R:2.R2:.T:2022-04-12 14:04:06.444","D:1.I:AU.Pr:STABIL26.E:4","","Dela Pierre, Flavia",7.1,NA,1.39,1.64,2.02,2.48,3.36,3.67,3.82,NA,3.96,3.96,NA,1.39,1.64,2.02,2.48,3.36,3.67,3.82,NA,3.96,3.96,NA,0.195,0.232,0.285,0.35,0.474,0.518,0.538,NA,0.558,0.558,NA,0,0,0,0,0,0,0,NA,0,0,NA,9.3,8.87,7.57,7.35,8.37,10.4,8.7,8.27,8.27,NA,5,5.13,5.3,5.25,5.32,6.16,6.16,6.35,6.35,NA,NA,NA,NA,NA,NA,NA,NA,NA,NA,NA,0.2,0.2,0.2,0.2,0.2,0.2,0.2,0.2,0.2,NA,0.2,0.2,0.2,0.2,0.2,0.2,0.2,0.2,0.2,NA,331,238,119,120,158,153,151,175,175,NA,0,0,0,0,0,0,0,0,0,NA,46,48.2,53.7,63.1,62.4,72.3,74.9,72.8,72.8,2350,2420,68,1.73,0.0675,0.479,1.73,22.3,1.73,140,2022-04-12 14:04:06.444,2022-04-18 08:27:28.878,2,"0.1",2,NA,NA,NA,NA,NA,FALSE,"Wind tunnel","wt",NA,"Band spread or trailing hose",NA,"Pig",2022-04-12,"","0-5",205,3395,3399,613
"AU","STABIL26","4","Foulumgård","8 PS-L","2",2022-04-12 14:12:06.485,3,"../../data-submitted/03/AU/ALFAM2_template_8.3_Stabil26.xlsx","PS-L","Wind tunnel",NA,NA,"D:1.I:AU.Pr:STABIL26.F:../../data-submitted/03/AU/ALFAM2_template_8.3_Stabil26.xlsx.E:4.F:Foulumgård.P:8 PS-L.T:PS-L.R:2.R2:.T:2022-04-12 14:12:06.485.M:Wind tunnelNA",NA,0.2,56.5,9.56,"DK","flat",9,24,65,NA,NA,"0.17",NA,NA,"5.96","1.29","No",NA,"pig","finisher pigs, piglets or a mixture of the two",NA,"liquid","Mechanical separation",NA,NA,"2.38","69.77","1.9",1.01,NA,NA,NA,"7.36",2022-04-18 08:35:28.574,"bsth",30,"t/ha",NA,NA,NA,NA,NA,NA,NA,NA,NA,NA,NA,38,NA,"1649772726.485","1650270928.574","D:1.I:AU.Pr:STABIL26.F:../../data-submitted/03/AU/ALFAM2_template_8.3_Stabil26.xlsx.E:4.F:Foulumgård.P:8 PS-L.T:PS-L.R:2.R2:.T:2022-04-12 14:12:06.485","D:1.I:AU.Pr:STABIL26.E:4","","Dela Pierre, Flavia",30.3,NA,0.0883,0.115,0.166,0.321,0.905,1.11,1.31,NA,1.69,1.69,NA,0.0883,0.115,0.166,0.321,0.905,1.11,1.31,NA,1.69,1.69,NA,0.00291,0.00381,0.00548,0.0106,0.0299,0.0368,0.0433,NA,0.0559,0.0559,NA,0,0,0,0,0,0,0,NA,0,0,NA,9.3,8.87,7.57,7.48,8.47,10.4,8.75,8.38,8.38,NA,5,5.13,5.3,5.25,5.32,6.16,6.17,6.36,6.36,NA,NA,NA,NA,NA,NA,NA,NA,NA,NA,NA,0.2,0.2,0.2,0.2,0.2,0.2,0.2,0.2,0.2,NA,0.2,0.2,0.2,0.2,0.2,0.2,0.2,0.2,0.2,NA,331,238,119,134,170,155,158,183,183,NA,0,0,0,0,0,0,0,0,0,NA,46,48.2,53.7,62.7,62,72.2,74.7,72.5,72.5,2420,2490,68,1.73,0.000789,0.0239,1.73,22.3,1.73,140,2022-04-12 14:12:06.485,2022-04-18 08:35:28.574,2,"0.1",2,NA,NA,NA,NA,NA,FALSE,"Wind tunnel","wt",NA,"Band spread or trailing hose",NA,"Pig",2022-04-12,"","0-5",205,3396,3400,613
"AU","STABIL26","4","Foulumgård","9 PS-L","3",2022-04-12 14:20:06.314,3,"../../data-submitted/03/AU/ALFAM2_template_8.3_Stabil26.xlsx","PS-L","Wind tunnel",NA,NA,"D:1.I:AU.Pr:STABIL26.F:../../data-submitted/03/AU/ALFAM2_template_8.3_Stabil26.xlsx.E:4.F:Foulumgård.P:9 PS-L.T:PS-L.R:3.R2:.T:2022-04-12 14:20:06.314.M:Wind tunnelNA",NA,0.2,56.5,9.56,"DK","flat",9,24,65,NA,NA,"0.17",NA,NA,"5.96","1.29","No",NA,"pig","finisher pigs, piglets or a mixture of the two",NA,"liquid","Mechanical separation",NA,NA,"2.38","69.77","1.9",1.01,NA,NA,NA,"7.36",2022-04-18 08:43:27.304,"bsth",30,"t/ha",NA,NA,NA,NA,NA,NA,NA,NA,NA,NA,NA,39,NA,"1649773206.314","1650271407.304","D:1.I:AU.Pr:STABIL26.F:../../data-submitted/03/AU/ALFAM2_template_8.3_Stabil26.xlsx.E:4.F:Foulumgård.P:9 PS-L.T:PS-L.R:3.R2:.T:2022-04-12 14:20:06.314","D:1.I:AU.Pr:STABIL26.E:4","","Dela Pierre, Flavia",30.3,NA,0.102,0.135,0.208,0.383,0.863,1.05,1.22,NA,1.49,1.49,NA,0.102,0.135,0.208,0.383,0.863,1.05,1.22,NA,1.49,1.49,NA,0.00337,0.00446,0.00687,0.0127,0.0285,0.0348,0.0403,NA,0.0491,0.0491,NA,0,0,0,0,0,0,0,NA,0,0,NA,9.3,8.87,7.43,7.42,8.46,10.4,8.73,8.3,8.3,NA,5,5.13,5.3,5.25,5.34,6.17,6.17,6.35,6.35,NA,NA,NA,NA,NA,NA,NA,NA,NA,NA,NA,0.2,0.2,0.2,0.2,0.2,0.2,0.2,0.2,0.2,NA,0.2,0.2,0.2,0.2,0.2,0.2,0.2,0.2,0.2,NA,331,238,119,134,157,151,155,179,179,NA,0,0,0,0,0,0,0,0,0,NA,46,48.2,54.4,63,62.7,72.4,74.8,72.8,72.8,2490,2560,68,1.73,0.000897,0.0272,1.73,22.3,1.73,140,2022-04-12 14:20:06.314,2022-04-18 08:43:27.304,2,"0.1",2,NA,NA,NA,NA,NA,FALSE,"Wind tunnel","wt",NA,"Band spread or trailing hose",NA,"Pig",2022-04-12,"","0-5",205,3397,3401,613
"AU","STABIL26","5","Foulumgård","1 PS-F","1",2022-04-26 14:13:31.118,3,"../../data-submitted/03/AU/ALFAM2_template_8.3_Stabil26.xlsx","PS-F","Wind tunnel",NA,NA,"D:1.I:AU.Pr:STABIL26.F:../../data-submitted/03/AU/ALFAM2_template_8.3_Stabil26.xlsx.E:5.F:Foulumgård.P:1 PS-F.T:PS-F.R:1.R2:.T:2022-04-26 14:13:31.118.M:Wind tunnelNA",NA,0.2,56.5,9.56,"DK","flat",9,24,65,NA,NA,"0.15",NA,NA,"5.79","1.15","No",NA,"pig","finisher pigs, piglets or a mixture of the two",NA,"solid","Mechanical separation",NA,NA,"21.84","92.58","2.89",1.28,NA,NA,NA,"8.18",2022-05-02 09:42:52.631,"bsth",10,"t/ha",NA,NA,NA,NA,NA,NA,NA,NA,NA,NA,NA,40,NA,"1650982411.118","1651484572.631","D:1.I:AU.Pr:STABIL26.F:../../data-submitted/03/AU/ALFAM2_template_8.3_Stabil26.xlsx.E:5.F:Foulumgård.P:1 PS-F.T:PS-F.R:1.R2:.T:2022-04-26 14:13:31.118","D:1.I:AU.Pr:STABIL26.E:5","","Dela Pierre, Flavia",12.8,NA,1.8,2.06,2.27,2.57,2.72,2.83,2.86,NA,2.89,2.89,NA,1.8,2.06,2.27,2.57,2.72,2.83,2.86,NA,2.89,2.89,NA,0.141,0.161,0.178,0.201,0.212,0.221,0.223,NA,0.225,0.225,NA,0,0,0,0,0,0,0,NA,0,0,NA,11.3,11.1,9.05,7.73,7.69,8.1,7.87,8.1,8.1,NA,8.65,8.83,8.95,8.4,8.35,7.96,8.02,8.29,8.29,NA,NA,NA,NA,NA,NA,NA,NA,NA,NA,NA,NA,NA,NA,NA,NA,NA,NA,NA,NA,NA,NA,NA,NA,NA,NA,NA,NA,NA,NA,NA,528,395,202,211,168,310,289,255,255,NA,0,0,0,0,0,0,0,0,0,NA,62,62.5,72.9,79.2,75.4,73.3,73.9,73.9,73.9,2560,2620,67,1.73,0.0538,0.688,1.73,25.1,1.73,139,2022-04-26 14:13:31.118,2022-05-02 07:58:55.706,2,"0.1",2,NA,NA,NA,NA,NA,FALSE,"Wind tunnel","wt",NA,"Band spread or trailing hose",NA,"Pig",2022-04-26,"","0-5",205,3398,3402,614
"AU","STABIL26","5","Foulumgård","10 PS-L","3",2022-04-26 15:25:28.303,3,"../../data-submitted/03/AU/ALFAM2_template_8.3_Stabil26.xlsx","PS-L","Wind tunnel",NA,NA,"D:1.I:AU.Pr:STABIL26.F:../../data-submitted/03/AU/ALFAM2_template_8.3_Stabil26.xlsx.E:5.F:Foulumgård.P:10 PS-L.T:PS-L.R:3.R2:.T:2022-04-26 15:25:28.303.M:Wind tunnelNA",NA,0.2,56.5,9.56,"DK","flat",9,24,65,NA,NA,"0.15",NA,NA,"5.79","1.15","No",NA,"pig","finisher pigs, piglets or a mixture of the two",NA,"liquid","Mechanical separation",NA,NA,"3.66","77.13","2.13",1.12,NA,NA,NA,"7.66",2022-05-02 10:54:50.441,"bsth",30,"t/ha",NA,NA,NA,NA,NA,NA,NA,NA,NA,NA,NA,41,NA,"1650986728.303","1651488890.441","D:1.I:AU.Pr:STABIL26.F:../../data-submitted/03/AU/ALFAM2_template_8.3_Stabil26.xlsx.E:5.F:Foulumgård.P:10 PS-L.T:PS-L.R:3.R2:.T:2022-04-26 15:25:28.303","D:1.I:AU.Pr:STABIL26.E:5","","Dela Pierre, Flavia",33.6,NA,0.557,0.671,0.817,1.3,1.98,2.99,3.3,NA,3.69,3.69,NA,0.557,0.671,0.817,1.3,1.98,2.99,3.3,NA,3.69,3.69,NA,0.0166,0.02,0.0243,0.0388,0.0589,0.089,0.0982,NA,0.11,0.11,NA,0,0,0,0,0,0,0,NA,0,0,NA,11.2,10.4,8.12,7.68,7.53,8.49,8.19,8.32,8.32,NA,8.9,9,8.97,8.36,8.31,7.98,8.03,8.3,8.3,NA,NA,NA,NA,NA,NA,NA,NA,NA,NA,NA,NA,NA,NA,NA,NA,NA,NA,NA,NA,NA,NA,NA,NA,NA,NA,NA,NA,NA,NA,NA,364,251,126,186,161,357,330,282,282,NA,0,0,0,0,0,0,0,0,0,NA,62.3,65.6,78,79.6,76.9,70.2,71.4,72.2,72.2,2620,2690,67,1.73,0.00554,0.186,1.73,25.1,1.73,139,2022-04-26 15:25:28.303,2022-05-02 09:10:53.461,2,"0.1",2,NA,NA,NA,NA,NA,FALSE,"Wind tunnel","wt",NA,"Band spread or trailing hose",NA,"Pig",2022-04-26,"","0-5",205,3399,3403,614
"AU","STABIL26","5","Foulumgård","12 PS","3",2022-04-26 15:41:28.027,3,"../../data-submitted/03/AU/ALFAM2_template_8.3_Stabil26.xlsx","PS","Wind tunnel",NA,NA,"D:1.I:AU.Pr:STABIL26.F:../../data-submitted/03/AU/ALFAM2_template_8.3_Stabil26.xlsx.E:5.F:Foulumgård.P:12 PS.T:PS.R:3.R2:.T:2022-04-26 15:41:28.027.M:Wind tunnelNA",NA,0.2,56.5,9.56,"DK","flat",9,24,65,NA,NA,"0.15",NA,NA,"5.79","1.15","No",NA,"pig","finisher pigs, piglets or a mixture of the two",NA,"slurry","None",NA,NA,"2.36","68.84","2.07",1.14,NA,NA,NA,"7.86",2022-05-02 11:10:49.697,"bsth",30,"t/ha",NA,NA,NA,NA,NA,NA,NA,NA,NA,NA,NA,42,NA,"1650987688.027","1651489849.697","D:1.I:AU.Pr:STABIL26.F:../../data-submitted/03/AU/ALFAM2_template_8.3_Stabil26.xlsx.E:5.F:Foulumgård.P:12 PS.T:PS.R:3.R2:.T:2022-04-26 15:41:28.027","D:1.I:AU.Pr:STABIL26.E:5","","Dela Pierre, Flavia",34.2,NA,1.47,1.86,2.36,3.62,4.97,6.69,7.27,NA,8,8,NA,1.47,1.86,2.36,3.62,4.97,6.69,7.27,NA,8,8,NA,0.0429,0.0543,0.0691,0.106,0.145,0.196,0.212,NA,0.234,0.234,NA,0,0,0,0,0,0,0,NA,0,0,NA,11.1,10.4,8.02,7.73,7.57,8.51,8.21,8.32,8.32,NA,9,9.07,8.98,8.37,8.31,7.98,8.03,8.3,8.3,NA,NA,NA,NA,NA,NA,NA,NA,NA,NA,NA,NA,NA,NA,NA,NA,NA,NA,NA,NA,NA,NA,NA,NA,NA,NA,NA,NA,NA,NA,NA,330,229,114,192,166,359,327,280,280,NA,0,0,0,0,0,0,0,0,0,NA,62.4,65.7,78.2,79.1,76.1,69.8,70.9,71.9,71.9,2690,2760,67,1.73,0.0115,0.395,1.73,25.1,1.73,139,2022-04-26 15:41:28.027,2022-05-02 09:26:52.918,2,"0.1",2,NA,NA,NA,NA,NA,FALSE,"Wind tunnel","wt",NA,"Band spread or trailing hose",NA,"Pig",2022-04-26,"","0-5",205,3400,3404,614
"AU","STABIL26","5","Foulumgård","2 PS","1",2022-04-26 14:21:30.354,3,"../../data-submitted/03/AU/ALFAM2_template_8.3_Stabil26.xlsx","PS","Wind tunnel",NA,NA,"D:1.I:AU.Pr:STABIL26.F:../../data-submitted/03/AU/ALFAM2_template_8.3_Stabil26.xlsx.E:5.F:Foulumgård.P:2 PS.T:PS.R:1.R2:.T:2022-04-26 14:21:30.354.M:Wind tunnelNA",NA,0.2,56.5,9.56,"DK","flat",9,24,65,NA,NA,"0.15",NA,NA,"5.79","1.15","No",NA,"pig","finisher pigs, piglets or a mixture of the two",NA,"slurry","None",NA,NA,"2.36","68.84","2.07",1.14,NA,NA,NA,"7.86",2022-05-02 09:50:52.454,"bsth",30,"t/ha",NA,NA,NA,NA,NA,NA,NA,NA,NA,NA,NA,43,NA,"1650982890.354","1651485052.454","D:1.I:AU.Pr:STABIL26.F:../../data-submitted/03/AU/ALFAM2_template_8.3_Stabil26.xlsx.E:5.F:Foulumgård.P:2 PS.T:PS.R:1.R2:.T:2022-04-26 14:21:30.354","D:1.I:AU.Pr:STABIL26.E:5","","Dela Pierre, Flavia",34.2,NA,1.11,1.49,1.89,2.68,3.65,5.02,5.4,NA,5.87,5.87,NA,1.11,1.49,1.89,2.68,3.65,5.02,5.4,NA,5.87,5.87,NA,0.0325,0.0436,0.0553,0.0784,0.107,0.147,0.158,NA,0.172,0.172,NA,0,0,0,0,0,0,0,NA,0,0,NA,11.3,11.1,8.78,7.61,7.58,8.04,7.86,8.1,8.1,NA,8.65,8.83,8.95,8.4,8.35,7.96,8.03,8.3,8.3,NA,NA,NA,NA,NA,NA,NA,NA,NA,NA,NA,NA,NA,NA,NA,NA,NA,NA,NA,NA,NA,NA,NA,NA,NA,NA,NA,NA,NA,NA,NA,528,395,198,210,170,312,296,258,258,NA,0,0,0,0,0,0,0,0,0,NA,62,62.5,74.4,79.9,76,73.6,74.1,73.9,73.9,2760,2820,67,1.73,0.00834,0.285,1.73,25.1,1.73,139,2022-04-26 14:21:30.354,2022-05-02 08:06:55.586,2,"0.1",2,NA,NA,NA,NA,NA,FALSE,"Wind tunnel","wt",NA,"Band spread or trailing hose",NA,"Pig",2022-04-26,"","0-5",205,3401,3405,614
"AU","STABIL26","5","Foulumgård","4 PS-F","2",2022-04-26 14:37:30.559,3,"../../data-submitted/03/AU/ALFAM2_template_8.3_Stabil26.xlsx","PS-F","Wind tunnel",NA,NA,"D:1.I:AU.Pr:STABIL26.F:../../data-submitted/03/AU/ALFAM2_template_8.3_Stabil26.xlsx.E:5.F:Foulumgård.P:4 PS-F.T:PS-F.R:2.R2:.T:2022-04-26 14:37:30.559.M:Wind tunnelNA",NA,0.2,56.5,9.56,"DK","flat",9,24,65,NA,NA,"0.15",NA,NA,"5.79","1.15","No",NA,"pig","finisher pigs, piglets or a mixture of the two",NA,"solid","Mechanical separation",NA,NA,"21.84","92.58","2.89",1.28,NA,NA,NA,"8.18",2022-05-02 10:06:51.721,"bsth",10,"t/ha",NA,NA,NA,NA,NA,NA,NA,NA,NA,NA,NA,44,NA,"1650983850.559","1651486011.721","D:1.I:AU.Pr:STABIL26.F:../../data-submitted/03/AU/ALFAM2_template_8.3_Stabil26.xlsx.E:5.F:Foulumgård.P:4 PS-F.T:PS-F.R:2.R2:.T:2022-04-26 14:37:30.559","D:1.I:AU.Pr:STABIL26.E:5","","Dela Pierre, Flavia",12.8,NA,1.51,1.71,1.85,2.13,2.28,2.51,2.61,NA,2.72,2.72,NA,1.51,1.71,1.85,2.13,2.28,2.51,2.61,NA,2.72,2.72,NA,0.118,0.133,0.145,0.166,0.178,0.196,0.204,NA,0.213,0.213,NA,0,0,0,0,0,0,0,NA,0,0,NA,11.2,11,8.63,7.6,7.53,8.01,7.82,8.09,8.09,NA,8.8,8.93,8.98,8.41,8.35,7.96,8.03,8.3,8.3,NA,NA,NA,NA,NA,NA,NA,NA,NA,NA,NA,NA,NA,NA,NA,NA,NA,NA,NA,NA,NA,NA,NA,NA,NA,NA,NA,NA,NA,NA,NA,416,321,160,178,157,305,290,252,252,NA,0,0,0,0,0,0,0,0,0,NA,62.1,62.6,74.5,79.4,76.3,73.7,74,73.9,73.9,2820,2890,67,1.73,0.0454,0.581,1.73,25.1,1.73,139,2022-04-26 14:37:30.559,2022-05-02 08:22:54.979,2,"0.1",2,NA,NA,NA,NA,NA,FALSE,"Wind tunnel","wt",NA,"Band spread or trailing hose",NA,"Pig",2022-04-26,"","0-5",205,3402,3406,614
"AU","STABIL26","5","Foulumgård","5 PS-L","1",2022-04-26 14:45:29.846,3,"../../data-submitted/03/AU/ALFAM2_template_8.3_Stabil26.xlsx","PS-L","Wind tunnel",NA,NA,"D:1.I:AU.Pr:STABIL26.F:../../data-submitted/03/AU/ALFAM2_template_8.3_Stabil26.xlsx.E:5.F:Foulumgård.P:5 PS-L.T:PS-L.R:1.R2:.T:2022-04-26 14:45:29.846.M:Wind tunnelNA",NA,0.2,56.5,9.56,"DK","flat",9,24,65,NA,NA,"0.15",NA,NA,"5.79","1.15","No",NA,"pig","finisher pigs, piglets or a mixture of the two",NA,"liquid","Mechanical separation",NA,NA,"3.66","77.13","2.13",1.12,NA,NA,NA,"7.66",2022-05-02 10:14:51.667,"bsth",30,"t/ha",NA,NA,NA,NA,NA,NA,NA,NA,NA,NA,NA,45,NA,"1650984329.846","1651486491.667","D:1.I:AU.Pr:STABIL26.F:../../data-submitted/03/AU/ALFAM2_template_8.3_Stabil26.xlsx.E:5.F:Foulumgård.P:5 PS-L.T:PS-L.R:1.R2:.T:2022-04-26 14:45:29.846","D:1.I:AU.Pr:STABIL26.E:5","","Dela Pierre, Flavia",33.6,NA,0.504,0.622,0.751,1.16,1.68,2.43,2.72,NA,3.06,3.06,NA,0.504,0.622,0.751,1.16,1.68,2.43,2.72,NA,3.06,3.06,NA,0.015,0.0185,0.0223,0.0344,0.0501,0.0724,0.0808,NA,0.0911,0.0911,NA,0,0,0,0,0,0,0,NA,0,0,NA,11.2,11,8.63,7.65,7.65,8.08,7.87,8.14,8.14,NA,8.8,8.93,8.98,8.41,8.35,7.96,8.02,8.29,8.29,NA,NA,NA,NA,NA,NA,NA,NA,NA,NA,NA,NA,NA,NA,NA,NA,NA,NA,NA,NA,NA,NA,NA,NA,NA,NA,NA,NA,NA,NA,NA,416,321,160,180,164,309,294,257,257,NA,0,0,0,0,0,0,0,0,0,NA,62.1,62.6,74.5,79,75.9,73.5,74,73.8,73.8,2890,2960,67,1.73,0.00493,0.166,1.73,25.1,1.73,139,2022-04-26 14:45:29.846,2022-05-02 08:30:54.636,2,"0.1",2,NA,NA,NA,NA,NA,FALSE,"Wind tunnel","wt",NA,"Band spread or trailing hose",NA,"Pig",2022-04-26,"","0-5",205,3403,3407,614
"AU","STABIL26","5","Foulumgård","6 PS","2",2022-04-26 15:01:28.67,3,"../../data-submitted/03/AU/ALFAM2_template_8.3_Stabil26.xlsx","PS","Wind tunnel",NA,NA,"D:1.I:AU.Pr:STABIL26.F:../../data-submitted/03/AU/ALFAM2_template_8.3_Stabil26.xlsx.E:5.F:Foulumgård.P:6 PS.T:PS.R:2.R2:.T:2022-04-26 15:01:28.67.M:Wind tunnelNA",NA,0.2,56.5,9.56,"DK","flat",9,24,65,NA,NA,"0.15",NA,NA,"5.79","1.15","No",NA,"pig","finisher pigs, piglets or a mixture of the two",NA,"slurry","None",NA,NA,"2.36","68.84","2.07",1.14,NA,NA,NA,"7.86",2022-05-02 10:30:51.558,"bsth",30,"t/ha",NA,NA,NA,NA,NA,NA,NA,NA,NA,NA,NA,46,NA,"1650985288.67","1651487451.558","D:1.I:AU.Pr:STABIL26.F:../../data-submitted/03/AU/ALFAM2_template_8.3_Stabil26.xlsx.E:5.F:Foulumgård.P:6 PS.T:PS.R:2.R2:.T:2022-04-26 15:01:28.67","D:1.I:AU.Pr:STABIL26.E:5","","Dela Pierre, Flavia",34.2,NA,1.41,1.82,2.36,3.36,4.63,6.17,6.68,NA,7.33,7.33,NA,1.41,1.82,2.36,3.36,4.63,6.17,6.68,NA,7.33,7.33,NA,0.0411,0.0532,0.0691,0.0984,0.135,0.18,0.195,NA,0.214,0.214,NA,0,0,0,0,0,0,0,NA,0,0,NA,11.1,10.9,8.48,7.75,7.65,8.52,8.23,8.36,8.36,NA,8.9,9,8.98,8.4,8.35,8,8.05,8.3,8.3,NA,NA,NA,NA,NA,NA,NA,NA,NA,NA,NA,NA,NA,NA,NA,NA,NA,NA,NA,NA,NA,NA,NA,NA,NA,NA,NA,NA,NA,NA,NA,364,286,143,180,164,357,329,280,280,NA,0,0,0,0,0,0,0,0,0,NA,62.3,62.7,75.4,79.1,75.9,69.9,71.2,72,72,2960,3020,67,1.73,0.0106,0.363,1.73,25.1,1.73,139,2022-04-26 15:01:28.67,2022-05-02 08:46:54.973,2,"0.1",2,NA,NA,NA,NA,NA,FALSE,"Wind tunnel","wt",NA,"Band spread or trailing hose",NA,"Pig",2022-04-26,"","0-5",205,3404,3408,614
"AU","STABIL26","5","Foulumgård","8 PS-L","2",2022-04-26 15:09:29.602,3,"../../data-submitted/03/AU/ALFAM2_template_8.3_Stabil26.xlsx","PS-L","Wind tunnel",NA,NA,"D:1.I:AU.Pr:STABIL26.F:../../data-submitted/03/AU/ALFAM2_template_8.3_Stabil26.xlsx.E:5.F:Foulumgård.P:8 PS-L.T:PS-L.R:2.R2:.T:2022-04-26 15:09:29.602.M:Wind tunnelNA",NA,0.2,56.5,9.56,"DK","flat",9,24,65,NA,NA,"0.15",NA,NA,"5.79","1.15","No",NA,"pig","finisher pigs, piglets or a mixture of the two",NA,"liquid","Mechanical separation",NA,NA,"3.66","77.13","2.13",1.12,NA,NA,NA,"7.66",2022-05-02 10:38:50.131,"bsth",30,"t/ha",NA,NA,NA,NA,NA,NA,NA,NA,NA,NA,NA,47,NA,"1650985769.602","1651487930.131","D:1.I:AU.Pr:STABIL26.F:../../data-submitted/03/AU/ALFAM2_template_8.3_Stabil26.xlsx.E:5.F:Foulumgård.P:8 PS-L.T:PS-L.R:2.R2:.T:2022-04-26 15:09:29.602","D:1.I:AU.Pr:STABIL26.E:5","","Dela Pierre, Flavia",33.6,NA,0.452,0.546,0.651,1.04,1.61,2.46,2.77,NA,3.21,3.21,NA,0.452,0.546,0.651,1.04,1.61,2.46,2.77,NA,3.21,3.21,NA,0.0134,0.0163,0.0194,0.0309,0.048,0.0731,0.0826,NA,0.0954,0.0954,NA,0,0,0,0,0,0,0,NA,0,0,NA,11.2,10.4,8.22,7.62,7.47,8.44,8.14,8.28,8.28,NA,8.9,9,8.98,8.38,8.33,7.99,8.04,8.3,8.3,NA,NA,NA,NA,NA,NA,NA,NA,NA,NA,NA,NA,NA,NA,NA,NA,NA,NA,NA,NA,NA,NA,NA,NA,NA,NA,NA,NA,NA,NA,NA,364,251,126,171,159,351,323,277,277,NA,0,0,0,0,0,0,0,0,0,NA,62.3,65.6,76.9,79.8,76.8,70.2,71.5,72.4,72.4,3020,3090,67,1.73,0.00418,0.141,1.73,25.1,1.73,139,2022-04-26 15:09:29.602,2022-05-02 08:54:54.656,2,"0.1",2,NA,NA,NA,NA,NA,FALSE,"Wind tunnel","wt",NA,"Band spread or trailing hose",NA,"Pig",2022-04-26,"","0-5",205,3405,3409,614
"AU","STABIL26","5","Foulumgård","9 PS-F","3",2022-04-26 15:17:28.813,3,"../../data-submitted/03/AU/ALFAM2_template_8.3_Stabil26.xlsx","PS-F","Wind tunnel",NA,NA,"D:1.I:AU.Pr:STABIL26.F:../../data-submitted/03/AU/ALFAM2_template_8.3_Stabil26.xlsx.E:5.F:Foulumgård.P:9 PS-F.T:PS-F.R:3.R2:.T:2022-04-26 15:17:28.813.M:Wind tunnelNA",NA,0.2,56.5,9.56,"DK","flat",9,24,65,NA,NA,"0.15",NA,NA,"5.79","1.15","No",NA,"pig","finisher pigs, piglets or a mixture of the two",NA,"solid","Mechanical separation",NA,NA,"21.84","92.58","2.89",1.28,NA,NA,NA,"8.18",2022-05-02 10:46:50.411,"bsth",10,"t/ha",NA,NA,NA,NA,NA,NA,NA,NA,NA,NA,NA,48,NA,"1650986248.813","1651488410.411","D:1.I:AU.Pr:STABIL26.F:../../data-submitted/03/AU/ALFAM2_template_8.3_Stabil26.xlsx.E:5.F:Foulumgård.P:9 PS-F.T:PS-F.R:3.R2:.T:2022-04-26 15:17:28.813","D:1.I:AU.Pr:STABIL26.E:5","","Dela Pierre, Flavia",12.8,NA,1.51,1.69,1.87,2.14,2.3,2.49,2.52,NA,2.51,2.51,NA,1.51,1.69,1.87,2.14,2.3,2.49,2.52,NA,2.51,2.51,NA,0.118,0.132,0.146,0.167,0.179,0.195,0.197,NA,0.196,0.196,NA,0,0,0,0,0,0,0,NA,0,0,NA,11.1,10.4,8.22,7.75,7.52,8.47,8.19,8.34,8.34,NA,8.9,9,8.98,8.38,8.34,7.99,8.04,8.3,8.3,NA,NA,NA,NA,NA,NA,NA,NA,NA,NA,NA,NA,NA,NA,NA,NA,NA,NA,NA,NA,NA,NA,NA,NA,NA,NA,NA,NA,NA,NA,NA,364,251,126,185,155,349,324,278,278,NA,0,0,0,0,0,0,0,0,0,NA,62.3,65.6,76.9,79.1,76.3,69.9,71,71.9,71.9,3090,3160,67,1.73,0.0465,0.595,1.73,25.1,1.73,139,2022-04-26 15:17:28.813,2022-05-02 09:02:54.475,2,"0.1",2,NA,NA,NA,NA,NA,FALSE,"Wind tunnel","wt",NA,"Band spread or trailing hose",NA,"Pig",2022-04-26,"","0-5",205,3406,3410,614
"AU","STABIL26","6","Foulumgård","10 PS-L","2",2022-10-19 13:51:04.724,3,"../../data-submitted/03/AU/ALFAM2_template_8.3_Stabil26.xlsx","PS-L","Wind tunnel",NA,NA,"D:1.I:AU.Pr:STABIL26.F:../../data-submitted/03/AU/ALFAM2_template_8.3_Stabil26.xlsx.E:6.F:Foulumgård.P:10 PS-L.T:PS-L.R:2.R2:.T:2022-10-19 13:51:04.724.M:Wind tunnelNA",NA,0.2,56.5,9.56,"DK","flat",9,24,65,NA,NA,"0.21",NA,NA,"6.53","1.1","No",NA,"pig","finisher pigs, piglets or a mixture of the two",NA,"liquid","Mechanical separation",NA,NA,"2.06","59.81","1.51",0.59,NA,NA,NA,"7.88",2022-10-25 05:46:49.637,"bsth",30,"t/ha",NA,NA,NA,NA,NA,NA,NA,NA,NA,NA,NA,49,NA,"1666187464.724","1666676809.637","D:1.I:AU.Pr:STABIL26.F:../../data-submitted/03/AU/ALFAM2_template_8.3_Stabil26.xlsx.E:6.F:Foulumgård.P:10 PS-L.T:PS-L.R:2.R2:.T:2022-10-19 13:51:04.724","D:1.I:AU.Pr:STABIL26.E:6","","Dela Pierre, Flavia",17.7,NA,-0.0877,-0.0685,-0.0271,0.115,0.327,0.473,0.543,NA,0.492,0.492,NA,-0.0877,-0.0685,-0.0271,0.115,0.327,0.473,0.543,NA,0.492,0.492,NA,-0.00496,-0.00387,-0.00153,0.0065,0.0185,0.0267,0.0307,NA,0.0278,0.0278,NA,0,0,0,0,0,0,0,NA,0,0,NA,12.3,11.2,7.77,6.27,7.56,8.5,9.32,10.2,10.2,NA,10.4,10.5,10.4,9.81,9.6,9.79,10.1,10.5,10.5,NA,NA,NA,NA,NA,NA,NA,NA,NA,NA,NA,0.2,0.2,0.2,0.2,0.2,0.2,0.2,0.2,0.2,NA,0.2,0.2,0.2,0.2,0.2,0.2,0.2,0.2,0.2,NA,242,162,69.3,98.9,70.4,54,55.3,47.6,47.6,NA,0,0,0,0,0,0,0,0,0,NA,55.3,60.8,78.1,84.3,87.1,89.4,90.6,91.3,91.3,3160,3240,85,1.6,-0.00458,-0.0811,1.6,1.6,1.6,136,2022-10-19 13:51:04.724,2022-10-25 04:10:51.941,2,"0.1",2,NA,NA,NA,NA,NA,FALSE,"Wind tunnel","wt",NA,"Band spread or trailing hose",NA,"Pig",2022-10-19,"","0-5",205,3407,3411,615
"AU","STABIL26","6","Foulumgård","12 PS-F","2",2022-10-19 14:07:04.631,3,"../../data-submitted/03/AU/ALFAM2_template_8.3_Stabil26.xlsx","PS-F","Wind tunnel",NA,NA,"D:1.I:AU.Pr:STABIL26.F:../../data-submitted/03/AU/ALFAM2_template_8.3_Stabil26.xlsx.E:6.F:Foulumgård.P:12 PS-F.T:PS-F.R:2.R2:.T:2022-10-19 14:07:04.631.M:Wind tunnelNA",NA,0.2,56.5,9.56,"DK","flat",9,24,65,NA,NA,"0.21",NA,NA,"6.53","1.1","No",NA,"pig","finisher pigs, piglets or a mixture of the two",NA,"solid","Mechanical separation",NA,NA,"28.92","92.04","5.81",3.46,NA,NA,NA,"8.84",2022-10-25 06:02:48.895,"bsth",10,"t/ha",NA,NA,NA,NA,NA,NA,NA,NA,NA,NA,NA,50,NA,"1666188424.631","1666677768.895","D:1.I:AU.Pr:STABIL26.F:../../data-submitted/03/AU/ALFAM2_template_8.3_Stabil26.xlsx.E:6.F:Foulumgård.P:12 PS-F.T:PS-F.R:2.R2:.T:2022-10-19 14:07:04.631","D:1.I:AU.Pr:STABIL26.E:6","","Dela Pierre, Flavia",34.6,NA,5.94,6.61,7.53,8.75,9.92,10.8,11.8,NA,13,13,NA,5.94,6.61,7.53,8.75,9.92,10.8,11.8,NA,13,13,NA,0.172,0.191,0.218,0.253,0.287,0.314,0.34,NA,0.374,0.374,NA,0,0,0,0,0,0,0,NA,0,0,NA,11.9,10.9,7.47,6.13,7.46,8.43,9.27,10.1,10.1,NA,10.5,10.6,10.4,9.79,9.59,9.78,10.1,10.5,10.5,NA,NA,NA,NA,NA,NA,NA,NA,NA,NA,NA,0.2,0.2,0.2,0.2,0.2,0.2,0.2,0.2,0.2,NA,0.2,0.2,0.2,0.2,0.2,0.2,0.2,0.2,0.2,NA,182,122,52.3,89.7,61.7,48.5,51.6,44.3,44.3,NA,0,0,0,0,0,0,0,0,0,NA,57,61.9,78.9,84.6,87.5,89.7,90.8,91.4,91.4,3240,3330,85,1.6,0.0701,2.42,1.6,1.6,1.6,136,2022-10-19 14:07:04.631,2022-10-25 04:26:51.965,2,"0.1",2,NA,NA,NA,NA,NA,FALSE,"Wind tunnel","wt",NA,"Band spread or trailing hose",NA,"Pig",2022-10-19,"","0-5",205,3408,3412,615
"AU","STABIL26","6","Foulumgård","15 PS-L","3",2022-10-19 14:15:04.564,3,"../../data-submitted/03/AU/ALFAM2_template_8.3_Stabil26.xlsx","PS-L","Wind tunnel",NA,NA,"D:1.I:AU.Pr:STABIL26.F:../../data-submitted/03/AU/ALFAM2_template_8.3_Stabil26.xlsx.E:6.F:Foulumgård.P:15 PS-L.T:PS-L.R:3.R2:.T:2022-10-19 14:15:04.564.M:Wind tunnelNA",NA,0.2,56.5,9.56,"DK","flat",9,24,65,NA,NA,"0.21",NA,NA,"6.53","1.1","No",NA,"pig","finisher pigs, piglets or a mixture of the two",NA,"liquid","Mechanical separation",NA,NA,"2.06","59.81","1.51",0.59,NA,NA,NA,"7.88",2022-10-25 06:10:48.715,"bsth",30,"t/ha",NA,NA,NA,NA,NA,NA,NA,NA,NA,NA,NA,51,NA,"1666188904.564","1666678248.715","D:1.I:AU.Pr:STABIL26.F:../../data-submitted/03/AU/ALFAM2_template_8.3_Stabil26.xlsx.E:6.F:Foulumgård.P:15 PS-L.T:PS-L.R:3.R2:.T:2022-10-19 14:15:04.564","D:1.I:AU.Pr:STABIL26.E:6","","Dela Pierre, Flavia",17.7,NA,0.00679,0.0292,0.0697,0.222,0.331,0.321,0.225,NA,0.0374,0.0374,NA,0.00679,0.0292,0.0697,0.222,0.331,0.321,0.225,NA,0.0374,0.0374,NA,0.000383,0.00165,0.00394,0.0125,0.0187,0.0181,0.0127,NA,0.00211,0.00211,NA,0,0,0,0,0,0,0,NA,0,0,NA,11.8,10.9,7.47,6.13,7.47,8.44,9.28,10.2,10.2,NA,10.5,10.6,10.4,9.79,9.59,9.79,10.1,10.5,10.5,NA,NA,NA,NA,NA,NA,NA,NA,NA,NA,NA,0.2,0.2,0.2,0.2,0.2,0.2,0.2,0.2,0.2,NA,0.2,0.2,0.2,0.2,0.2,0.2,0.2,0.2,0.2,NA,182,122,52.3,89.7,61.1,47.1,48.6,42.8,42.8,NA,0,0,0,0,0,0,0,0,0,NA,57,61.9,78.9,84.6,87.5,89.7,90.7,91.4,91.4,3330,3410,85,1.6,-0.00227,-0.0403,1.6,1.6,1.6,136,2022-10-19 14:15:04.564,2022-10-25 04:34:51.007,2,"0.1",2,NA,NA,NA,NA,NA,FALSE,"Wind tunnel","wt",NA,"Band spread or trailing hose",NA,"Pig",2022-10-19,"","0-5",205,3409,3413,615
"AU","STABIL26","6","Foulumgård","16 PS-F","3",2022-10-19 14:23:03.482,3,"../../data-submitted/03/AU/ALFAM2_template_8.3_Stabil26.xlsx","PS-F","Wind tunnel",NA,NA,"D:1.I:AU.Pr:STABIL26.F:../../data-submitted/03/AU/ALFAM2_template_8.3_Stabil26.xlsx.E:6.F:Foulumgård.P:16 PS-F.T:PS-F.R:3.R2:.T:2022-10-19 14:23:03.482.M:Wind tunnelNA",NA,0.2,56.5,9.56,"DK","flat",9,24,65,NA,NA,"0.21",NA,NA,"6.53","1.1","No",NA,"pig","finisher pigs, piglets or a mixture of the two",NA,"solid","Mechanical separation",NA,NA,"28.92","92.04","5.81",3.46,NA,NA,NA,"8.84",2022-10-25 06:18:47.719,"bsth",10,"t/ha",NA,NA,NA,NA,NA,NA,NA,NA,NA,NA,NA,52,NA,"1666189383.482","1666678727.719","D:1.I:AU.Pr:STABIL26.F:../../data-submitted/03/AU/ALFAM2_template_8.3_Stabil26.xlsx.E:6.F:Foulumgård.P:16 PS-F.T:PS-F.R:3.R2:.T:2022-10-19 14:23:03.482","D:1.I:AU.Pr:STABIL26.E:6","","Dela Pierre, Flavia",34.6,NA,6.2,6.88,7.9,9.26,10.7,12,13.4,NA,15.2,15.2,NA,6.2,6.88,7.9,9.26,10.7,12,13.4,NA,15.2,15.2,NA,0.179,0.199,0.228,0.268,0.31,0.348,0.388,NA,0.439,0.439,NA,0,0,0,0,0,0,0,NA,0,0,NA,11.9,10.2,7.14,6.14,7.48,8.46,9.29,10.2,10.2,NA,10.5,10.6,10.4,9.77,9.58,9.78,10.1,10.5,10.5,NA,NA,NA,NA,NA,NA,NA,NA,NA,NA,NA,0.2,0.2,0.2,0.2,0.2,0.2,0.2,0.2,0.2,NA,0.2,0.2,0.2,0.2,0.2,0.2,0.2,0.2,0.2,NA,182,122,52.1,98.1,66.4,51.2,53.4,46.6,46.6,NA,0,0,0,0,0,0,0,0,0,NA,57,66.2,80.7,85.1,87.8,89.9,90.9,91.5,91.5,3410,3500,85,1.6,0.0767,2.66,1.6,1.6,1.6,136,2022-10-19 14:23:03.482,2022-10-25 04:42:51.832,2,"0.1",2,NA,NA,NA,NA,NA,FALSE,"Wind tunnel","wt",NA,"Band spread or trailing hose",NA,"Pig",2022-10-19,"","0-5",205,3410,3414,615
"AU","STABIL26","6","Foulumgård","18 PS","3",2022-10-19 14:39:03.781,3,"../../data-submitted/03/AU/ALFAM2_template_8.3_Stabil26.xlsx","PS","Wind tunnel",NA,NA,"D:1.I:AU.Pr:STABIL26.F:../../data-submitted/03/AU/ALFAM2_template_8.3_Stabil26.xlsx.E:6.F:Foulumgård.P:18 PS.T:PS.R:3.R2:.T:2022-10-19 14:39:03.781.M:Wind tunnelNA",NA,0.2,56.5,9.56,"DK","flat",9,24,65,NA,NA,"0.21",NA,NA,"6.53","1.1","No",NA,"pig","finisher pigs, piglets or a mixture of the two",NA,"slurry","None",NA,NA,"6.24","79.24","2.02",0.87,NA,NA,NA,"7.08",2022-10-25 06:34:47.49,"bsth",30,"t/ha",NA,NA,NA,NA,NA,NA,NA,NA,NA,NA,NA,53,NA,"1666190343.781","1666679687.49","D:1.I:AU.Pr:STABIL26.F:../../data-submitted/03/AU/ALFAM2_template_8.3_Stabil26.xlsx.E:6.F:Foulumgård.P:18 PS.T:PS.R:3.R2:.T:2022-10-19 14:39:03.781","D:1.I:AU.Pr:STABIL26.E:6","","Dela Pierre, Flavia",26.1,NA,1.2,1.6,2.44,3.8,5.59,7.12,8.82,NA,11.2,11.2,NA,1.2,1.6,2.44,3.8,5.59,7.12,8.82,NA,11.2,11.2,NA,0.0459,0.0614,0.0935,0.145,0.214,0.273,0.338,NA,0.429,0.429,NA,0,0,0,0,0,0,0,NA,0,0,NA,11.7,10.1,7.04,6.08,7.44,8.43,9.27,10.2,10.2,NA,10.5,10.6,10.4,9.76,9.58,9.78,10.1,10.5,10.5,NA,NA,NA,NA,NA,NA,NA,NA,NA,NA,NA,0.2,0.2,0.2,0.2,0.2,0.2,0.2,0.2,0.2,NA,0.2,0.2,0.2,0.2,0.2,0.2,0.2,0.2,0.2,NA,126,83.8,35.9,91.7,61.9,48,51,43.9,43.9,NA,0,0,0,0,0,0,0,0,0,NA,57.7,66.7,80.9,85.2,87.9,90,91,91.6,91.6,3500,3580,85,1.6,0.0098,0.256,1.6,1.6,1.6,136,2022-10-19 14:39:03.781,2022-10-25 04:58:50.822,2,"0.1",2,NA,NA,NA,NA,NA,FALSE,"Wind tunnel","wt",NA,"Band spread or trailing hose",NA,"Pig",2022-10-19,"","0-5",205,3411,3415,615
"AU","STABIL26","6","Foulumgård","3 PS-L","1",2022-10-19 13:11:06.94,3,"../../data-submitted/03/AU/ALFAM2_template_8.3_Stabil26.xlsx","PS-L","Wind tunnel",NA,NA,"D:1.I:AU.Pr:STABIL26.F:../../data-submitted/03/AU/ALFAM2_template_8.3_Stabil26.xlsx.E:6.F:Foulumgård.P:3 PS-L.T:PS-L.R:1.R2:.T:2022-10-19 13:11:06.94.M:Wind tunnelNA",NA,0.2,56.5,9.56,"DK","flat",9,24,65,NA,NA,"0.21",NA,NA,"6.53","1.1","No",NA,"pig","finisher pigs, piglets or a mixture of the two",NA,"liquid","Mechanical separation",NA,NA,"2.06","59.81","1.51",0.59,NA,NA,NA,"7.88",2022-10-25 05:06:49.386,"bsth",30,"t/ha",NA,NA,NA,NA,NA,NA,NA,NA,NA,NA,NA,54,NA,"1666185066.94","1666674409.386","D:1.I:AU.Pr:STABIL26.F:../../data-submitted/03/AU/ALFAM2_template_8.3_Stabil26.xlsx.E:6.F:Foulumgård.P:3 PS-L.T:PS-L.R:1.R2:.T:2022-10-19 13:11:06.94","D:1.I:AU.Pr:STABIL26.E:6","","Dela Pierre, Flavia",17.7,NA,-0.0668,-0.0463,-0.0346,0.0434,0.145,0.0641,-0.101,NA,-0.477,-0.477,NA,-0.0668,-0.0463,-0.0346,0.0434,0.145,0.0641,-0.101,NA,-0.477,-0.477,NA,-0.00377,-0.00262,-0.00196,0.00245,0.00819,0.00362,-0.00568,NA,-0.027,-0.027,NA,0,0,0,0,0,0,0,NA,0,0,NA,12.2,11.9,8.27,6.24,7.55,8.47,9.28,10.2,10.2,NA,10.4,10.4,10.4,9.83,9.59,9.78,10.1,10.5,10.5,NA,NA,NA,NA,NA,NA,NA,NA,NA,NA,NA,0.2,0.2,0.2,0.2,0.2,0.2,0.2,0.2,0.2,NA,0.2,0.2,0.2,0.2,0.2,0.2,0.2,0.2,0.2,NA,282,210,89.9,98.8,73.4,56.3,55.5,50.4,50.4,NA,0,0,0,0,0,0,0,0,0,NA,55.2,56.6,75.6,83.6,86.4,89,90.3,91.1,91.1,3580,3670,85,1.6,-0.00431,-0.0763,1.6,1.6,1.6,136,2022-10-19 13:11:06.94,2022-10-25 03:30:53.99,2,"0.1",2,NA,NA,NA,NA,NA,FALSE,"Wind tunnel","wt",NA,"Band spread or trailing hose",NA,"Pig",2022-10-19,"","0-5",205,3412,3416,615
"AU","STABIL26","6","Foulumgård","4 PS","1",2022-10-19 13:19:06.797,3,"../../data-submitted/03/AU/ALFAM2_template_8.3_Stabil26.xlsx","PS","Wind tunnel",NA,NA,"D:1.I:AU.Pr:STABIL26.F:../../data-submitted/03/AU/ALFAM2_template_8.3_Stabil26.xlsx.E:6.F:Foulumgård.P:4 PS.T:PS.R:1.R2:.T:2022-10-19 13:19:06.797.M:Wind tunnelNA",NA,0.2,56.5,9.56,"DK","flat",9,24,65,NA,NA,"0.21",NA,NA,"6.53","1.1","No",NA,"pig","finisher pigs, piglets or a mixture of the two",NA,"slurry","None",NA,NA,"6.24","79.24","2.02",0.87,NA,NA,NA,"7.08",2022-10-25 05:14:50.215,"bsth",30,"t/ha",NA,NA,NA,NA,NA,NA,NA,NA,NA,NA,NA,55,NA,"1666185546.797","1666674890.215","D:1.I:AU.Pr:STABIL26.F:../../data-submitted/03/AU/ALFAM2_template_8.3_Stabil26.xlsx.E:6.F:Foulumgård.P:4 PS.T:PS.R:1.R2:.T:2022-10-19 13:19:06.797","D:1.I:AU.Pr:STABIL26.E:6","","Dela Pierre, Flavia",26.1,NA,1.3,1.87,2.91,4.18,5.96,6.63,6.97,NA,7.28,7.28,NA,1.3,1.87,2.91,4.18,5.96,6.63,6.97,NA,7.28,7.28,NA,0.0498,0.0716,0.111,0.16,0.228,0.254,0.267,NA,0.279,0.279,NA,0,0,0,0,0,0,0,NA,0,0,NA,12.2,11.2,7.96,6.27,7.54,8.46,9.28,10.2,10.2,NA,10.4,10.5,10.4,9.83,9.59,9.78,10.1,10.5,10.5,NA,NA,NA,NA,NA,NA,NA,NA,NA,NA,NA,0.2,0.2,0.2,0.2,0.2,0.2,0.2,0.2,0.2,NA,0.2,0.2,0.2,0.2,0.2,0.2,0.2,0.2,0.2,NA,282,188,80.6,103,74.3,57,56,50.8,50.8,NA,0,0,0,0,0,0,0,0,0,NA,55.2,60.7,77.3,84.5,87,89.3,90.5,91.3,91.3,3670,3750,85,1.6,0.00651,0.17,1.6,1.6,1.6,136,2022-10-19 13:19:06.797,2022-10-25 03:38:53.167,2,"0.1",2,NA,NA,NA,NA,NA,FALSE,"Wind tunnel","wt",NA,"Band spread or trailing hose",NA,"Pig",2022-10-19,"","0-5",205,3413,3417,615
"AU","STABIL26","6","Foulumgård","6 PS-F","1",2022-10-19 13:35:05.559,3,"../../data-submitted/03/AU/ALFAM2_template_8.3_Stabil26.xlsx","PS-F","Wind tunnel",NA,NA,"D:1.I:AU.Pr:STABIL26.F:../../data-submitted/03/AU/ALFAM2_template_8.3_Stabil26.xlsx.E:6.F:Foulumgård.P:6 PS-F.T:PS-F.R:1.R2:.T:2022-10-19 13:35:05.559.M:Wind tunnelNA",NA,0.2,56.5,9.56,"DK","flat",9,24,65,NA,NA,"0.21",NA,NA,"6.53","1.1","No",NA,"pig","finisher pigs, piglets or a mixture of the two",NA,"solid","Mechanical separation",NA,NA,"28.92","92.04","5.81",3.46,NA,NA,NA,"8.84",2022-10-25 05:30:50.418,"bsth",10,"t/ha",NA,NA,NA,NA,NA,NA,NA,NA,NA,NA,NA,56,NA,"1666186505.559","1666675850.418","D:1.I:AU.Pr:STABIL26.F:../../data-submitted/03/AU/ALFAM2_template_8.3_Stabil26.xlsx.E:6.F:Foulumgård.P:6 PS-F.T:PS-F.R:1.R2:.T:2022-10-19 13:35:05.559","D:1.I:AU.Pr:STABIL26.E:6","","Dela Pierre, Flavia",34.6,NA,5.85,6.6,7.57,8.71,9.98,10.8,11.6,NA,12.6,12.6,NA,5.85,6.6,7.57,8.71,9.98,10.8,11.6,NA,12.6,12.6,NA,0.169,0.191,0.219,0.252,0.288,0.312,0.336,NA,0.364,0.364,NA,0,0,0,0,0,0,0,NA,0,0,NA,12.2,11.2,7.9,6.21,7.51,8.45,9.28,10.2,10.2,NA,10.5,10.5,10.4,9.82,9.6,9.79,10.1,10.5,10.5,NA,NA,NA,NA,NA,NA,NA,NA,NA,NA,NA,0.2,0.2,0.2,0.2,0.2,0.2,0.2,0.2,0.2,NA,0.2,0.2,0.2,0.2,0.2,0.2,0.2,0.2,0.2,NA,242,162,69.3,98,69.4,53.5,53.7,46.6,46.6,NA,0,0,0,0,0,0,0,0,0,NA,55.4,60.8,77.3,84.5,87.2,89.5,90.6,91.3,91.3,3750,3840,85,1.6,0.0666,2.3,1.6,1.6,1.6,136,2022-10-19 13:35:05.559,2022-10-25 03:54:53.39,2,"0.1",2,NA,NA,NA,NA,NA,FALSE,"Wind tunnel","wt",NA,"Band spread or trailing hose",NA,"Pig",2022-10-19,"","0-5",205,3414,3418,615
"AU","STABIL26","6","Foulumgård","9 PS","2",2022-10-19 13:43:05.17,3,"../../data-submitted/03/AU/ALFAM2_template_8.3_Stabil26.xlsx","PS","Wind tunnel",NA,NA,"D:1.I:AU.Pr:STABIL26.F:../../data-submitted/03/AU/ALFAM2_template_8.3_Stabil26.xlsx.E:6.F:Foulumgård.P:9 PS.T:PS.R:2.R2:.T:2022-10-19 13:43:05.17.M:Wind tunnelNA",NA,0.2,56.5,9.56,"DK","flat",9,24,65,NA,NA,"0.21",NA,NA,"6.53","1.1","No",NA,"pig","finisher pigs, piglets or a mixture of the two",NA,"slurry","None",NA,NA,"6.24","79.24","2.02",0.87,NA,NA,NA,"7.08",2022-10-25 05:38:49.582,"bsth",30,"t/ha",NA,NA,NA,NA,NA,NA,NA,NA,NA,NA,NA,57,NA,"1666186985.17","1666676329.582","D:1.I:AU.Pr:STABIL26.F:../../data-submitted/03/AU/ALFAM2_template_8.3_Stabil26.xlsx.E:6.F:Foulumgård.P:9 PS.T:PS.R:2.R2:.T:2022-10-19 13:43:05.17","D:1.I:AU.Pr:STABIL26.E:6","","Dela Pierre, Flavia",26.1,NA,1.3,1.88,2.95,4.24,6.11,7.16,7.87,NA,8.61,8.61,NA,1.3,1.88,2.95,4.24,6.11,7.16,7.87,NA,8.61,8.61,NA,0.0497,0.072,0.113,0.162,0.234,0.274,0.302,NA,0.33,0.33,NA,0,0,0,0,0,0,0,NA,0,0,NA,12.3,11.2,7.77,6.27,7.55,8.48,9.3,10.2,10.2,NA,10.4,10.5,10.4,9.81,9.59,9.78,10.1,10.5,10.5,NA,NA,NA,NA,NA,NA,NA,NA,NA,NA,NA,0.2,0.2,0.2,0.2,0.2,0.2,0.2,0.2,0.2,NA,0.2,0.2,0.2,0.2,0.2,0.2,0.2,0.2,0.2,NA,242,162,69.3,98.9,69.9,53.8,53.9,46.7,46.7,NA,0,0,0,0,0,0,0,0,0,NA,55.3,60.8,78.1,84.3,87.1,89.4,90.6,91.3,91.3,3840,3920,85,1.6,0.00713,0.186,1.6,1.6,1.6,136,2022-10-19 13:43:05.17,2022-10-25 04:02:52.706,2,"0.1",2,NA,NA,NA,NA,NA,FALSE,"Wind tunnel","wt",NA,"Band spread or trailing hose",NA,"Pig",2022-10-19,"","0-5",205,3415,3419,615
"AU","STABIL26","7","Foulumgård","1 AD-FB","1",2022-09-28 12:56:39.602,3,"../../data-submitted/03/AU/ALFAM2_template_8.3_Stabil26.xlsx","AD-FB","Wind tunnel",NA,NA,"D:1.I:AU.Pr:STABIL26.F:../../data-submitted/03/AU/ALFAM2_template_8.3_Stabil26.xlsx.E:7.F:Foulumgård.P:1 AD-FB.T:AD-FB.R:1.R2:.T:2022-09-28 12:56:39.602.M:Wind tunnelNA",NA,0.2,56.5,9.56,"DK","flat",9,24,65,NA,NA,"0.2",NA,NA,"5.7","1.13","No",NA,"mix","mixture of manure, deep litter, meadow grass, grass, grass silage, straw, cereal, and corn silage",NA,"solid","Anaerobic digestion","Mechanical separation",NA,"39.67","73.68","9.28",1.36,NA,NA,NA,"8.21",2022-10-04 09:16:20.897,"bsth",10,"t/ha",NA,NA,NA,NA,NA,NA,NA,NA,NA,NA,NA,58,"Biochar addition","1664369799.602","1664874980.897","D:1.I:AU.Pr:STABIL26.F:../../data-submitted/03/AU/ALFAM2_template_8.3_Stabil26.xlsx.E:7.F:Foulumgård.P:1 AD-FB.T:AD-FB.R:1.R2:.T:2022-09-28 12:56:39.602","D:1.I:AU.Pr:STABIL26.E:7","","Dela Pierre, Flavia",13.6,NA,0.0931,0.13,0.189,0.313,0.47,0.603,0.686,NA,0.83,0.83,NA,0.0931,0.13,0.189,0.313,0.47,0.603,0.686,NA,0.83,0.83,NA,0.00685,0.00953,0.0139,0.023,0.0345,0.0444,0.0504,NA,0.0611,0.0611,NA,0,0,0,0,0,0,0,NA,0,0,NA,11.6,11.5,10.8,10.4,10.1,10.4,10.5,10.8,10.8,NA,12.4,12.5,12.5,12.4,12.2,12.1,12,12,12,NA,NA,NA,NA,NA,NA,NA,NA,NA,NA,NA,NA,NA,NA,NA,NA,NA,NA,NA,NA,NA,NA,NA,NA,NA,NA,NA,NA,NA,NA,NA,162,131,65.8,42.7,45.6,48.4,60.1,73.4,73.4,NA,0,0,0,0,0,0,0,0,0,NA,86,86.7,89.8,90.7,91.4,90.2,90.7,89.8,89.8,3920,4000,81,1.73,0.00168,0.0228,1.73,1.73,1.73,140,2022-09-28 12:56:39.602,2022-10-04 07:32:24.208,2,"0.1",2,NA,NA,NA,NA,NA,FALSE,"Wind tunnel","wt",NA,"Band spread or trailing hose",NA,"Mix",2022-09-28,"","0-5",205,3416,3420,616
"AU","STABIL26","7","Foulumgård","10 AD-F","3",2022-09-28 14:08:37.19,3,"../../data-submitted/03/AU/ALFAM2_template_8.3_Stabil26.xlsx","AD-F","Wind tunnel",NA,NA,"D:1.I:AU.Pr:STABIL26.F:../../data-submitted/03/AU/ALFAM2_template_8.3_Stabil26.xlsx.E:7.F:Foulumgård.P:10 AD-F.T:AD-F.R:3.R2:.T:2022-09-28 14:08:37.19.M:Wind tunnelNA",NA,0.2,56.5,9.56,"DK","flat",9,24,65,NA,NA,"0.2",NA,NA,"5.7","1.13","No",NA,"mix","mixture of manure, deep litter, meadow grass, grass, grass silage, straw, cereal, and corn silage",NA,"solid","Anaerobic digestion","Mechanical separation",NA,"45.37","88.21","9.2",1.57,NA,NA,NA,"6.88",2022-10-04 10:28:18.474,"bsth",10,"t/ha",NA,NA,NA,NA,NA,NA,NA,NA,NA,NA,NA,59,"None","1664374117.19","1664879298.474","D:1.I:AU.Pr:STABIL26.F:../../data-submitted/03/AU/ALFAM2_template_8.3_Stabil26.xlsx.E:7.F:Foulumgård.P:10 AD-F.T:AD-F.R:3.R2:.T:2022-09-28 14:08:37.19","D:1.I:AU.Pr:STABIL26.E:7","","Dela Pierre, Flavia",15.7,NA,0.0563,0.0725,0.105,0.201,0.338,0.481,0.603,NA,0.788,0.788,NA,0.0563,0.0725,0.105,0.201,0.338,0.481,0.603,NA,0.788,0.788,NA,0.00359,0.00462,0.00669,0.0128,0.0215,0.0307,0.0384,NA,0.0502,0.0502,NA,0,0,0,0,0,0,0,NA,0,0,NA,11.4,11.1,10.6,10.4,10.1,10.4,10.5,10.9,10.9,NA,12.5,12.5,12.6,12.4,12.2,12.1,12,12,12,NA,NA,NA,NA,NA,NA,NA,NA,NA,NA,NA,NA,NA,NA,NA,NA,NA,NA,NA,NA,NA,NA,NA,NA,NA,NA,NA,NA,NA,NA,NA,111,74.5,37.2,36.2,45.2,49.7,63.4,78.6,78.6,NA,0,0,0,0,0,0,0,0,0,NA,87,88.7,90.9,90.6,91.7,90.2,90.6,89.8,89.8,4000,4080,81,1.73,0.00103,0.0162,1.73,1.73,1.73,140,2022-09-28 14:08:37.19,2022-10-04 08:44:21.444,2,"0.1",2,NA,NA,NA,NA,NA,FALSE,"Wind tunnel","wt",NA,"Band spread or trailing hose",NA,"Mix",2022-09-28,"","0-5",205,3417,3421,616
"AU","STABIL26","7","Foulumgård","3 AD-F","1",2022-09-28 13:12:38.934,3,"../../data-submitted/03/AU/ALFAM2_template_8.3_Stabil26.xlsx","AD-F","Wind tunnel",NA,NA,"D:1.I:AU.Pr:STABIL26.F:../../data-submitted/03/AU/ALFAM2_template_8.3_Stabil26.xlsx.E:7.F:Foulumgård.P:3 AD-F.T:AD-F.R:1.R2:.T:2022-09-28 13:12:38.934.M:Wind tunnelNA",NA,0.2,56.5,9.56,"DK","flat",9,24,65,NA,NA,"0.2",NA,NA,"5.7","1.13","No",NA,"mix","mixture of manure, deep litter, meadow grass, grass, grass silage, straw, cereal, and corn silage",NA,"solid","Anaerobic digestion","Mechanical separation",NA,"45.37","88.21","9.2",1.57,NA,NA,NA,"6.88",2022-10-04 09:32:19.371,"bsth",10,"t/ha",NA,NA,NA,NA,NA,NA,NA,NA,NA,NA,NA,60,"None","1664370758.934","1664875939.371","D:1.I:AU.Pr:STABIL26.F:../../data-submitted/03/AU/ALFAM2_template_8.3_Stabil26.xlsx.E:7.F:Foulumgård.P:3 AD-F.T:AD-F.R:1.R2:.T:2022-09-28 13:12:38.934","D:1.I:AU.Pr:STABIL26.E:7","","Dela Pierre, Flavia",15.7,NA,0.0355,0.0514,0.0816,0.133,0.224,0.281,0.339,NA,0.442,0.442,NA,0.0355,0.0514,0.0816,0.133,0.224,0.281,0.339,NA,0.442,0.442,NA,0.00226,0.00327,0.0052,0.00845,0.0143,0.0179,0.0216,NA,0.0282,0.0282,NA,0,0,0,0,0,0,0,NA,0,0,NA,11.6,11.4,10.8,10.4,10.1,10.4,10.5,10.8,10.8,NA,12.4,12.5,12.5,12.4,12.2,12.1,12,12,12,NA,NA,NA,NA,NA,NA,NA,NA,NA,NA,NA,NA,NA,NA,NA,NA,NA,NA,NA,NA,NA,NA,NA,NA,NA,NA,NA,NA,NA,NA,NA,162,113,56.9,40,44.2,46,54.5,69.1,69.1,NA,0,0,0,0,0,0,0,0,0,NA,86,87.2,90,90.7,91.4,90.1,90.5,89.8,89.8,4090,4170,81,1.73,0.000534,0.00839,1.73,1.73,1.73,140,2022-09-28 13:12:38.934,2022-10-04 07:48:22.673,2,"0.1",2,NA,NA,NA,NA,NA,FALSE,"Wind tunnel","wt",NA,"Band spread or trailing hose",NA,"Mix",2022-09-28,"","0-5",205,3418,3422,616
"AU","STABIL26","7","Foulumgård","6 AD-FB","2",2022-09-28 13:36:38.23,3,"../../data-submitted/03/AU/ALFAM2_template_8.3_Stabil26.xlsx","AD-FB","Wind tunnel",NA,NA,"D:1.I:AU.Pr:STABIL26.F:../../data-submitted/03/AU/ALFAM2_template_8.3_Stabil26.xlsx.E:7.F:Foulumgård.P:6 AD-FB.T:AD-FB.R:2.R2:.T:2022-09-28 13:36:38.23.M:Wind tunnelNA",NA,0.2,56.5,9.56,"DK","flat",9,24,65,NA,NA,"0.2",NA,NA,"5.7","1.13","No",NA,"mix","mixture of manure, deep litter, meadow grass, grass, grass silage, straw, cereal, and corn silage",NA,"solid","Anaerobic digestion","Mechanical separation",NA,"39.67","73.68","9.28",1.36,NA,NA,NA,"8.21",2022-10-04 09:56:18.816,"bsth",10,"t/ha",NA,NA,NA,NA,NA,NA,NA,NA,NA,NA,NA,61,"Biochar addition","1664372198.23","1664877378.816","D:1.I:AU.Pr:STABIL26.F:../../data-submitted/03/AU/ALFAM2_template_8.3_Stabil26.xlsx.E:7.F:Foulumgård.P:6 AD-FB.T:AD-FB.R:2.R2:.T:2022-09-28 13:36:38.23","D:1.I:AU.Pr:STABIL26.E:7","","Dela Pierre, Flavia",13.6,NA,0.113,0.155,0.231,0.392,0.571,0.704,0.789,NA,0.936,0.936,NA,0.113,0.155,0.231,0.392,0.571,0.704,0.789,NA,0.936,0.936,NA,0.00829,0.0114,0.017,0.0288,0.042,0.0518,0.058,NA,0.0688,0.0688,NA,0,0,0,0,0,0,0,NA,0,0,NA,11.5,11.3,10.7,10.4,10.1,10.4,10.5,10.9,10.9,NA,12.5,12.5,12.6,12.4,12.2,12.1,12,12,12,NA,NA,NA,NA,NA,NA,NA,NA,NA,NA,NA,NA,NA,NA,NA,NA,NA,NA,NA,NA,NA,NA,NA,NA,NA,NA,NA,NA,NA,NA,NA,133,94.4,47.2,38.4,42.4,43.6,56.2,71,71,NA,0,0,0,0,0,0,0,0,0,NA,86.4,87.4,90.3,90.5,91.1,89.9,90.4,89.5,89.5,4170,4250,81,1.73,0.00193,0.0262,1.73,1.73,1.73,140,2022-09-28 13:36:38.23,2022-10-04 08:12:22.339,2,"0.1",2,NA,NA,NA,NA,NA,FALSE,"Wind tunnel","wt",NA,"Band spread or trailing hose",NA,"Mix",2022-09-28,"","0-5",205,3419,3423,616
"AU","STABIL26","7","Foulumgård","8 AD-F","2",2022-09-28 13:52:37.761,3,"../../data-submitted/03/AU/ALFAM2_template_8.3_Stabil26.xlsx","AD-F","Wind tunnel",NA,NA,"D:1.I:AU.Pr:STABIL26.F:../../data-submitted/03/AU/ALFAM2_template_8.3_Stabil26.xlsx.E:7.F:Foulumgård.P:8 AD-F.T:AD-F.R:2.R2:.T:2022-09-28 13:52:37.761.M:Wind tunnelNA",NA,0.2,56.5,9.56,"DK","flat",9,24,65,NA,NA,"0.2",NA,NA,"5.7","1.13","No",NA,"mix","mixture of manure, deep litter, meadow grass, grass, grass silage, straw, cereal, and corn silage",NA,"solid","Anaerobic digestion","Mechanical separation",NA,"45.37","88.21","9.2",1.57,NA,NA,NA,"6.88",2022-10-04 10:12:18.105,"bsth",10,"t/ha",NA,NA,NA,NA,NA,NA,NA,NA,NA,NA,NA,62,"None","1664373157.761","1664878338.105","D:1.I:AU.Pr:STABIL26.F:../../data-submitted/03/AU/ALFAM2_template_8.3_Stabil26.xlsx.E:7.F:Foulumgård.P:8 AD-F.T:AD-F.R:2.R2:.T:2022-09-28 13:52:37.761","D:1.I:AU.Pr:STABIL26.E:7","","Dela Pierre, Flavia",15.7,NA,0.0406,0.0517,0.0718,0.124,0.211,0.284,0.347,NA,0.451,0.451,NA,0.0406,0.0517,0.0718,0.124,0.211,0.284,0.347,NA,0.451,0.451,NA,0.00258,0.00329,0.00457,0.00787,0.0134,0.0181,0.0221,NA,0.0287,0.0287,NA,0,0,0,0,0,0,0,NA,0,0,NA,11.5,11.3,10.7,10.4,10.1,10.4,10.5,10.9,10.9,NA,12.5,12.5,12.6,12.4,12.2,12.1,12,12,12,NA,NA,NA,NA,NA,NA,NA,NA,NA,NA,NA,NA,NA,NA,NA,NA,NA,NA,NA,NA,NA,NA,NA,NA,NA,NA,NA,NA,NA,NA,NA,111,79.7,39.9,37.1,41.7,46.1,59.3,73.6,73.6,NA,0,0,0,0,0,0,0,0,0,NA,86.9,87.8,90.5,90.4,91.2,90,90.2,89.4,89.4,4250,4330,81,1.73,0.000741,0.0116,1.73,1.73,1.73,140,2022-09-28 13:52:37.761,2022-10-04 08:28:22.321,2,"0.1",2,NA,NA,NA,NA,NA,FALSE,"Wind tunnel","wt",NA,"Band spread or trailing hose",NA,"Mix",2022-09-28,"","0-5",205,3420,3424,616
"AU","STABIL26","7","Foulumgård","9 AD-FB","3",2022-09-28 14:00:37.929,3,"../../data-submitted/03/AU/ALFAM2_template_8.3_Stabil26.xlsx","AD-FB","Wind tunnel",NA,NA,"D:1.I:AU.Pr:STABIL26.F:../../data-submitted/03/AU/ALFAM2_template_8.3_Stabil26.xlsx.E:7.F:Foulumgård.P:9 AD-FB.T:AD-FB.R:3.R2:.T:2022-09-28 14:00:37.929.M:Wind tunnelNA",NA,0.2,56.5,9.56,"DK","flat",9,24,65,NA,NA,"0.2",NA,NA,"5.7","1.13","No",NA,"mix","mixture of manure, deep litter, meadow grass, grass, grass silage, straw, cereal, and corn silage",NA,"solid","Anaerobic digestion","Mechanical separation",NA,"39.67","73.68","9.28",1.36,NA,NA,NA,"8.21",2022-10-04 10:20:18.296,"bsth",10,"t/ha",NA,NA,NA,NA,NA,NA,NA,NA,NA,NA,NA,63,"Biochar addition","1664373637.929","1664878818.296","D:1.I:AU.Pr:STABIL26.F:../../data-submitted/03/AU/ALFAM2_template_8.3_Stabil26.xlsx.E:7.F:Foulumgård.P:9 AD-FB.T:AD-FB.R:3.R2:.T:2022-09-28 14:00:37.929","D:1.I:AU.Pr:STABIL26.E:7","","Dela Pierre, Flavia",13.6,NA,0.138,0.185,0.266,0.452,0.605,0.718,0.791,NA,0.898,0.898,NA,0.138,0.185,0.266,0.452,0.605,0.718,0.791,NA,0.898,0.898,NA,0.0102,0.0136,0.0196,0.0332,0.0445,0.0528,0.0582,NA,0.066,0.066,NA,0,0,0,0,0,0,0,NA,0,0,NA,11.5,11.3,10.7,10.4,10.1,10.4,10.5,10.9,10.9,NA,12.5,12.5,12.5,12.4,12.2,12.1,12,12,12,NA,NA,NA,NA,NA,NA,NA,NA,NA,NA,NA,NA,NA,NA,NA,NA,NA,NA,NA,NA,NA,NA,NA,NA,NA,NA,NA,NA,NA,NA,NA,111,79.7,39.9,37.4,45.7,50.1,63.7,78.8,78.8,NA,0,0,0,0,0,0,0,0,0,NA,86.9,87.8,90.5,90.4,91.5,90.1,90.5,89.7,89.7,4330,4410,81,1.73,0.00233,0.0317,1.73,1.73,1.73,140,2022-09-28 14:00:37.929,2022-10-04 08:36:21.522,2,"0.1",2,NA,NA,NA,NA,NA,FALSE,"Wind tunnel","wt",NA,"Band spread or trailing hose",NA,"Mix",2022-09-28,"","0-5",205,3421,3425,616
"AU","STABIL26","8","Foulumgård","1 AD-LB1","1",2022-09-21 11:52:46.579,3,"../../data-submitted/03/AU/ALFAM2_template_8.3_Stabil26.xlsx","AD-LB1","Wind tunnel",NA,NA,"D:1.I:AU.Pr:STABIL26.F:../../data-submitted/03/AU/ALFAM2_template_8.3_Stabil26.xlsx.E:8.F:Foulumgård.P:1 AD-LB1.T:AD-LB1.R:1.R2:.T:2022-09-21 11:52:46.579.M:Wind tunnelNA",NA,0.2,56.5,9.56,"DK","flat",9,24,65,NA,NA,"0.13",NA,NA,"5.34","1.03","No",NA,"mix","mixture of manure, deep litter, meadow grass, grass, grass silage, straw, cereal, and corn silage",NA,"liquid","Anaerobic digestion","Mechanical separation",NA,"6.82","68.81","2.18",0.79,NA,NA,NA,"8.5",2022-09-27 08:12:27.249,"bsth",30,"t/ha",NA,NA,NA,NA,NA,NA,NA,NA,NA,NA,NA,64,"Biochar addition","1663761166.579","1664266347.249","D:1.I:AU.Pr:STABIL26.F:../../data-submitted/03/AU/ALFAM2_template_8.3_Stabil26.xlsx.E:8.F:Foulumgård.P:1 AD-LB1.T:AD-LB1.R:1.R2:.T:2022-09-21 11:52:46.579","D:1.I:AU.Pr:STABIL26.E:8","","Dela Pierre, Flavia",23.7,NA,5.56,6.98,8.85,10.9,13.1,14.1,14.7,NA,15.4,15.4,NA,5.56,6.98,8.85,10.9,13.1,14.1,14.7,NA,15.4,15.4,NA,0.235,0.294,0.373,0.461,0.552,0.596,0.62,NA,0.651,0.651,NA,0,0,0,0,0,0,0,NA,0,0,NA,15.5,15.2,12.6,10.1,11,11.5,11.3,11.2,11.2,NA,11.6,11.8,12.1,11.8,12.1,12.2,12.3,12.4,12.4,NA,NA,NA,NA,NA,NA,NA,NA,NA,NA,NA,NA,NA,NA,NA,NA,NA,NA,NA,NA,NA,NA,NA,NA,NA,NA,NA,NA,NA,NA,NA,387,323,179,115,118,105,115,93.8,93.8,NA,0,0,0,0,0,0,0,0,0,NA,57,60.3,70.7,82.5,81.4,83.7,83.6,86.1,86.1,4410,4490,81,1.73,0.0526,1.25,1.73,1.73,1.73,140,2022-09-21 11:52:46.579,2022-09-27 06:28:30.65,2,"0.1",2,NA,NA,NA,NA,NA,FALSE,"Wind tunnel","wt",NA,"Band spread or trailing hose",NA,"Mix",2022-09-21,"","0-5",205,3422,3426,617
"AU","STABIL26","8","Foulumgård","10 AD-L","3",2022-09-21 13:04:44.889,3,"../../data-submitted/03/AU/ALFAM2_template_8.3_Stabil26.xlsx","AD-L","Wind tunnel",NA,NA,"D:1.I:AU.Pr:STABIL26.F:../../data-submitted/03/AU/ALFAM2_template_8.3_Stabil26.xlsx.E:8.F:Foulumgård.P:10 AD-L.T:AD-L.R:3.R2:.T:2022-09-21 13:04:44.889.M:Wind tunnelNA",NA,0.2,56.5,9.56,"DK","flat",9,24,65,NA,NA,"0.13",NA,NA,"5.34","1.03","No",NA,"mix","mixture of manure, deep litter, meadow grass, grass, grass silage, straw, cereal, and corn silage",NA,"liquid","Anaerobic digestion","Mechanical separation",NA,"6","69.55","1.77",0.55,NA,NA,NA,"8.08",2022-09-27 09:24:25.795,"bsth",30,"t/ha",NA,NA,NA,NA,NA,NA,NA,NA,NA,NA,NA,65,"None","1663765484.889","1664270665.795","D:1.I:AU.Pr:STABIL26.F:../../data-submitted/03/AU/ALFAM2_template_8.3_Stabil26.xlsx.E:8.F:Foulumgård.P:10 AD-L.T:AD-L.R:3.R2:.T:2022-09-21 13:04:44.889","D:1.I:AU.Pr:STABIL26.E:8","","Dela Pierre, Flavia",16.5,NA,2.28,3.23,4.5,6.27,8.27,9.4,10,NA,10.8,10.8,NA,2.28,3.23,4.5,6.27,8.27,9.4,10,NA,10.8,10.8,NA,0.138,0.195,0.273,0.38,0.501,0.57,0.607,NA,0.655,0.655,NA,0,0,0,0,0,0,0,NA,0,0,NA,15.3,14.8,11.6,10.1,11,11.5,11.3,11.1,11.1,NA,11.8,12,12.2,11.8,12.1,12.2,12.3,12.4,12.4,NA,NA,NA,NA,NA,NA,NA,NA,NA,NA,NA,NA,NA,NA,NA,NA,NA,NA,NA,NA,NA,NA,NA,NA,NA,NA,NA,NA,NA,NA,NA,276,219,111,104,114,109,115,95.2,95.2,NA,0,0,0,0,0,0,0,0,0,NA,60.9,63.1,74.6,83.1,81.8,84,84,86.4,86.4,4490,4570,82,1.73,0.0256,0.423,0.4,1.73,1.73,140,2022-09-21 13:04:44.889,2022-09-27 07:40:28.564,2,"0.1",2,NA,NA,NA,NA,NA,FALSE,"Wind tunnel","wt",NA,"Band spread or trailing hose",NA,"Mix",2022-09-21,"","0-5",205,3423,3427,617
"AU","STABIL26","8","Foulumgård","12 AD-LB1","3",2022-09-21 13:20:44.771,3,"../../data-submitted/03/AU/ALFAM2_template_8.3_Stabil26.xlsx","AD-LB1","Wind tunnel",NA,NA,"D:1.I:AU.Pr:STABIL26.F:../../data-submitted/03/AU/ALFAM2_template_8.3_Stabil26.xlsx.E:8.F:Foulumgård.P:12 AD-LB1.T:AD-LB1.R:3.R2:.T:2022-09-21 13:20:44.771.M:Wind tunnelNA",NA,0.2,56.5,9.56,"DK","flat",9,24,65,NA,NA,"0.13",NA,NA,"5.34","1.03","No",NA,"mix","mixture of manure, deep litter, meadow grass, grass, grass silage, straw, cereal, and corn silage",NA,"liquid","Anaerobic digestion","Mechanical separation",NA,"6.82","68.81","2.18",0.79,NA,NA,NA,"8.5",2022-09-27 09:40:25.069,"bsth",30,"t/ha",NA,NA,NA,NA,NA,NA,NA,NA,NA,NA,NA,66,"Biochar addition","1663766444.771","1664271625.069","D:1.I:AU.Pr:STABIL26.F:../../data-submitted/03/AU/ALFAM2_template_8.3_Stabil26.xlsx.E:8.F:Foulumgård.P:12 AD-LB1.T:AD-LB1.R:3.R2:.T:2022-09-21 13:20:44.771","D:1.I:AU.Pr:STABIL26.E:8","","Dela Pierre, Flavia",23.7,NA,1.52,2.23,3.24,4.86,6.67,7.67,8.2,NA,8.87,8.87,NA,1.52,2.23,3.24,4.86,6.67,7.67,8.2,NA,8.87,8.87,NA,0.0641,0.0942,0.137,0.205,0.282,0.324,0.346,NA,0.374,0.374,NA,0,0,0,0,0,0,0,NA,0,0,NA,15.2,14.8,11.2,9.95,10.9,11.5,11.2,11.1,11.1,NA,11.9,12,12.2,11.8,12.1,12.2,12.3,12.4,12.4,NA,NA,NA,NA,NA,NA,NA,NA,NA,NA,NA,NA,NA,NA,NA,NA,NA,NA,NA,NA,NA,NA,NA,NA,NA,NA,NA,NA,NA,NA,NA,276,219,110,109,113,110,115,93.2,93.2,NA,0,0,0,0,0,0,0,0,0,NA,60.9,63.1,76.2,83.7,82.3,84.2,84.3,86.5,86.5,4570,4650,81,1.73,0.0107,0.253,1.73,1.73,1.73,140,2022-09-21 13:20:44.771,2022-09-27 07:56:28.77,2,"0.1",2,NA,NA,NA,NA,NA,FALSE,"Wind tunnel","wt",NA,"Band spread or trailing hose",NA,"Mix",2022-09-21,"","0-5",205,3424,3428,617
"AU","STABIL26","8","Foulumgård","2 AD-L","1",2022-09-21 12:00:46.706,3,"../../data-submitted/03/AU/ALFAM2_template_8.3_Stabil26.xlsx","AD-L","Wind tunnel",NA,NA,"D:1.I:AU.Pr:STABIL26.F:../../data-submitted/03/AU/ALFAM2_template_8.3_Stabil26.xlsx.E:8.F:Foulumgård.P:2 AD-L.T:AD-L.R:1.R2:.T:2022-09-21 12:00:46.706.M:Wind tunnelNA",NA,0.2,56.5,9.56,"DK","flat",9,24,65,NA,NA,"0.13",NA,NA,"5.34","1.03","No",NA,"mix","mixture of manure, deep litter, meadow grass, grass, grass silage, straw, cereal, and corn silage",NA,"liquid","Anaerobic digestion","Mechanical separation",NA,"6","69.55","1.77",0.55,NA,NA,NA,"8.08",2022-09-27 08:20:27.289,"bsth",30,"t/ha",NA,NA,NA,NA,NA,NA,NA,NA,NA,NA,NA,67,"None","1663761646.706","1664266827.289","D:1.I:AU.Pr:STABIL26.F:../../data-submitted/03/AU/ALFAM2_template_8.3_Stabil26.xlsx.E:8.F:Foulumgård.P:2 AD-L.T:AD-L.R:1.R2:.T:2022-09-21 12:00:46.706","D:1.I:AU.Pr:STABIL26.E:8","","Dela Pierre, Flavia",16.5,NA,1.59,2.24,3.07,4.25,5.71,6.54,7.01,NA,7.64,7.64,NA,1.59,2.24,3.07,4.25,5.71,6.54,7.01,NA,7.64,7.64,NA,0.0964,0.136,0.186,0.257,0.346,0.396,0.425,NA,0.463,0.463,NA,0,0,0,0,0,0,0,NA,0,0,NA,15.5,15.2,12.6,10.2,11,11.6,11.3,11.2,11.2,NA,11.6,11.8,12.1,11.8,12.1,12.2,12.3,12.4,12.4,NA,NA,NA,NA,NA,NA,NA,NA,NA,NA,NA,NA,NA,NA,NA,NA,NA,NA,NA,NA,NA,NA,NA,NA,NA,NA,NA,NA,NA,NA,NA,387,323,179,115,115,106,113,93,93,NA,0,0,0,0,0,0,0,0,0,NA,57,60.3,70.7,82.5,81.3,83.7,83.6,86.1,86.1,4650,4730,81,1.73,0.018,0.296,1.73,1.73,1.73,140,2022-09-21 12:00:46.706,2022-09-27 06:36:29.898,2,"0.1",2,NA,NA,NA,NA,NA,FALSE,"Wind tunnel","wt",NA,"Band spread or trailing hose",NA,"Mix",2022-09-21,"","0-5",205,3425,3429,617
"AU","STABIL26","8","Foulumgård","4 AD-LB2","1",2022-09-21 12:16:46.094,3,"../../data-submitted/03/AU/ALFAM2_template_8.3_Stabil26.xlsx","AD-LB2","Wind tunnel",NA,NA,"D:1.I:AU.Pr:STABIL26.F:../../data-submitted/03/AU/ALFAM2_template_8.3_Stabil26.xlsx.E:8.F:Foulumgård.P:4 AD-LB2.T:AD-LB2.R:1.R2:.T:2022-09-21 12:16:46.094.M:Wind tunnelNA",NA,0.2,56.5,9.56,"DK","flat",9,24,65,NA,NA,"0.13",NA,NA,"5.34","1.03","No",NA,"mix","mixture of manure, deep litter, meadow grass, grass, grass silage, straw, cereal, and corn silage",NA,"liquid","Anaerobic digestion","Mechanical separation",NA,"18.64","57.89","1.32",0.36,NA,NA,NA,"9.2",2022-09-27 08:36:26.61,"bsth",30,"t/ha",NA,NA,NA,NA,NA,NA,NA,NA,NA,NA,NA,68,"Biochar addition","1663762606.094","1664267786.61","D:1.I:AU.Pr:STABIL26.F:../../data-submitted/03/AU/ALFAM2_template_8.3_Stabil26.xlsx.E:8.F:Foulumgård.P:4 AD-LB2.T:AD-LB2.R:1.R2:.T:2022-09-21 12:16:46.094","D:1.I:AU.Pr:STABIL26.E:8","","Dela Pierre, Flavia",10.8,NA,4.71,5.99,7.62,9.63,11.7,12.7,13.3,NA,13.9,13.9,NA,4.71,5.99,7.62,9.63,11.7,12.7,13.3,NA,13.9,13.9,NA,0.436,0.555,0.706,0.892,1.08,1.18,1.23,NA,1.29,1.29,NA,0,0,0,0,0,0,0,NA,0,0,NA,15.5,15.2,12.6,10.2,11.1,11.6,11.3,11.2,11.2,NA,11.6,11.8,12.1,11.8,12.1,12.2,12.3,12.4,12.4,NA,NA,NA,NA,NA,NA,NA,NA,NA,NA,NA,NA,NA,NA,NA,NA,NA,NA,NA,NA,NA,NA,NA,NA,NA,NA,NA,NA,NA,NA,NA,387,332,184,118,121,110,114,93.9,93.9,NA,0,0,0,0,0,0,0,0,0,NA,57,60,70.6,82.5,81.4,83.6,83.7,86,86,4740,4820,81,1.73,0.0947,1.02,1.73,1.73,1.73,140,2022-09-21 12:16:46.094,2022-09-27 06:52:30.274,2,"0.1",2,NA,NA,NA,NA,NA,FALSE,"Wind tunnel","wt",NA,"Band spread or trailing hose",NA,"Mix",2022-09-21,"","0-5",205,3426,3430,617
"AU","STABIL26","8","Foulumgård","5 AD-LB2","2",2022-09-21 12:24:45.396,3,"../../data-submitted/03/AU/ALFAM2_template_8.3_Stabil26.xlsx","AD-LB2","Wind tunnel",NA,NA,"D:1.I:AU.Pr:STABIL26.F:../../data-submitted/03/AU/ALFAM2_template_8.3_Stabil26.xlsx.E:8.F:Foulumgård.P:5 AD-LB2.T:AD-LB2.R:2.R2:.T:2022-09-21 12:24:45.396.M:Wind tunnelNA",NA,0.2,56.5,9.56,"DK","flat",9,24,65,NA,NA,"0.13",NA,NA,"5.34","1.03","No",NA,"mix","mixture of manure, deep litter, meadow grass, grass, grass silage, straw, cereal, and corn silage",NA,"liquid","Anaerobic digestion","Mechanical separation",NA,"18.64","57.89","1.32",0.36,NA,NA,NA,"9.2",2022-09-27 08:44:26.95,"bsth",30,"t/ha",NA,NA,NA,NA,NA,NA,NA,NA,NA,NA,NA,69,"Biochar addition","1663763085.396","1664268266.95","D:1.I:AU.Pr:STABIL26.F:../../data-submitted/03/AU/ALFAM2_template_8.3_Stabil26.xlsx.E:8.F:Foulumgård.P:5 AD-LB2.T:AD-LB2.R:2.R2:.T:2022-09-21 12:24:45.396","D:1.I:AU.Pr:STABIL26.E:8","","Dela Pierre, Flavia",10.8,NA,2.19,3.26,4.85,7.01,9.54,10.9,11.7,NA,12.7,12.7,NA,2.19,3.26,4.85,7.01,9.54,10.9,11.7,NA,12.7,12.7,NA,0.203,0.302,0.449,0.649,0.883,1.01,1.09,NA,1.17,1.17,NA,0,0,0,0,0,0,0,NA,0,0,NA,15.5,15.2,12.2,10,11,11.5,11.2,11.1,11.1,NA,11.6,11.8,12.1,11.8,12.1,12.2,12.3,12.4,12.4,NA,NA,NA,NA,NA,NA,NA,NA,NA,NA,NA,NA,NA,NA,NA,NA,NA,NA,NA,NA,NA,NA,NA,NA,NA,NA,NA,NA,NA,NA,NA,387,332,167,110,117,108,112,92.7,92.7,NA,0,0,0,0,0,0,0,0,0,NA,57,60,71.6,82.9,81.7,83.9,83.9,86.2,86.2,4820,4900,81,1.73,0.0344,0.372,1.73,1.73,1.73,140,2022-09-21 12:24:45.396,2022-09-27 07:00:30.454,2,"0.1",2,NA,NA,NA,NA,NA,FALSE,"Wind tunnel","wt",NA,"Band spread or trailing hose",NA,"Mix",2022-09-21,"","0-5",205,3427,3431,617
"AU","STABIL26","8","Foulumgård","6 AD-LB1","2",2022-09-21 12:32:46.358,3,"../../data-submitted/03/AU/ALFAM2_template_8.3_Stabil26.xlsx","AD-LB1","Wind tunnel",NA,NA,"D:1.I:AU.Pr:STABIL26.F:../../data-submitted/03/AU/ALFAM2_template_8.3_Stabil26.xlsx.E:8.F:Foulumgård.P:6 AD-LB1.T:AD-LB1.R:2.R2:.T:2022-09-21 12:32:46.358.M:Wind tunnelNA",NA,0.2,56.5,9.56,"DK","flat",9,24,65,NA,NA,"0.13",NA,NA,"5.34","1.03","No",NA,"mix","mixture of manure, deep litter, meadow grass, grass, grass silage, straw, cereal, and corn silage",NA,"liquid","Anaerobic digestion","Mechanical separation",NA,"6.82","68.81","2.18",0.79,NA,NA,NA,"8.5",2022-09-27 08:52:26.24,"bsth",30,"t/ha",NA,NA,NA,NA,NA,NA,NA,NA,NA,NA,NA,70,"Biochar addition","1663763566.358","1664268746.24","D:1.I:AU.Pr:STABIL26.F:../../data-submitted/03/AU/ALFAM2_template_8.3_Stabil26.xlsx.E:8.F:Foulumgård.P:6 AD-LB1.T:AD-LB1.R:2.R2:.T:2022-09-21 12:32:46.358","D:1.I:AU.Pr:STABIL26.E:8","","Dela Pierre, Flavia",23.7,NA,2.12,3.11,4.39,6.18,8.44,9.68,10.4,NA,11.3,11.3,NA,2.12,3.11,4.39,6.18,8.44,9.68,10.4,NA,11.3,11.3,NA,0.0894,0.131,0.185,0.261,0.356,0.408,0.441,NA,0.477,0.477,NA,0,0,0,0,0,0,0,NA,0,0,NA,15.6,15.3,12.3,10.2,11.1,11.6,11.3,11.2,11.2,NA,11.7,11.9,12.1,11.8,12.1,12.2,12.3,12.4,12.4,NA,NA,NA,NA,NA,NA,NA,NA,NA,NA,NA,NA,NA,NA,NA,NA,NA,NA,NA,NA,NA,NA,NA,NA,NA,NA,NA,NA,NA,NA,NA,325,291,147,109,120,109,113,95.2,95.2,NA,0,0,0,0,0,0,0,0,0,NA,58.7,61.2,72.1,82.9,81.4,83.8,84,86.2,86.2,4900,4980,81,1.73,0.0149,0.353,1.73,1.73,1.73,140,2022-09-21 12:32:46.358,2022-09-27 07:08:28.81,2,"0.1",2,NA,NA,NA,NA,NA,FALSE,"Wind tunnel","wt",NA,"Band spread or trailing hose",NA,"Mix",2022-09-21,"","0-5",205,3428,3432,617
"AU","STABIL26","8","Foulumgård","8 AD-L","2",2022-09-21 12:48:45.421,3,"../../data-submitted/03/AU/ALFAM2_template_8.3_Stabil26.xlsx","AD-L","Wind tunnel",NA,NA,"D:1.I:AU.Pr:STABIL26.F:../../data-submitted/03/AU/ALFAM2_template_8.3_Stabil26.xlsx.E:8.F:Foulumgård.P:8 AD-L.T:AD-L.R:2.R2:.T:2022-09-21 12:48:45.421.M:Wind tunnelNA",NA,0.2,56.5,9.56,"DK","flat",9,24,65,NA,NA,"0.13",NA,NA,"5.34","1.03","No",NA,"mix","mixture of manure, deep litter, meadow grass, grass, grass silage, straw, cereal, and corn silage",NA,"liquid","Anaerobic digestion","Mechanical separation",NA,"6","69.55","1.77",0.55,NA,NA,NA,"8.08",2022-09-27 09:08:25.652,"bsth",30,"t/ha",NA,NA,NA,NA,NA,NA,NA,NA,NA,NA,NA,71,"None","1663764525.421","1664269705.652","D:1.I:AU.Pr:STABIL26.F:../../data-submitted/03/AU/ALFAM2_template_8.3_Stabil26.xlsx.E:8.F:Foulumgård.P:8 AD-L.T:AD-L.R:2.R2:.T:2022-09-21 12:48:45.421","D:1.I:AU.Pr:STABIL26.E:8","","Dela Pierre, Flavia",16.5,NA,1.67,2.4,3.39,4.89,6.56,7.48,7.98,NA,8.57,8.57,NA,1.67,2.4,3.39,4.89,6.56,7.48,7.98,NA,8.57,8.57,NA,0.101,0.146,0.206,0.296,0.397,0.453,0.484,NA,0.519,0.519,NA,0,0,0,0,0,0,0,NA,0,0,NA,15.2,15.1,11.8,10.2,11,11.5,11.3,11.1,11.1,NA,11.9,12,12.2,11.8,12.1,12.2,12.3,12.4,12.4,NA,NA,NA,NA,NA,NA,NA,NA,NA,NA,NA,NA,NA,NA,NA,NA,NA,NA,NA,NA,NA,NA,NA,NA,NA,NA,NA,NA,NA,NA,NA,276,258,130,113,118,109,116,96.4,96.4,NA,0,0,0,0,0,0,0,0,0,NA,60.9,62.6,74.3,83,81.7,83.9,84,86.3,86.3,4980,5060,81,1.73,0.0182,0.3,1.73,1.73,1.73,140,2022-09-21 12:48:45.421,2022-09-27 07:24:29.126,2,"0.1",2,NA,NA,NA,NA,NA,FALSE,"Wind tunnel","wt",NA,"Band spread or trailing hose",NA,"Mix",2022-09-21,"","0-5",205,3429,3433,617
"AU","STABIL26","8","Foulumgård","9 AD-LB2","3",2022-09-21 12:56:45.501,3,"../../data-submitted/03/AU/ALFAM2_template_8.3_Stabil26.xlsx","AD-LB2","Wind tunnel",NA,NA,"D:1.I:AU.Pr:STABIL26.F:../../data-submitted/03/AU/ALFAM2_template_8.3_Stabil26.xlsx.E:8.F:Foulumgård.P:9 AD-LB2.T:AD-LB2.R:3.R2:.T:2022-09-21 12:56:45.501.M:Wind tunnelNA",NA,0.2,56.5,9.56,"DK","flat",9,24,65,NA,NA,"0.13",NA,NA,"5.34","1.03","No",NA,"mix","mixture of manure, deep litter, meadow grass, grass, grass silage, straw, cereal, and corn silage",NA,"liquid","Anaerobic digestion","Mechanical separation",NA,"18.64","57.89","1.32",0.36,NA,NA,NA,"9.2",2022-09-27 09:16:25.697,"bsth",30,"t/ha",NA,NA,NA,NA,NA,NA,NA,NA,NA,NA,NA,72,"Biochar addition","1663765005.501","1664270185.697","D:1.I:AU.Pr:STABIL26.F:../../data-submitted/03/AU/ALFAM2_template_8.3_Stabil26.xlsx.E:8.F:Foulumgård.P:9 AD-LB2.T:AD-LB2.R:3.R2:.T:2022-09-21 12:56:45.501","D:1.I:AU.Pr:STABIL26.E:8","","Dela Pierre, Flavia",10.8,NA,4.54,5.59,7,8.7,10.4,11.3,11.9,NA,12.5,12.5,NA,4.54,5.59,7,8.7,10.4,11.3,11.9,NA,12.5,12.5,NA,0.42,0.517,0.648,0.806,0.965,1.05,1.1,NA,1.16,1.16,NA,0,0,0,0,0,0,0,NA,0,0,NA,15.2,15.1,11.8,10.1,11,11.5,11.3,11.1,11.1,NA,11.9,12,12.1,11.8,12.1,12.2,12.3,12.4,12.4,NA,NA,NA,NA,NA,NA,NA,NA,NA,NA,NA,NA,NA,NA,NA,NA,NA,NA,NA,NA,NA,NA,NA,NA,NA,NA,NA,NA,NA,NA,NA,276,258,130,113,120,113,119,98.5,98.5,NA,0,0,0,0,0,0,0,0,0,NA,60.9,62.6,74.4,82.9,81.7,83.9,84,86.3,86.3,5060,5140,81,1.73,0.0959,1.04,1.73,1.73,1.73,140,2022-09-21 12:56:45.501,2022-09-27 07:32:29,2,"0.1",2,NA,NA,NA,NA,NA,FALSE,"Wind tunnel","wt",NA,"Band spread or trailing hose",NA,"Mix",2022-09-21,"","0-5",205,3430,3434,617
"AU","STABIL26","9","Foulumgård","10 PS-L","2",2022-10-25 11:36:52.728,3,"../../data-submitted/03/AU/ALFAM2_template_8.3_Stabil26.xlsx","PS-L","Wind tunnel",NA,NA,"D:1.I:AU.Pr:STABIL26.F:../../data-submitted/03/AU/ALFAM2_template_8.3_Stabil26.xlsx.E:9.F:Foulumgård.P:10 PS-L.T:PS-L.R:2.R2:.T:2022-10-25 11:36:52.728.M:Wind tunnelNA",NA,0.2,56.5,9.56,"DK","flat",9,24,65,NA,NA,"0.2",NA,NA,"5.69","1.37","No",NA,"pig","finisher pigs, piglets or a mixture of the two",NA,"liquid","Mechanical separation","None",NA,"2.11","57.32","1.58",0.63,NA,NA,NA,"7.58",2022-10-31 08:20:24.171,"bsth",30,"t/ha",NA,NA,NA,NA,NA,NA,NA,NA,NA,NA,NA,73,NA,"1666697812.728","1667204424.171","D:1.I:AU.Pr:STABIL26.F:../../data-submitted/03/AU/ALFAM2_template_8.3_Stabil26.xlsx.E:9.F:Foulumgård.P:10 PS-L.T:PS-L.R:2.R2:.T:2022-10-25 11:36:52.728","D:1.I:AU.Pr:STABIL26.E:9","","Dela Pierre, Flavia",18.9,NA,0.139,0.176,0.223,0.232,0.248,0.206,0.0865,NA,-0.395,-0.395,NA,0.139,0.176,0.223,0.232,0.248,0.206,0.0865,NA,-0.395,-0.395,NA,0.00737,0.00929,0.0118,0.0123,0.0131,0.0109,0.00458,NA,-0.0209,-0.0209,NA,0,0,0,0,0,0,0,NA,0,0,NA,13.8,13.6,12.2,10.6,11.6,12.4,12.6,12.7,12.7,NA,11.8,11.9,12,11.7,11.6,11.8,12.1,12.2,12.2,NA,NA,NA,NA,NA,NA,NA,NA,NA,NA,NA,NA,NA,NA,NA,NA,NA,NA,NA,NA,NA,NA,NA,NA,NA,NA,NA,NA,NA,NA,NA,139,112,53.1,39.1,38.2,40.8,42.2,38.8,38.8,NA,0,0,0,0,0,0,0,0,0,NA,84.1,85.3,89.7,91.7,93.5,93,92.8,92.7,92.7,5140,5230,88,1.6,0.00177,0.0334,1.6,1.6,1.6,141,2022-10-25 11:36:52.728,2022-10-31 06:44:26.57,2,"0.1",2,NA,NA,NA,NA,NA,FALSE,"Wind tunnel","wt",NA,"Band spread or trailing hose",NA,"Pig",2022-10-25,"","0-5",205,3431,3435,618
"AU","STABIL26","9","Foulumgård","12 PS-LB2","2",2022-10-25 11:52:52.577,3,"../../data-submitted/03/AU/ALFAM2_template_8.3_Stabil26.xlsx","PS-LB2","Wind tunnel",NA,NA,"D:1.I:AU.Pr:STABIL26.F:../../data-submitted/03/AU/ALFAM2_template_8.3_Stabil26.xlsx.E:9.F:Foulumgård.P:12 PS-LB2.T:PS-LB2.R:2.R2:.T:2022-10-25 11:52:52.577.M:Wind tunnelNA",NA,0.2,56.5,9.56,"DK","flat",9,24,65,NA,NA,"0.2",NA,NA,"5.69","1.37","No",NA,"pig","finisher pigs, piglets or a mixture of the two",NA,"liquid","Mechanical separation","Biochar addition",NA,"5.01","61.1","1.43",0.36,NA,NA,NA,"8.19",2022-10-31 08:36:23.327,"bsth",30,"t/ha",NA,NA,NA,NA,NA,NA,NA,NA,NA,NA,NA,74,NA,"1666698772.577","1667205383.327","D:1.I:AU.Pr:STABIL26.F:../../data-submitted/03/AU/ALFAM2_template_8.3_Stabil26.xlsx.E:9.F:Foulumgård.P:12 PS-LB2.T:PS-LB2.R:2.R2:.T:2022-10-25 11:52:52.577","D:1.I:AU.Pr:STABIL26.E:9","","Dela Pierre, Flavia",10.8,NA,0.64,0.849,1.22,1.68,2.55,3.26,3.83,NA,4.59,4.59,NA,0.64,0.849,1.22,1.68,2.55,3.26,3.83,NA,4.59,4.59,NA,0.0593,0.0786,0.113,0.155,0.236,0.302,0.355,NA,0.425,0.425,NA,0,0,0,0,0,0,0,NA,0,0,NA,13.8,13.6,12.1,10.6,11.6,12.4,12.6,12.7,12.7,NA,11.9,11.9,12,11.7,11.6,11.8,12.1,12.2,12.2,NA,NA,NA,NA,NA,NA,NA,NA,NA,NA,NA,NA,NA,NA,NA,NA,NA,NA,NA,NA,NA,NA,NA,NA,NA,NA,NA,NA,NA,NA,NA,139,113,48.5,40.7,39.9,42.1,43.6,40,40,NA,0,0,0,0,0,0,0,0,0,NA,84.2,85.3,89.7,91.7,93.5,93.1,92.8,92.7,92.7,5230,5320,88,1.6,0.0146,0.157,1.6,1.6,1.6,141,2022-10-25 11:52:52.577,2022-10-31 07:00:27.007,2,"0.1",2,NA,NA,NA,NA,NA,FALSE,"Wind tunnel","wt",NA,"Band spread or trailing hose",NA,"Pig",2022-10-25,"","0-5",205,3432,3436,618
"AU","STABIL26","9","Foulumgård","15 PS-L","3",2022-10-25 12:00:51.49,3,"../../data-submitted/03/AU/ALFAM2_template_8.3_Stabil26.xlsx","PS-L","Wind tunnel",NA,NA,"D:1.I:AU.Pr:STABIL26.F:../../data-submitted/03/AU/ALFAM2_template_8.3_Stabil26.xlsx.E:9.F:Foulumgård.P:15 PS-L.T:PS-L.R:3.R2:.T:2022-10-25 12:00:51.49.M:Wind tunnelNA",NA,0.2,56.5,9.56,"DK","flat",9,24,65,NA,NA,"0.2",NA,NA,"5.69","1.37","No",NA,"pig","finisher pigs, piglets or a mixture of the two",NA,"liquid","Mechanical separation","None",NA,"2.11","57.32","1.58",0.63,NA,NA,NA,"7.58",2022-10-31 08:44:23.586,"bsth",30,"t/ha",NA,NA,NA,NA,NA,NA,NA,NA,NA,NA,NA,75,NA,"1666699251.49","1667205863.586","D:1.I:AU.Pr:STABIL26.F:../../data-submitted/03/AU/ALFAM2_template_8.3_Stabil26.xlsx.E:9.F:Foulumgård.P:15 PS-L.T:PS-L.R:3.R2:.T:2022-10-25 12:00:51.49","D:1.I:AU.Pr:STABIL26.E:9","","Dela Pierre, Flavia",18.9,NA,0.11,0.14,0.166,0.159,0.117,0.0188,-0.106,NA,-0.52,-0.52,NA,0.11,0.14,0.166,0.159,0.117,0.0188,-0.106,NA,-0.52,-0.52,NA,0.00583,0.00741,0.00878,0.00841,0.0062,0.000997,-0.0056,NA,-0.0275,-0.0275,NA,0,0,0,0,0,0,0,NA,0,0,NA,13.8,13.6,12.1,10.6,11.5,12.4,12.6,12.7,12.7,NA,11.9,11.9,12,11.7,11.6,11.8,12.1,12.2,12.2,NA,NA,NA,NA,NA,NA,NA,NA,NA,NA,NA,NA,NA,NA,NA,NA,NA,NA,NA,NA,NA,NA,NA,NA,NA,NA,NA,NA,NA,NA,NA,144,116,49.9,41.4,40.2,41.9,42.6,38.4,38.4,NA,0,0,0,0,0,0,0,0,0,NA,84,85.2,89.7,91.7,93.5,93,92.8,92.7,92.7,5320,5400,88,1.6,0.00131,0.0247,1.6,1.6,1.6,141,2022-10-25 12:00:51.49,2022-10-31 07:08:26.188,2,"0.1",2,NA,NA,NA,NA,NA,FALSE,"Wind tunnel","wt",NA,"Band spread or trailing hose",NA,"Pig",2022-10-25,"","0-5",205,3433,3437,618
"AU","STABIL26","9","Foulumgård","16 PS-LB2","3",2022-10-25 12:08:51.471,3,"../../data-submitted/03/AU/ALFAM2_template_8.3_Stabil26.xlsx","PS-LB2","Wind tunnel",NA,NA,"D:1.I:AU.Pr:STABIL26.F:../../data-submitted/03/AU/ALFAM2_template_8.3_Stabil26.xlsx.E:9.F:Foulumgård.P:16 PS-LB2.T:PS-LB2.R:3.R2:.T:2022-10-25 12:08:51.471.M:Wind tunnelNA",NA,0.2,56.5,9.56,"DK","flat",9,24,65,NA,NA,"0.2",NA,NA,"5.69","1.37","No",NA,"pig","finisher pigs, piglets or a mixture of the two",NA,"liquid","Mechanical separation","Biochar addition",NA,"5.01","61.1","1.43",0.36,NA,NA,NA,"8.19",2022-10-31 08:52:23.005,"bsth",30,"t/ha",NA,NA,NA,NA,NA,NA,NA,NA,NA,NA,NA,76,NA,"1666699731.471","1667206343.005","D:1.I:AU.Pr:STABIL26.F:../../data-submitted/03/AU/ALFAM2_template_8.3_Stabil26.xlsx.E:9.F:Foulumgård.P:16 PS-LB2.T:PS-LB2.R:3.R2:.T:2022-10-25 12:08:51.471","D:1.I:AU.Pr:STABIL26.E:9","","Dela Pierre, Flavia",10.8,NA,0.965,1.22,1.7,2.33,3.55,4.49,5.25,NA,6.26,6.26,NA,0.965,1.22,1.7,2.33,3.55,4.49,5.25,NA,6.26,6.26,NA,0.0893,0.113,0.158,0.216,0.329,0.416,0.487,NA,0.58,0.58,NA,0,0,0,0,0,0,0,NA,0,0,NA,13.8,13.6,12.1,10.6,11.5,12.4,12.6,12.7,12.7,NA,11.9,11.9,12,11.7,11.6,11.8,12.1,12.2,12.2,NA,NA,NA,NA,NA,NA,NA,NA,NA,NA,NA,NA,NA,NA,NA,NA,NA,NA,NA,NA,NA,NA,NA,NA,NA,NA,NA,NA,NA,NA,NA,144,116,49.9,41.2,37.6,39.9,41.1,37.4,37.4,NA,0,0,0,0,0,0,0,0,0,NA,84,85.2,89.7,91.7,93.5,93,92.8,92.7,92.7,5400,5490,88,1.6,0.0259,0.279,1.6,1.6,1.6,141,2022-10-25 12:08:51.471,2022-10-31 07:16:26.339,2,"0.1",2,NA,NA,NA,NA,NA,FALSE,"Wind tunnel","wt",NA,"Band spread or trailing hose",NA,"Pig",2022-10-25,"","0-5",205,3434,3438,618
"AU","STABIL26","9","Foulumgård","18 PS-LB1","3",2022-10-25 12:24:51.168,3,"../../data-submitted/03/AU/ALFAM2_template_8.3_Stabil26.xlsx","PS-LB1","Wind tunnel",NA,NA,"D:1.I:AU.Pr:STABIL26.F:../../data-submitted/03/AU/ALFAM2_template_8.3_Stabil26.xlsx.E:9.F:Foulumgård.P:18 PS-LB1.T:PS-LB1.R:3.R2:.T:2022-10-25 12:24:51.168.M:Wind tunnelNA",NA,0.2,56.5,9.56,"DK","flat",9,24,65,NA,NA,"0.2",NA,NA,"5.69","1.37","No",NA,"pig","finisher pigs, piglets or a mixture of the two",NA,"liquid","Mechanical separation","Biochar addition",NA,"2.66","59.65","1.51",0.5,NA,NA,NA,"7.62",2022-10-31 09:08:22.813,"bsth",30,"t/ha",NA,NA,NA,NA,NA,NA,NA,NA,NA,NA,NA,77,NA,"1666700691.168","1667207302.813","D:1.I:AU.Pr:STABIL26.F:../../data-submitted/03/AU/ALFAM2_template_8.3_Stabil26.xlsx.E:9.F:Foulumgård.P:18 PS-LB1.T:PS-LB1.R:3.R2:.T:2022-10-25 12:24:51.168","D:1.I:AU.Pr:STABIL26.E:9","","Dela Pierre, Flavia",15,NA,0.618,0.81,1.19,1.76,3.33,4.56,5.47,NA,6.58,6.58,NA,0.618,0.81,1.19,1.76,3.33,4.56,5.47,NA,6.58,6.58,NA,0.0412,0.054,0.0792,0.117,0.222,0.304,0.365,NA,0.438,0.438,NA,0,0,0,0,0,0,0,NA,0,0,NA,13.9,13.4,11.9,10.5,11.5,12.4,12.6,12.7,12.7,NA,11.9,12,12,11.7,11.6,11.8,12.1,12.2,12.2,NA,NA,NA,NA,NA,NA,NA,NA,NA,NA,NA,NA,NA,NA,NA,NA,NA,NA,NA,NA,NA,NA,NA,NA,NA,NA,NA,NA,NA,NA,NA,144,108,46.4,43.1,39.3,40.4,42.4,38,38,NA,0,0,0,0,0,0,0,0,0,NA,84,87,90.4,92.2,93.7,93.2,92.9,92.8,92.8,5490,5580,88,1.6,0.0117,0.176,1.6,1.6,1.6,141,2022-10-25 12:24:51.168,2022-10-31 07:32:25.734,2,"0.1",2,NA,NA,NA,NA,NA,FALSE,"Wind tunnel","wt",NA,"Band spread or trailing hose",NA,"Pig",2022-10-25,"","0-5",205,3435,3439,618
"AU","STABIL26","9","Foulumgård","3 PS-LB2","1",2022-10-25 10:56:53.297,3,"../../data-submitted/03/AU/ALFAM2_template_8.3_Stabil26.xlsx","PS-LB2","Wind tunnel",NA,NA,"D:1.I:AU.Pr:STABIL26.F:../../data-submitted/03/AU/ALFAM2_template_8.3_Stabil26.xlsx.E:9.F:Foulumgård.P:3 PS-LB2.T:PS-LB2.R:1.R2:.T:2022-10-25 10:56:53.297.M:Wind tunnelNA",NA,0.2,56.5,9.56,"DK","flat",9,24,65,NA,NA,"0.2",NA,NA,"5.69","1.37","No",NA,"pig","finisher pigs, piglets or a mixture of the two",NA,"liquid","Mechanical separation","Biochar addition",NA,"5.01","61.1","1.43",0.36,NA,NA,NA,"8.19",2022-10-31 07:40:25.09,"bsth",30,"t/ha",NA,NA,NA,NA,NA,NA,NA,NA,NA,NA,NA,78,NA,"1666695413.297","1667202025.09","D:1.I:AU.Pr:STABIL26.F:../../data-submitted/03/AU/ALFAM2_template_8.3_Stabil26.xlsx.E:9.F:Foulumgård.P:3 PS-LB2.T:PS-LB2.R:1.R2:.T:2022-10-25 10:56:53.297","D:1.I:AU.Pr:STABIL26.E:9","","Dela Pierre, Flavia",10.8,NA,0.316,0.408,0.481,0.447,0.377,0.182,-0.121,NA,-0.983,-0.983,NA,0.316,0.408,0.481,0.447,0.377,0.182,-0.121,NA,-0.983,-0.983,NA,0.0293,0.0377,0.0445,0.0414,0.0349,0.0169,-0.0112,NA,-0.091,-0.091,NA,0,0,0,0,0,0,0,NA,0,0,NA,13.8,13.8,12.4,10.6,11.5,12.4,12.6,12.7,12.7,NA,11.9,11.9,12,11.7,11.6,11.8,12.1,12.2,12.2,NA,NA,NA,NA,NA,NA,NA,NA,NA,NA,NA,NA,NA,NA,NA,NA,NA,NA,NA,NA,NA,NA,NA,NA,NA,NA,NA,NA,NA,NA,NA,151,144,67.1,43.5,38.5,41.4,41,39.3,39.3,NA,0,0,0,0,0,0,0,0,0,NA,85.2,84.8,89.5,91.6,93.5,93,92.8,92.7,92.7,5580,5670,88,1.6,0.00773,0.0835,1.6,1.6,1.6,141,2022-10-25 10:56:53.297,2022-10-31 06:04:28.841,2,"0.1",2,NA,NA,NA,NA,NA,FALSE,"Wind tunnel","wt",NA,"Band spread or trailing hose",NA,"Pig",2022-10-25,"","0-5",205,3436,3440,618
"AU","STABIL26","9","Foulumgård","4 PS-LB1","1",2022-10-25 11:04:54.262,3,"../../data-submitted/03/AU/ALFAM2_template_8.3_Stabil26.xlsx","PS-LB1","Wind tunnel",NA,NA,"D:1.I:AU.Pr:STABIL26.F:../../data-submitted/03/AU/ALFAM2_template_8.3_Stabil26.xlsx.E:9.F:Foulumgård.P:4 PS-LB1.T:PS-LB1.R:1.R2:.T:2022-10-25 11:04:54.262.M:Wind tunnelNA",NA,0.2,56.5,9.56,"DK","flat",9,24,65,NA,NA,"0.2",NA,NA,"5.69","1.37","No",NA,"pig","finisher pigs, piglets or a mixture of the two",NA,"liquid","Mechanical separation","Biochar addition",NA,"2.66","59.65","1.51",0.5,NA,NA,NA,"7.62",2022-10-31 07:48:25.017,"bsth",30,"t/ha",NA,NA,NA,NA,NA,NA,NA,NA,NA,NA,NA,79,NA,"1666695894.262","1667202505.017","D:1.I:AU.Pr:STABIL26.F:../../data-submitted/03/AU/ALFAM2_template_8.3_Stabil26.xlsx.E:9.F:Foulumgård.P:4 PS-LB1.T:PS-LB1.R:1.R2:.T:2022-10-25 11:04:54.262","D:1.I:AU.Pr:STABIL26.E:9","","Dela Pierre, Flavia",15,NA,0.197,0.265,0.347,0.384,0.502,0.577,0.593,NA,0.429,0.429,NA,0.197,0.265,0.347,0.384,0.502,0.577,0.593,NA,0.429,0.429,NA,0.0131,0.0177,0.0231,0.0256,0.0334,0.0385,0.0395,NA,0.0286,0.0286,NA,0,0,0,0,0,0,0,NA,0,0,NA,13.7,13.8,12.4,10.6,11.5,12.4,12.6,12.7,12.7,NA,11.8,11.9,12,11.7,11.6,11.8,12.1,12.2,12.2,NA,NA,NA,NA,NA,NA,NA,NA,NA,NA,NA,NA,NA,NA,NA,NA,NA,NA,NA,NA,NA,NA,NA,NA,NA,NA,NA,NA,NA,NA,NA,151,144,67.1,43.5,38.5,41.4,41,38.8,38.8,NA,0,0,0,0,0,0,0,0,0,NA,85.2,84.8,89.5,91.6,93.5,93,92.8,92.6,92.6,5670,5760,88,1.6,0.00343,0.0515,1.6,1.6,1.6,141,2022-10-25 11:04:54.262,2022-10-31 06:12:28.07,2,"0.1",2,NA,NA,NA,NA,NA,FALSE,"Wind tunnel","wt",NA,"Band spread or trailing hose",NA,"Pig",2022-10-25,"","0-5",205,3437,3441,618
"AU","STABIL26","9","Foulumgård","6 PS-L","1",2022-10-25 11:20:53.333,3,"../../data-submitted/03/AU/ALFAM2_template_8.3_Stabil26.xlsx","PS-L","Wind tunnel",NA,NA,"D:1.I:AU.Pr:STABIL26.F:../../data-submitted/03/AU/ALFAM2_template_8.3_Stabil26.xlsx.E:9.F:Foulumgård.P:6 PS-L.T:PS-L.R:1.R2:.T:2022-10-25 11:20:53.333.M:Wind tunnelNA",NA,0.2,56.5,9.56,"DK","flat",9,24,65,NA,NA,"0.2",NA,NA,"5.69","1.37","No",NA,"pig","finisher pigs, piglets or a mixture of the two",NA,"liquid","Mechanical separation","None",NA,"2.11","57.32","1.58",0.63,NA,NA,NA,"7.58",2022-10-31 08:04:24.332,"bsth",30,"t/ha",NA,NA,NA,NA,NA,NA,NA,NA,NA,NA,NA,80,NA,"1666696853.333","1667203464.332","D:1.I:AU.Pr:STABIL26.F:../../data-submitted/03/AU/ALFAM2_template_8.3_Stabil26.xlsx.E:9.F:Foulumgård.P:6 PS-L.T:PS-L.R:1.R2:.T:2022-10-25 11:20:53.333","D:1.I:AU.Pr:STABIL26.E:9","","Dela Pierre, Flavia",18.9,NA,0.182,0.252,0.377,0.544,0.908,1.25,1.47,NA,1.55,1.55,NA,0.182,0.252,0.377,0.544,0.908,1.25,1.47,NA,1.55,1.55,NA,0.00961,0.0133,0.02,0.0288,0.048,0.066,0.078,NA,0.0822,0.0822,NA,0,0,0,0,0,0,0,NA,0,0,NA,13.8,13.6,12.2,10.7,11.6,12.4,12.6,12.7,12.7,NA,11.9,11.9,12,11.7,11.6,11.8,12.1,12.2,12.2,NA,NA,NA,NA,NA,NA,NA,NA,NA,NA,NA,NA,NA,NA,NA,NA,NA,NA,NA,NA,NA,NA,NA,NA,NA,NA,NA,NA,NA,NA,NA,151,120,56.3,40.6,40.6,41.5,41.2,39,39,NA,0,0,0,0,0,0,0,0,0,NA,85.2,86,90,91.8,93.6,93.1,92.8,92.7,92.7,5760,5840,88,1.6,0.00232,0.0438,1.6,1.6,1.6,141,2022-10-25 11:20:53.333,2022-10-31 06:28:27.712,2,"0.1",2,NA,NA,NA,NA,NA,FALSE,"Wind tunnel","wt",NA,"Band spread or trailing hose",NA,"Pig",2022-10-25,"","0-5",205,3438,3442,618
"AU","STABIL26","9","Foulumgård","9 PS-LB1","2",2022-10-25 11:28:52.549,3,"../../data-submitted/03/AU/ALFAM2_template_8.3_Stabil26.xlsx","PS-LB1","Wind tunnel",NA,NA,"D:1.I:AU.Pr:STABIL26.F:../../data-submitted/03/AU/ALFAM2_template_8.3_Stabil26.xlsx.E:9.F:Foulumgård.P:9 PS-LB1.T:PS-LB1.R:2.R2:.T:2022-10-25 11:28:52.549.M:Wind tunnelNA",NA,0.2,56.5,9.56,"DK","flat",9,24,65,NA,NA,"0.2",NA,NA,"5.69","1.37","No",NA,"pig","finisher pigs, piglets or a mixture of the two",NA,"liquid","Mechanical separation","Biochar addition",NA,"2.66","59.65","1.51",0.5,NA,NA,NA,"7.62",2022-10-31 08:12:24.505,"bsth",30,"t/ha",NA,NA,NA,NA,NA,NA,NA,NA,NA,NA,NA,81,NA,"1666697332.549","1667203944.505","D:1.I:AU.Pr:STABIL26.F:../../data-submitted/03/AU/ALFAM2_template_8.3_Stabil26.xlsx.E:9.F:Foulumgård.P:9 PS-LB1.T:PS-LB1.R:2.R2:.T:2022-10-25 11:28:52.549","D:1.I:AU.Pr:STABIL26.E:9","","Dela Pierre, Flavia",15,NA,0.204,0.26,0.349,0.442,0.622,0.795,0.895,NA,0.856,0.856,NA,0.204,0.26,0.349,0.442,0.622,0.795,0.895,NA,0.856,0.856,NA,0.0136,0.0173,0.0232,0.0295,0.0415,0.053,0.0597,NA,0.0571,0.0571,NA,0,0,0,0,0,0,0,NA,0,0,NA,13.8,13.6,12.2,10.7,11.6,12.4,12.6,12.7,12.7,NA,11.9,11.9,12,11.7,11.6,11.8,12.1,12.2,12.2,NA,NA,NA,NA,NA,NA,NA,NA,NA,NA,NA,NA,NA,NA,NA,NA,NA,NA,NA,NA,NA,NA,NA,NA,NA,NA,NA,NA,NA,NA,NA,151,120,56.3,40.6,40.6,41.5,41.3,38.2,38.2,NA,0,0,0,0,0,0,0,0,0,NA,85.2,86,90,91.8,93.6,93.1,92.8,92.7,92.7,5840,5930,88,1.6,0.00374,0.0561,1.6,1.6,1.6,141,2022-10-25 11:28:52.549,2022-10-31 06:36:27.167,2,"0.1",2,NA,NA,NA,NA,NA,FALSE,"Wind tunnel","wt",NA,"Band spread or trailing hose",NA,"Pig",2022-10-25,"","0-5",205,3439,3443,618
