"pid","pmid","oid","row.in.file.int","interval","t.start","t.end","t.start.orig","t.end.orig","dt","dt.calc","dt.diff","ct","mt","cta","bta","bg.dl","bg.val","bg.unit","MOL","ustar","rl","air.pres","air.pres.unit","j.NH3","j.rel","e.int","e.cum","e.rel","air.temp","soil.temp","soil.temp.surf","pH.surf","rad","wind","wind.2m","soil.temp.z.int","air.temp.z.int","wind.z.int","wind.loc.int","far.loc.int","chamber.vol","chamber.flow","chamber.AER","rain","rain.rate","rain.cum","rh","notes.int","flag.int"
3363,3367,93862,5,1,2025-04-02 15:50:49.319,2025-04-02 18:22:43.891,"1743609049.319","1743609049.319",2.53,2.53,-3.11e-15,2.53,1.27,2.53,0,NA,0.222,"ppm",NA,NA,NA,NA,NA,1.17,0.0184,2.96,2.96,0.0466,17.6,NA,NA,NA,NA,NA,NA,NA,NA,NA,NA,NA,"0.15","0.0335","0.223333333333333",0,0,0,NA,".",""
3363,3367,93863,6,2,2025-04-02 18:22:43.891,2025-04-02 20:54:39.079,"1743618163.891","1743618163.891",2.53,2.53,0,5.06,3.8,5.06,2.53,NA,0.112,"ppm",NA,NA,NA,NA,NA,0.825,0.013,2.09,5.05,0.0795,12.9,NA,NA,NA,NA,NA,NA,NA,NA,NA,NA,NA,"0.15","0.0335","0.223333333333333",0,0,0,NA,NA,""
3363,3367,93864,7,3,2025-04-02 20:54:39.079,2025-04-02 23:26:32.891,"1743627279.079","1743627279.079",2.53,2.53,-1.33e-15,7.6,6.33,7.6,5.06,NA,0.0548,"ppm",NA,NA,NA,NA,NA,0.507,0.00798,1.28,6.33,0.0997,2.28,NA,NA,NA,NA,NA,NA,NA,NA,NA,NA,NA,"0.15","0.0335","0.223333333333333",0,0,0,NA,NA,""
3363,3367,93865,8,4,2025-04-02 23:26:32.891,2025-04-03 01:58:29.108,"1743636392.891","1743636392.891",2.53,2.53,8.88e-16,10.1,8.86,10.1,7.6,NA,0.0346,"ppm",NA,NA,NA,NA,NA,0.275,0.00433,0.696,7.03,0.111,0.43,NA,NA,NA,NA,NA,NA,NA,NA,NA,NA,NA,"0.15","0.0335","0.223333333333333",0,0,0,NA,NA,""
3363,3367,93866,9,5,2025-04-03 01:58:29.108,2025-04-03 04:30:24.253,"1743645509.108","1743645509.108",2.53,2.53,-4e-15,12.7,11.4,12.7,10.1,NA,0.0322,"ppm",NA,NA,NA,NA,NA,0.201,0.00316,0.508,7.53,0.119,-1.38,NA,NA,NA,NA,NA,NA,NA,NA,NA,NA,NA,"0.15","0.0335","0.223333333333333",0,0,0,NA,NA,""
3363,3367,93867,10,6,2025-04-03 04:30:24.253,2025-04-03 07:01:43.594,"1743654624.253","1743654624.253",2.52,2.52,-6.62e-11,15.2,13.9,15.2,12.7,NA,0.0325,"ppm",NA,NA,NA,NA,NA,0.145,0.00229,0.366,7.9,0.124,-2.88,NA,NA,NA,NA,NA,NA,NA,NA,NA,NA,NA,"0.15","0.0335","0.223333333333333",0,0,0,NA,NA,""
3363,3367,93868,11,7,2025-04-03 07:01:43.594,2025-04-03 09:33:39.269,"1743663703.594","1743663703.594",2.53,2.53,6.62e-11,17.7,16.4,17.7,15.2,NA,0.044,"ppm",NA,NA,NA,NA,NA,0.114,0.0018,0.289,8.19,0.129,4.7,NA,NA,NA,NA,NA,NA,NA,NA,NA,NA,NA,"0.15","0.0335","0.223333333333333",0,0,0,NA,NA,""
3363,3367,93869,12,8,2025-04-03 09:33:39.269,2025-04-03 12:05:34.796,"1743672819.269","1743672819.269",2.53,2.53,2.22e-15,20.2,19,20.2,17.7,NA,0.081,"ppm",NA,NA,NA,NA,NA,0.159,0.0025,0.402,8.59,0.135,13.9,NA,NA,NA,NA,NA,NA,NA,NA,NA,NA,NA,"0.15","0.0335","0.223333333333333",0,0,0,NA,NA,""
3363,3367,93870,13,9,2025-04-03 12:05:34.796,2025-04-03 14:37:29.595,"1743681934.796","1743681934.796",2.53,2.53,1.33e-15,22.8,21.5,22.8,20.2,NA,0.092,"ppm",NA,NA,NA,NA,NA,0.234,0.00368,0.592,9.18,0.145,16.6,NA,NA,NA,NA,NA,NA,NA,NA,NA,NA,NA,"0.15","0.0335","0.223333333333333",0,0,0,NA,NA,""
3363,3367,93871,14,10,2025-04-03 14:37:29.595,2025-04-03 17:09:25.867,"1743691049.595","1743691049.595",2.53,2.53,-4.44e-16,25.3,24,25.3,22.8,NA,0.0837,"ppm",NA,NA,NA,NA,NA,0.244,0.00385,0.619,9.8,0.154,17.3,NA,NA,NA,NA,NA,NA,NA,NA,NA,NA,NA,"0.15","0.0335","0.223333333333333",0,0,0,NA,NA,""
3363,3367,93872,15,11,2025-04-03 17:09:25.867,2025-04-03 19:41:19.779,"1743700165.867","1743700165.867",2.53,2.53,2.22e-15,27.8,26.6,27.8,25.3,NA,0.0657,"ppm",NA,NA,NA,NA,NA,0.228,0.00358,0.576,10.4,0.163,15.2,NA,NA,NA,NA,NA,NA,NA,NA,NA,NA,NA,"0.15","0.0335","0.223333333333333",0,0,0,NA,NA,""
3363,3367,93873,16,12,2025-04-03 19:41:19.779,2025-04-03 22:13:15.859,"1743709279.779","1743709279.779",2.53,2.53,-1.33e-15,30.4,29.1,30.4,27.8,NA,0.0473,"ppm",NA,NA,NA,NA,NA,0.182,0.00286,0.46,10.8,0.171,10.6,NA,NA,NA,NA,NA,NA,NA,NA,NA,NA,NA,"0.15","0.0335","0.223333333333333",0,0,0,NA,NA,""
3363,3367,93874,17,13,2025-04-03 22:13:15.859,2025-04-04 00:45:10.275,"1743718395.859","1743718395.859",2.53,2.53,0,32.9,31.6,32.9,30.4,NA,0.0374,"ppm",NA,NA,NA,NA,NA,0.129,0.00203,0.326,11.2,0.176,8.35,NA,NA,NA,NA,NA,NA,NA,NA,NA,NA,NA,"0.15","0.0335","0.223333333333333",0,0,0,NA,NA,""
3363,3367,93875,18,14,2025-04-04 00:45:10.275,2025-04-04 03:17:06.124,"1743727510.275","1743727510.275",2.53,2.53,0,35.4,34.2,35.4,32.9,NA,0.0265,"ppm",NA,NA,NA,NA,NA,0.0835,0.00132,0.211,11.4,0.179,-0.15,NA,NA,NA,NA,NA,NA,NA,NA,NA,NA,NA,"0.15","0.0335","0.223333333333333",0,0,0,NA,NA,""
3363,3367,93876,19,15,2025-04-04 03:17:06.124,2025-04-04 05:49:00.957,"1743736626.124","1743736626.124",2.53,2.53,-4.44e-16,38,36.7,38,35.4,NA,0.0265,"ppm",NA,NA,NA,NA,NA,0.0909,0.00143,0.23,11.6,0.183,4.25,NA,NA,NA,NA,NA,NA,NA,NA,NA,NA,NA,"0.15","0.0335","0.223333333333333",0,0,0,NA,NA,""
3363,3367,93877,20,16,2025-04-04 05:49:00.957,2025-04-04 08:20:57.154,"1743745740.957","1743745740.957",2.53,2.53,-2.22e-15,40.5,39.2,40.5,38,NA,0.0311,"ppm",NA,NA,NA,NA,NA,0.106,0.00167,0.269,11.9,0.187,4.15,NA,NA,NA,NA,NA,NA,NA,NA,NA,NA,NA,"0.15","0.0335","0.223333333333333",0,0,0,NA,NA,""
3363,3367,93878,21,17,2025-04-04 08:20:57.154,2025-04-04 10:52:51.934,"1743754857.154","1743754857.154",2.53,2.53,4e-15,43,41.8,43,40.5,NA,0.0335,"ppm",NA,NA,NA,NA,NA,0.0859,0.00135,0.217,12.1,0.19,5.3,NA,NA,NA,NA,NA,NA,NA,NA,NA,NA,NA,"0.15","0.0335","0.223333333333333",0,0,0,NA,NA,""
3363,3367,93879,22,18,2025-04-04 10:52:51.934,2025-04-04 13:24:46.792,"1743763971.934","1743763971.934",2.53,2.53,3.55e-15,45.6,44.3,45.6,43,NA,0.0418,"ppm",NA,NA,NA,NA,NA,0.0942,0.00148,0.239,12.3,0.194,6.53,NA,NA,NA,NA,NA,NA,NA,NA,NA,NA,NA,"0.15","0.0335","0.223333333333333",0,0,0,NA,NA,""
3363,3367,93880,23,19,2025-04-04 13:24:46.792,2025-04-04 15:56:42.315,"1743773086.792","1743773086.792",2.53,2.53,-1.78e-15,48.1,46.8,48.1,45.6,NA,0.0471,"ppm",NA,NA,NA,NA,NA,0.108,0.00171,0.274,12.6,0.198,7.48,NA,NA,NA,NA,NA,NA,NA,NA,NA,NA,NA,"0.15","0.0335","0.223333333333333",0,0,0,NA,NA,""
3363,3367,93881,24,20,2025-04-04 15:56:42.315,2025-04-04 18:28:38.066,"1743782202.315","1743782202.315",2.53,2.53,-2.66e-15,50.6,49.4,50.6,48.1,NA,0.0448,"ppm",NA,NA,NA,NA,NA,0.111,0.00175,0.281,12.9,0.203,7.93,NA,NA,NA,NA,NA,NA,NA,NA,NA,NA,NA,"0.15","0.0335","0.223333333333333",0,0,0,NA,NA,""
3363,3367,93882,25,21,2025-04-04 18:28:38.066,2025-04-04 21:00:32.967,"1743791318.066","1743791318.066",2.53,2.53,-2.22e-15,53.2,51.9,53.2,50.6,NA,0.0302,"ppm",NA,NA,NA,NA,NA,0.0874,0.00138,0.221,13.1,0.206,5.7,NA,NA,NA,NA,NA,NA,NA,NA,NA,NA,NA,"0.15","0.0335","0.223333333333333",0,0,0,NA,NA,""
3363,3367,93883,26,22,2025-04-04 21:00:32.967,2025-04-04 23:32:27.66,"1743800432.967","1743800432.967",2.53,2.53,-6.62e-11,55.7,54.4,55.7,53.2,NA,0.0229,"ppm",NA,NA,NA,NA,NA,0.0543,0.000856,0.138,13.2,0.209,4.1,NA,NA,NA,NA,NA,NA,NA,NA,NA,NA,NA,"0.15","0.0335","0.223333333333333",0,0,0,NA,NA,""
3363,3367,93884,27,23,2025-04-04 23:32:27.66,2025-04-05 02:04:23.345,"1743809547.66","1743809547.66",2.53,2.53,6.62e-11,58.2,57,58.2,55.7,NA,0.0228,"ppm",NA,NA,NA,NA,NA,0.0466,0.000735,0.118,13.4,0.21,2.45,NA,NA,NA,NA,NA,NA,NA,NA,NA,NA,NA,"0.15","0.0335","0.223333333333333",0,0,0,NA,NA,""
3363,3367,93885,28,24,2025-04-05 02:04:23.345,2025-04-05 04:36:17.688,"1743818663.345","1743818663.345",2.53,2.53,-8.88e-16,60.8,59.5,60.8,58.2,NA,0.0204,"ppm",NA,NA,NA,NA,NA,0.0465,0.000732,0.118,13.5,0.212,0.6,NA,NA,NA,NA,NA,NA,NA,NA,NA,NA,NA,"0.15","0.0335","0.223333333333333",0,0,0,NA,NA,""
3363,3367,93886,29,25,2025-04-05 04:36:17.688,2025-04-05 07:08:13.522,"1743827777.688","1743827777.688",2.53,2.53,-6.62e-11,63.3,62,63.3,60.8,NA,0.0188,"ppm",NA,NA,NA,NA,NA,0.0366,0.000576,0.0926,13.6,0.214,2.45,NA,NA,NA,NA,NA,NA,NA,NA,NA,NA,NA,"0.15","0.0335","0.223333333333333",0,0,0,NA,NA,""
3363,3367,93887,30,26,2025-04-05 07:08:13.522,2025-04-05 09:40:09.138,"1743836893.522","1743836893.522",2.53,2.53,6.62e-11,65.8,64.6,65.8,63.3,NA,0.0236,"ppm",NA,NA,NA,NA,NA,0.0345,0.000543,0.0873,13.7,0.215,2.95,NA,NA,NA,NA,NA,NA,NA,NA,NA,NA,NA,"0.15","0.0335","0.223333333333333",0,0,0,NA,NA,""
3363,3367,93888,31,27,2025-04-05 09:40:09.138,2025-04-05 12:12:04.5,"1743846009.138","1743846009.138",2.53,2.53,-8.88e-16,68.4,67.1,68.4,65.8,NA,0.0313,"ppm",NA,NA,NA,NA,NA,0.0467,0.000736,0.118,13.8,0.217,4.9,NA,NA,NA,NA,NA,NA,NA,NA,NA,NA,NA,"0.15","0.0335","0.223333333333333",0,0,0,NA,NA,""
3363,3367,93889,32,28,2025-04-05 12:12:04.5,2025-04-05 14:43:59.457,"1743855124.5","1743855124.5",2.53,2.53,1.33e-15,70.9,69.6,70.9,68.4,NA,0.0384,"ppm",NA,NA,NA,NA,NA,0.064,0.00101,0.162,13.9,0.22,6.03,NA,NA,NA,NA,NA,NA,NA,NA,NA,NA,NA,"0.15","0.0335","0.223333333333333",0,0,0,NA,NA,""
3363,3367,93890,33,29,2025-04-05 14:43:59.457,2025-04-05 17:15:55,"1743864239.457","1743864239.457",2.53,2.53,4.44e-16,73.4,72.2,73.4,70.9,NA,0.0371,"ppm",NA,NA,NA,NA,NA,0.075,0.00118,0.19,14.1,0.223,6.35,NA,NA,NA,NA,NA,NA,NA,NA,NA,NA,NA,"0.15","0.0335","0.223333333333333",0,0,0,NA,NA,""
3363,3367,93891,34,30,2025-04-05 17:15:55,2025-04-05 19:47:48.667,"1743873355","1743873355",2.53,2.53,-1.33e-15,76,74.7,76,73.4,NA,0.0283,"ppm",NA,NA,NA,NA,NA,0.0631,0.000994,0.16,14.3,0.225,5.65,NA,NA,NA,NA,NA,NA,NA,NA,NA,NA,NA,"0.15","0.0335","0.223333333333333",0,0,0,NA,NA,""
3363,3367,93892,35,31,2025-04-05 19:47:48.667,2025-04-05 22:19:44.474,"1743882468.667","1743882468.667",2.53,2.53,1.78e-15,78.5,77.2,78.5,76,NA,0.0219,"ppm",NA,NA,NA,NA,NA,0.0373,0.000588,0.0945,14.4,0.227,-1.6,NA,NA,NA,NA,NA,NA,NA,NA,NA,NA,NA,"0.15","0.0335","0.223333333333333",0,0,0,NA,NA,""
3363,3367,93893,36,32,2025-04-05 22:19:44.474,2025-04-06 00:51:39.842,"1743891584.474","1743891584.474",2.53,2.53,-4e-15,81,79.7,81,78.5,NA,0.0171,"ppm",NA,NA,NA,NA,NA,0.0225,0.000355,0.0571,14.4,0.227,-0.68,NA,NA,NA,NA,NA,NA,NA,NA,NA,NA,NA,"0.15","0.0335","0.223333333333333",0,0,0,NA,NA,""
3363,3367,93894,37,33,2025-04-06 00:51:39.842,2025-04-06 03:23:35.394,"1743900699.842","1743900699.842",2.53,2.53,-3.55e-15,83.5,82.3,83.5,81,NA,0.019,"ppm",NA,NA,NA,NA,NA,0.0204,0.000321,0.0516,14.5,0.228,-4.53,NA,NA,NA,NA,NA,NA,NA,NA,NA,NA,NA,"0.15","0.0335","0.223333333333333",0,0,0,NA,NA,""
3363,3367,93895,38,34,2025-04-06 03:23:35.394,2025-04-06 05:55:30.296,"1743909815.394","1743909815.394",2.53,2.53,3.11e-15,86.1,84.8,86.1,83.5,NA,0.0136,"ppm",NA,NA,NA,NA,NA,0.016,0.000252,0.0406,14.5,0.229,-5.4,NA,NA,NA,NA,NA,NA,NA,NA,NA,NA,NA,"0.15","0.0335","0.223333333333333",0,0,0,NA,NA,""
3363,3367,93896,39,35,2025-04-06 05:55:30.296,2025-04-06 08:27:25.483,"1743918930.296","1743918930.296",2.53,2.53,4.44e-15,88.6,87.3,88.6,86.1,NA,0.0151,"ppm",NA,NA,NA,NA,NA,0.00752,0.000118,0.019,14.6,0.229,-1.38,NA,NA,NA,NA,NA,NA,NA,NA,NA,NA,NA,"0.15","0.0335","0.223333333333333",0,0,0,NA,NA,""
3363,3367,93897,40,36,2025-04-06 08:27:25.483,2025-04-06 10:59:20.332,"1743928045.483","1743928045.483",2.53,2.53,-2.22e-15,91.1,89.9,91.1,88.6,NA,0.0269,"ppm",NA,NA,NA,NA,NA,0.0225,0.000354,0.0569,14.6,0.23,2.3,NA,NA,NA,NA,NA,NA,NA,NA,NA,NA,NA,"0.15","0.0335","0.223333333333333",0,0,0,NA,NA,""
3363,3367,93898,41,37,2025-04-06 10:59:20.332,2025-04-06 13:31:15.5,"1743937160.332","1743937160.332",2.53,2.53,-3.11e-15,93.7,92.4,93.7,91.1,NA,0.0335,"ppm",NA,NA,NA,NA,NA,0.0488,0.000768,0.123,14.7,0.232,7.75,NA,NA,NA,NA,NA,NA,NA,NA,NA,NA,NA,"0.15","0.0335","0.223333333333333",0,0,0,NA,NA,""
3363,3367,93899,42,38,2025-04-06 13:31:15.5,2025-04-06 16:03:11.569,"1743946275.5","1743946275.5",2.53,2.53,1.33e-15,96.2,94.9,96.2,93.7,NA,0.0351,"ppm",NA,NA,NA,NA,NA,0.0591,0.000931,0.15,14.9,0.234,11.4,NA,NA,NA,NA,NA,NA,NA,NA,NA,NA,NA,"0.15","0.0335","0.223333333333333",0,0,0,NA,NA,""
3363,3367,93900,43,39,2025-04-06 16:03:11.569,2025-04-06 18:35:06.476,"1743955391.569","1743955391.569",2.53,2.53,-6.62e-11,98.7,97.5,98.7,96.2,NA,0.0378,"ppm",NA,NA,NA,NA,NA,0.0604,0.000951,0.153,15,0.237,11.8,NA,NA,NA,NA,NA,NA,NA,NA,NA,NA,NA,"0.15","0.0335","0.223333333333333",0,0,0,NA,NA,""
3363,3367,93901,44,40,2025-04-06 18:35:06.476,2025-04-06 21:07:01.621,"1743964506.476","1743964506.476",2.53,2.53,6.62e-11,101,100,101,98.7,NA,0.027,"ppm",NA,NA,NA,NA,NA,0.0574,0.000904,0.145,15.2,0.239,5.05,NA,NA,NA,NA,NA,NA,NA,NA,NA,NA,NA,"0.15","0.0335","0.223333333333333",0,0,0,NA,NA,""
3363,3367,93902,45,41,2025-04-06 21:07:01.621,2025-04-06 23:38:57.259,"1743973621.621","1743973621.621",2.53,2.53,-6.62e-11,104,103,104,101,NA,0.0279,"ppm",NA,NA,NA,NA,NA,0.0324,0.00051,0.082,15.3,0.24,4.9,NA,NA,NA,NA,NA,NA,NA,NA,NA,NA,NA,"0.15","0.0335","0.223333333333333",0,0,0,NA,NA,""
3363,3367,93903,46,42,2025-04-06 23:38:57.259,2025-04-07 02:10:51.331,"1743982737.259","1743982737.259",2.53,2.53,-4e-15,106,105,106,104,NA,0.0191,"ppm",NA,NA,NA,NA,NA,0.0111,0.000175,0.0281,15.3,0.241,-2.2,NA,NA,NA,NA,NA,NA,NA,NA,NA,NA,NA,"0.15","0.0335","0.223333333333333",0,0,0,NA,NA,""
3363,3367,93904,47,43,2025-04-07 02:10:51.331,2025-04-07 04:42:46.933,"1743991851.331","1743991851.331",2.53,2.53,6.62e-11,109,108,109,106,NA,0.0138,"ppm",NA,NA,NA,NA,NA,0.00787,0.000124,0.0199,15.3,0.241,-2.98,NA,NA,NA,NA,NA,NA,NA,NA,NA,NA,NA,"0.15","0.0335","0.223333333333333",0,0,0,NA,NA,""
3363,3367,93905,48,44,2025-04-07 04:42:46.933,2025-04-07 07:14:41.986,"1744000966.933","1744000966.933",2.53,2.53,8.88e-16,111,110,111,109,NA,0.0156,"ppm",NA,NA,NA,NA,NA,0.00746,0.000118,0.0189,15.3,0.241,-0.58,NA,NA,NA,NA,NA,NA,NA,NA,NA,NA,NA,"0.15","0.0335","0.223333333333333",0,0,0,NA,NA,""
3364,3368,93906,49,1,2025-04-02 15:58:48.088,2025-04-02 18:30:44.214,"1743609528.088","1743609528.088",2.53,2.53,8.88e-16,2.53,1.27,2.53,0,NA,0.222,"ppm",NA,NA,NA,NA,NA,1.18,0.0146,2.98,2.98,0.037,17.6,NA,NA,NA,NA,NA,NA,NA,NA,NA,NA,NA,"0.15","0.0335","0.223333333333333",0,0,0,NA,NA,""
3364,3368,93907,50,2,2025-04-02 18:30:44.214,2025-04-02 21:02:39.234,"1743618644.214","1743618644.214",2.53,2.53,-1.78e-15,5.06,3.8,5.06,2.53,NA,0.112,"ppm",NA,NA,NA,NA,NA,1.12,0.0139,2.83,5.8,0.0721,7.13,NA,NA,NA,NA,NA,NA,NA,NA,NA,NA,NA,"0.15","0.0335","0.223333333333333",0,0,0,NA,NA,""
3364,3368,93908,51,3,2025-04-02 21:02:39.234,2025-04-02 23:34:33.7,"1743627759.234","1743627759.234",2.53,2.53,-3.55e-15,7.6,6.33,7.6,5.06,NA,0.0548,"ppm",NA,NA,NA,NA,NA,0.723,0.00899,1.83,7.64,0.0949,2.28,NA,NA,NA,NA,NA,NA,NA,NA,NA,NA,NA,"0.15","0.0335","0.223333333333333",0,0,0,NA,NA,""
3364,3368,93909,52,4,2025-04-02 23:34:33.7,2025-04-03 02:06:28.757,"1743636873.7","1743636873.7",2.53,2.53,4.89e-15,10.1,8.86,10.1,7.6,NA,0.0346,"ppm",NA,NA,NA,NA,NA,0.473,0.00587,1.2,8.83,0.11,-0.35,NA,NA,NA,NA,NA,NA,NA,NA,NA,NA,NA,"0.15","0.0335","0.223333333333333",0,0,0,NA,NA,""
3364,3368,93910,53,5,2025-04-03 02:06:28.757,2025-04-03 04:38:25.039,"1743645988.757","1743645988.757",2.53,2.53,4.44e-16,12.7,11.4,12.7,10.1,NA,0.0322,"ppm",NA,NA,NA,NA,NA,0.378,0.0047,0.957,9.79,0.122,-1.38,NA,NA,NA,NA,NA,NA,NA,NA,NA,NA,NA,"0.15","0.0335","0.223333333333333",0,0,0,NA,NA,""
3364,3368,93911,54,6,2025-04-03 04:38:25.039,2025-04-03 07:09:44.368,"1743655105.039","1743655105.039",2.52,2.52,-3.55e-15,15.2,13.9,15.2,12.7,NA,0.0325,"ppm",NA,NA,NA,NA,NA,0.297,0.00369,0.75,10.5,0.131,-2.88,NA,NA,NA,NA,NA,NA,NA,NA,NA,NA,NA,"0.15","0.0335","0.223333333333333",0,0,0,NA,NA,""
3364,3368,93912,55,7,2025-04-03 07:09:44.368,2025-04-03 09:41:39.621,"1743664184.368","1743664184.368",2.53,2.53,0,17.7,16.4,17.7,15.2,NA,0.044,"ppm",NA,NA,NA,NA,NA,0.247,0.00307,0.626,11.2,0.139,4.7,NA,NA,NA,NA,NA,NA,NA,NA,NA,NA,NA,"0.15","0.0335","0.223333333333333",0,0,0,NA,NA,""
3364,3368,93913,56,8,2025-04-03 09:41:39.621,2025-04-03 12:13:34.7,"1743673299.621","1743673299.621",2.53,2.53,8.88e-16,20.2,19,20.2,17.7,NA,0.081,"ppm",NA,NA,NA,NA,NA,0.32,0.00397,0.81,12,0.149,13.9,NA,NA,NA,NA,NA,NA,NA,NA,NA,NA,NA,"0.15","0.0335","0.223333333333333",0,0,0,NA,NA,""
3364,3368,93914,57,9,2025-04-03 12:13:34.7,2025-04-03 14:45:29.5,"1743682414.7","1743682414.7",2.53,2.53,-3.11e-15,22.8,21.5,22.8,20.2,NA,0.092,"ppm",NA,NA,NA,NA,NA,0.434,0.0054,1.1,13.1,0.162,16.6,NA,NA,NA,NA,NA,NA,NA,NA,NA,NA,NA,"0.15","0.0335","0.223333333333333",0,0,0,NA,NA,""
3364,3368,93915,58,10,2025-04-03 14:45:29.5,2025-04-03 17:17:25.17,"1743691529.5","1743691529.5",2.53,2.53,1.78e-15,25.3,24,25.3,22.8,NA,0.0837,"ppm",NA,NA,NA,NA,NA,0.445,0.00553,1.13,14.2,0.176,17.3,NA,NA,NA,NA,NA,NA,NA,NA,NA,NA,NA,"0.15","0.0335","0.223333333333333",0,0,0,NA,NA,""
3364,3368,93916,59,11,2025-04-03 17:17:25.17,2025-04-03 19:49:20.457,"1743700645.17","1743700645.17",2.53,2.53,-2.22e-15,27.8,26.6,27.8,25.3,NA,0.0657,"ppm",NA,NA,NA,NA,NA,0.403,0.005,1.02,15.2,0.189,15.2,NA,NA,NA,NA,NA,NA,NA,NA,NA,NA,NA,"0.15","0.0335","0.223333333333333",0,0,0,NA,NA,""
3364,3368,93917,60,12,2025-04-03 19:49:20.457,2025-04-03 22:21:14.526,"1743709760.457","1743709760.457",2.53,2.53,-2.66e-15,30.4,29.1,30.4,27.8,NA,0.0473,"ppm",NA,NA,NA,NA,NA,0.301,0.00373,0.761,16,0.199,10.6,NA,NA,NA,NA,NA,NA,NA,NA,NA,NA,NA,"0.15","0.0335","0.223333333333333",0,0,0,NA,NA,""
3364,3368,93918,61,13,2025-04-03 22:21:14.526,2025-04-04 00:53:10.407,"1743718874.526","1743718874.526",2.53,2.53,-2.66e-15,32.9,31.6,32.9,30.4,NA,0.0374,"ppm",NA,NA,NA,NA,NA,0.209,0.0026,0.53,16.5,0.205,8.35,NA,NA,NA,NA,NA,NA,NA,NA,NA,NA,NA,"0.15","0.0335","0.223333333333333",0,0,0,NA,NA,""
3364,3368,93919,62,14,2025-04-04 00:53:10.407,2025-04-04 03:25:05.364,"1743727990.407","1743727990.407",2.53,2.53,-6.62e-11,35.4,34.2,35.4,32.9,NA,0.0265,"ppm",NA,NA,NA,NA,NA,0.14,0.00173,0.353,16.9,0.21,-0.15,NA,NA,NA,NA,NA,NA,NA,NA,NA,NA,NA,"0.15","0.0335","0.223333333333333",0,0,0,NA,NA,""
3364,3368,93920,63,15,2025-04-04 03:25:05.364,2025-04-04 05:57:00.298,"1743737105.364","1743737105.364",2.53,2.53,4.44e-16,38,36.7,38,35.4,NA,0.0265,"ppm",NA,NA,NA,NA,NA,0.142,0.00176,0.36,17.2,0.214,4.25,NA,NA,NA,NA,NA,NA,NA,NA,NA,NA,NA,"0.15","0.0335","0.223333333333333",0,0,0,NA,NA,""
3364,3368,93921,64,16,2025-04-04 05:57:00.298,2025-04-04 08:28:56.283,"1743746220.298","1743746220.298",2.53,2.53,6.62e-11,40.5,39.2,40.5,38,NA,0.0311,"ppm",NA,NA,NA,NA,NA,0.151,0.00187,0.382,17.6,0.219,4.15,NA,NA,NA,NA,NA,NA,NA,NA,NA,NA,NA,"0.15","0.0335","0.223333333333333",0,0,0,NA,NA,""
3364,3368,93922,65,17,2025-04-04 08:28:56.283,2025-04-04 11:00:50.976,"1743755336.283","1743755336.283",2.53,2.53,-6.62e-11,43,41.8,43,40.5,NA,0.0335,"ppm",NA,NA,NA,NA,NA,0.12,0.00149,0.303,17.9,0.222,5.3,NA,NA,NA,NA,NA,NA,NA,NA,NA,NA,NA,"0.15","0.0335","0.223333333333333",0,0,0,NA,NA,""
3364,3368,93923,66,18,2025-04-04 11:00:50.976,2025-04-04 13:32:46.871,"1743764450.976","1743764450.976",2.53,2.53,6.62e-11,45.6,44.3,45.6,43,NA,0.0418,"ppm",NA,NA,NA,NA,NA,0.135,0.00168,0.342,18.3,0.227,6.53,NA,NA,NA,NA,NA,NA,NA,NA,NA,NA,NA,"0.15","0.0335","0.223333333333333",0,0,0,NA,NA,""
3364,3368,93924,67,19,2025-04-04 13:32:46.871,2025-04-04 16:04:42.727,"1743773566.871","1743773566.871",2.53,2.53,2.66e-15,48.1,46.8,48.1,45.6,NA,0.0471,"ppm",NA,NA,NA,NA,NA,0.148,0.00184,0.376,18.6,0.231,7.88,NA,NA,NA,NA,NA,NA,NA,NA,NA,NA,NA,"0.15","0.0335","0.223333333333333",0,0,0,NA,NA,""
3364,3368,93925,68,20,2025-04-04 16:04:42.727,2025-04-04 18:36:37.414,"1743782682.727","1743782682.727",2.53,2.53,3.11e-15,50.6,49.4,50.6,48.1,NA,0.0448,"ppm",NA,NA,NA,NA,NA,0.14,0.00174,0.355,19,0.236,7.93,NA,NA,NA,NA,NA,NA,NA,NA,NA,NA,NA,"0.15","0.0335","0.223333333333333",0,0,0,NA,NA,""
3364,3368,93926,69,21,2025-04-04 18:36:37.414,2025-04-04 21:08:32.869,"1743791797.414","1743791797.414",2.53,2.53,-8.88e-16,53.2,51.9,53.2,50.6,NA,0.0302,"ppm",NA,NA,NA,NA,NA,0.102,0.00127,0.259,19.2,0.239,3.73,NA,NA,NA,NA,NA,NA,NA,NA,NA,NA,NA,"0.15","0.0335","0.223333333333333",0,0,0,NA,NA,""
3364,3368,93927,70,22,2025-04-04 21:08:32.869,2025-04-04 23:40:27.072,"1743800912.869","1743800912.869",2.53,2.53,1.33e-15,55.7,54.4,55.7,53.2,NA,0.0229,"ppm",NA,NA,NA,NA,NA,0.0617,0.000766,0.156,19.4,0.241,4.1,NA,NA,NA,NA,NA,NA,NA,NA,NA,NA,NA,"0.15","0.0335","0.223333333333333",0,0,0,NA,NA,""
3364,3368,93928,71,23,2025-04-04 23:40:27.072,2025-04-05 02:12:23.049,"1743810027.072","1743810027.072",2.53,2.53,-3.55e-15,58.2,57,58.2,55.7,NA,0.0228,"ppm",NA,NA,NA,NA,NA,0.0534,0.000664,0.135,19.5,0.243,2.45,NA,NA,NA,NA,NA,NA,NA,NA,NA,NA,NA,"0.15","0.0335","0.223333333333333",0,0,0,NA,NA,""
3364,3368,93929,72,24,2025-04-05 02:12:23.049,2025-04-05 04:44:18.075,"1743819143.049","1743819143.049",2.53,2.53,5.33e-15,60.8,59.5,60.8,58.2,NA,0.0204,"ppm",NA,NA,NA,NA,NA,0.0522,0.000649,0.132,19.7,0.244,0.6,NA,NA,NA,NA,NA,NA,NA,NA,NA,NA,NA,"0.15","0.0335","0.223333333333333",0,0,0,NA,NA,""
3364,3368,93930,73,25,2025-04-05 04:44:18.075,2025-04-05 07:16:13.786,"1743828258.075","1743828258.075",2.53,2.53,2.22e-15,63.3,62,63.3,60.8,NA,0.0188,"ppm",NA,NA,NA,NA,NA,0.0399,0.000496,0.101,19.8,0.246,2.45,NA,NA,NA,NA,NA,NA,NA,NA,NA,NA,NA,"0.15","0.0335","0.223333333333333",0,0,0,NA,NA,""
3364,3368,93931,74,26,2025-04-05 07:16:13.786,2025-04-05 09:48:09.279,"1743837373.786","1743837373.786",2.53,2.53,4e-15,65.8,64.6,65.8,63.3,NA,0.0236,"ppm",NA,NA,NA,NA,NA,0.0389,0.000483,0.0984,19.9,0.247,2.95,NA,NA,NA,NA,NA,NA,NA,NA,NA,NA,NA,"0.15","0.0335","0.223333333333333",0,0,0,NA,NA,""
3364,3368,93932,75,27,2025-04-05 09:48:09.279,2025-04-05 12:20:03.917,"1743846489.279","1743846489.279",2.53,2.53,2.22e-15,68.4,67.1,68.4,65.8,NA,0.0313,"ppm",NA,NA,NA,NA,NA,0.0564,0.000701,0.143,20,0.249,4.9,NA,NA,NA,NA,NA,NA,NA,NA,NA,NA,NA,"0.15","0.0335","0.223333333333333",0,0,0,NA,NA,""
3364,3368,93933,76,28,2025-04-05 12:20:03.917,2025-04-05 14:51:58.062,"1743855603.917","1743855603.917",2.53,2.53,3.55e-15,70.9,69.6,70.9,68.4,NA,0.0384,"ppm",NA,NA,NA,NA,NA,0.0759,0.000943,0.192,20.2,0.251,6.03,NA,NA,NA,NA,NA,NA,NA,NA,NA,NA,NA,"0.15","0.0335","0.223333333333333",0,0,0,NA,NA,""
3364,3368,93934,77,29,2025-04-05 14:51:58.062,2025-04-05 17:23:54.119,"1743864718.062","1743864718.062",2.53,2.53,-3.11e-15,73.4,72.2,73.4,70.9,NA,0.0371,"ppm",NA,NA,NA,NA,NA,0.0795,0.000988,0.201,20.4,0.253,6.35,NA,NA,NA,NA,NA,NA,NA,NA,NA,NA,NA,"0.15","0.0335","0.223333333333333",0,0,0,NA,NA,""
3364,3368,93935,78,30,2025-04-05 17:23:54.119,2025-04-05 19:55:48.823,"1743873834.119","1743873834.119",2.53,2.53,-2.66e-15,76,74.7,76,73.4,NA,0.0283,"ppm",NA,NA,NA,NA,NA,0.0682,0.000848,0.173,20.6,0.256,5.65,NA,NA,NA,NA,NA,NA,NA,NA,NA,NA,NA,"0.15","0.0335","0.223333333333333",0,0,0,NA,NA,""
3364,3368,93936,79,31,2025-04-05 19:55:48.823,2025-04-05 22:27:44.506,"1743882948.823","1743882948.823",2.53,2.53,1.78e-15,78.5,77.2,78.5,76,NA,0.0219,"ppm",NA,NA,NA,NA,NA,0.0424,0.000527,0.107,20.7,0.257,-1.6,NA,NA,NA,NA,NA,NA,NA,NA,NA,NA,NA,"0.15","0.0335","0.223333333333333",0,0,0,NA,NA,""
3364,3368,93937,80,32,2025-04-05 22:27:44.506,2025-04-06 00:59:39.936,"1743892064.506","1743892064.506",2.53,2.53,-6.62e-11,81,79.7,81,78.5,NA,0.0171,"ppm",NA,NA,NA,NA,NA,0.0198,0.000246,0.0502,20.7,0.258,-0.68,NA,NA,NA,NA,NA,NA,NA,NA,NA,NA,NA,"0.15","0.0335","0.223333333333333",0,0,0,NA,NA,""
3364,3368,93938,81,33,2025-04-06 00:59:39.936,2025-04-06 03:31:35.45,"1743901179.936","1743901179.936",2.53,2.53,6.62e-11,83.5,82.3,83.5,81,NA,0.019,"ppm",NA,NA,NA,NA,NA,0.0163,0.000202,0.0412,20.8,0.258,-4.53,NA,NA,NA,NA,NA,NA,NA,NA,NA,NA,NA,"0.15","0.0335","0.223333333333333",0,0,0,NA,NA,""
3364,3368,93939,82,34,2025-04-06 03:31:35.45,2025-04-06 06:03:29.326,"1743910295.45","1743910295.45",2.53,2.53,8.88e-16,86.1,84.8,86.1,83.5,NA,0.0136,"ppm",NA,NA,NA,NA,NA,0.0117,0.000146,0.0297,20.8,0.258,-5.28,NA,NA,NA,NA,NA,NA,NA,NA,NA,NA,NA,"0.15","0.0335","0.223333333333333",0,0,0,NA,NA,""
3364,3368,93940,83,35,2025-04-06 06:03:29.326,2025-04-06 08:35:24.632,"1743919409.326","1743919409.326",2.53,2.53,4.89e-15,88.6,87.3,88.6,86.1,NA,0.0151,"ppm",NA,NA,NA,NA,NA,0.00527,6.54e-05,0.0133,20.8,0.259,-1.38,NA,NA,NA,NA,NA,NA,NA,NA,NA,NA,NA,"0.15","0.0335","0.223333333333333",0,0,0,NA,NA,""
3364,3368,93941,84,36,2025-04-06 08:35:24.632,2025-04-06 11:07:20.118,"1743928524.632","1743928524.632",2.53,2.53,1.33e-15,91.1,89.9,91.1,88.6,NA,0.0269,"ppm",NA,NA,NA,NA,NA,0.022,0.000273,0.0557,20.9,0.259,4.45,NA,NA,NA,NA,NA,NA,NA,NA,NA,NA,NA,"0.15","0.0335","0.223333333333333",0,0,0,NA,NA,""
3364,3368,93942,85,37,2025-04-06 11:07:20.118,2025-04-06 13:39:15.306,"1743937640.118","1743937640.118",2.53,2.53,0,93.7,92.4,93.7,91.1,NA,0.0335,"ppm",NA,NA,NA,NA,NA,0.0479,0.000595,0.121,21,0.261,7.75,NA,NA,NA,NA,NA,NA,NA,NA,NA,NA,NA,"0.15","0.0335","0.223333333333333",0,0,0,NA,NA,""
3364,3368,93943,86,38,2025-04-06 13:39:15.306,2025-04-06 16:11:10.742,"1743946755.306","1743946755.306",2.53,2.53,4.44e-15,96.2,94.9,96.2,93.7,NA,0.0351,"ppm",NA,NA,NA,NA,NA,0.0594,0.000738,0.15,21.1,0.263,11.4,NA,NA,NA,NA,NA,NA,NA,NA,NA,NA,NA,"0.15","0.0335","0.223333333333333",0,0,0,NA,NA,""
3364,3368,93944,87,39,2025-04-06 16:11:10.742,2025-04-06 18:43:06.328,"1743955870.742","1743955870.742",2.53,2.53,4.44e-15,98.7,97.5,98.7,96.2,NA,0.0378,"ppm",NA,NA,NA,NA,NA,0.0616,0.000765,0.156,21.3,0.265,11.8,NA,NA,NA,NA,NA,NA,NA,NA,NA,NA,NA,"0.15","0.0335","0.223333333333333",0,0,0,NA,NA,""
3364,3368,93945,88,40,2025-04-06 18:43:06.328,2025-04-06 21:15:01.581,"1743964986.328","1743964986.328",2.53,2.53,-6.62e-11,101,100,101,98.7,NA,0.027,"ppm",NA,NA,NA,NA,NA,0.0528,0.000656,0.134,21.4,0.266,5.05,NA,NA,NA,NA,NA,NA,NA,NA,NA,NA,NA,"0.15","0.0335","0.223333333333333",0,0,0,NA,NA,""
3364,3368,93946,89,41,2025-04-06 21:15:01.581,2025-04-06 23:46:56.095,"1743974101.581","1743974101.581",2.53,2.53,6.62e-11,104,103,104,101,NA,0.0279,"ppm",NA,NA,NA,NA,NA,0.0261,0.000324,0.066,21.5,0.267,4.9,NA,NA,NA,NA,NA,NA,NA,NA,NA,NA,NA,"0.15","0.0335","0.223333333333333",0,0,0,NA,NA,""
3364,3368,93947,90,42,2025-04-06 23:46:56.095,2025-04-07 02:18:51.197,"1743983216.095","1743983216.095",2.53,2.53,1.78e-15,106,105,106,104,NA,0.0191,"ppm",NA,NA,NA,NA,NA,0.00619,7.69e-05,0.0157,21.5,0.267,-2.2,NA,NA,NA,NA,NA,NA,NA,NA,NA,NA,NA,"0.15","0.0335","0.223333333333333",0,0,0,NA,NA,""
3364,3368,93948,91,43,2025-04-07 02:18:51.197,2025-04-07 04:50:46.793,"1743992331.197","1743992331.197",2.53,2.53,-4e-15,109,108,109,106,NA,0.0138,"ppm",NA,NA,NA,NA,NA,0.00286,3.55e-05,0.00724,21.5,0.267,-2.98,NA,NA,NA,NA,NA,NA,NA,NA,NA,NA,NA,"0.15","0.0335","0.223333333333333",0,0,0,NA,NA,""
3364,3368,93949,92,44,2025-04-07 04:50:46.793,2025-04-07 07:22:41.062,"1744001446.793","1744001446.793",2.53,2.53,-3.55e-15,111,110,111,109,NA,0.0156,"ppm",NA,NA,NA,NA,NA,0.00366,4.55e-05,0.00927,21.5,0.267,-0.58,NA,NA,NA,NA,NA,NA,NA,NA,NA,NA,NA,"0.15","0.0335","0.223333333333333",0,0,0,NA,NA,""
3365,3369,93950,93,1,2025-04-02 16:06:48.365,2025-04-02 18:38:42.615,"1743610008.365","1743610008.365",2.53,2.53,-8.88e-16,2.53,1.27,2.53,0,NA,0.222,"ppm",NA,NA,NA,NA,NA,1.35,0.0168,3.41,3.41,0.0424,17.6,NA,NA,NA,NA,NA,NA,NA,NA,NA,NA,NA,"0.15","0.0335","0.223333333333333",0,0,0,NA,NA,""
3365,3369,93951,94,2,2025-04-02 18:38:42.615,2025-04-02 21:10:38.505,"1743619122.615","1743619122.615",2.53,2.53,3.55e-15,5.06,3.8,5.06,2.53,NA,0.112,"ppm",NA,NA,NA,NA,NA,1.21,0.0151,3.07,6.49,0.0806,7.13,NA,NA,NA,NA,NA,NA,NA,NA,NA,NA,NA,"0.15","0.0335","0.223333333333333",0,0,0,NA,NA,""
3365,3369,93952,95,3,2025-04-02 21:10:38.505,2025-04-02 23:42:33.427,"1743628238.505","1743628238.505",2.53,2.53,-4.44e-15,7.6,6.33,7.6,5.06,NA,0.0548,"ppm",NA,NA,NA,NA,NA,0.707,0.00878,1.79,8.28,0.103,2.28,NA,NA,NA,NA,NA,NA,NA,NA,NA,NA,NA,"0.15","0.0335","0.223333333333333",0,0,0,NA,NA,""
3365,3369,93953,96,4,2025-04-02 23:42:33.427,2025-04-03 02:14:29.265,"1743637353.427","1743637353.427",2.53,2.53,-6.62e-11,10.1,8.86,10.1,7.6,NA,0.0346,"ppm",NA,NA,NA,NA,NA,0.408,0.00506,1.03,9.31,0.116,-0.35,NA,NA,NA,NA,NA,NA,NA,NA,NA,NA,NA,"0.15","0.0335","0.223333333333333",0,0,0,NA,NA,""
3365,3369,93954,97,5,2025-04-03 02:14:29.265,2025-04-03 04:46:24.644,"1743646469.265","1743646469.265",2.53,2.53,6.62e-11,12.7,11.4,12.7,10.1,NA,0.0322,"ppm",NA,NA,NA,NA,NA,0.321,0.00399,0.812,10.1,0.126,-1.38,NA,NA,NA,NA,NA,NA,NA,NA,NA,NA,NA,"0.15","0.0335","0.223333333333333",0,0,0,NA,NA,""
3365,3369,93955,98,6,2025-04-03 04:46:24.644,2025-04-03 07:17:43.66,"1743655584.644","1743655584.644",2.52,2.52,-6.62e-11,15.2,13.9,15.2,12.7,NA,0.0325,"ppm",NA,NA,NA,NA,NA,0.248,0.00308,0.625,10.7,0.134,-2.88,NA,NA,NA,NA,NA,NA,NA,NA,NA,NA,NA,"0.15","0.0335","0.223333333333333",0,0,0,NA,NA,""
3365,3369,93956,99,7,2025-04-03 07:17:43.66,2025-04-03 09:49:39.49,"1743664663.66","1743664663.66",2.53,2.53,6.62e-11,17.7,16.4,17.7,15.2,NA,0.044,"ppm",NA,NA,NA,NA,NA,0.212,0.00263,0.537,11.3,0.14,4.7,NA,NA,NA,NA,NA,NA,NA,NA,NA,NA,NA,"0.15","0.0335","0.223333333333333",0,0,0,NA,NA,""
3365,3369,93957,100,8,2025-04-03 09:49:39.49,2025-04-03 12:21:33.813,"1743673779.49","1743673779.49",2.53,2.53,-3.11e-15,20.2,19,20.2,17.7,NA,0.081,"ppm",NA,NA,NA,NA,NA,0.248,0.00308,0.627,11.9,0.148,13.9,NA,NA,NA,NA,NA,NA,NA,NA,NA,NA,NA,"0.15","0.0335","0.223333333333333",0,0,0,NA,NA,""
3365,3369,93958,101,9,2025-04-03 12:21:33.813,2025-04-03 14:53:29.309,"1743682893.813","1743682893.813",2.53,2.53,2.66e-15,22.8,21.5,22.8,20.2,NA,0.092,"ppm",NA,NA,NA,NA,NA,0.293,0.00365,0.743,12.7,0.157,16.6,NA,NA,NA,NA,NA,NA,NA,NA,NA,NA,NA,"0.15","0.0335","0.223333333333333",0,0,0,NA,NA,""
3365,3369,93959,102,10,2025-04-03 14:53:29.309,2025-04-03 17:25:25.618,"1743692009.309","1743692009.309",2.53,2.53,-4e-15,25.3,24,25.3,22.8,NA,0.0837,"ppm",NA,NA,NA,NA,NA,0.291,0.00362,0.738,13.4,0.166,17.3,NA,NA,NA,NA,NA,NA,NA,NA,NA,NA,NA,"0.15","0.0335","0.223333333333333",0,0,0,NA,NA,""
3365,3369,93960,103,11,2025-04-03 17:25:25.618,2025-04-03 19:57:20.311,"1743701125.618","1743701125.618",2.53,2.53,-6.62e-11,27.8,26.6,27.8,25.3,NA,0.0657,"ppm",NA,NA,NA,NA,NA,0.248,0.00308,0.627,14,0.174,15.2,NA,NA,NA,NA,NA,NA,NA,NA,NA,NA,NA,"0.15","0.0335","0.223333333333333",0,0,0,NA,NA,""
3365,3369,93961,104,12,2025-04-03 19:57:20.311,2025-04-03 22:29:14.04,"1743710240.311","1743710240.311",2.53,2.53,6.62e-11,30.4,29.1,30.4,27.8,NA,0.0473,"ppm",NA,NA,NA,NA,NA,0.17,0.00211,0.43,14.4,0.18,10.6,NA,NA,NA,NA,NA,NA,NA,NA,NA,NA,NA,"0.15","0.0335","0.223333333333333",0,0,0,NA,NA,""
3365,3369,93962,105,13,2025-04-03 22:29:14.04,2025-04-04 01:01:09.788,"1743719354.04","1743719354.04",2.53,2.53,1.78e-15,32.9,31.6,32.9,30.4,NA,0.0374,"ppm",NA,NA,NA,NA,NA,0.111,0.00138,0.281,14.7,0.183,8.35,NA,NA,NA,NA,NA,NA,NA,NA,NA,NA,NA,"0.15","0.0335","0.223333333333333",0,0,0,NA,NA,""
3365,3369,93963,106,14,2025-04-04 01:01:09.788,2025-04-04 03:33:05.22,"1743728469.788","1743728469.788",2.53,2.53,-1.78e-15,35.4,34.2,35.4,32.9,NA,0.0265,"ppm",NA,NA,NA,NA,NA,0.074,0.000919,0.187,14.9,0.185,-0.15,NA,NA,NA,NA,NA,NA,NA,NA,NA,NA,NA,"0.15","0.0335","0.223333333333333",0,0,0,NA,NA,""
3365,3369,93964,107,15,2025-04-04 03:33:05.22,2025-04-04 06:05:00.729,"1743737585.22","1743737585.22",2.53,2.53,2.66e-15,38,36.7,38,35.4,NA,0.0265,"ppm",NA,NA,NA,NA,NA,0.081,0.00101,0.205,15.1,0.188,4.03,NA,NA,NA,NA,NA,NA,NA,NA,NA,NA,NA,"0.15","0.0335","0.223333333333333",0,0,0,NA,NA,""
3365,3369,93965,108,16,2025-04-04 06:05:00.729,2025-04-04 08:36:56.335,"1743746700.729","1743746700.729",2.53,2.53,-2.66e-15,40.5,39.2,40.5,38,NA,0.0311,"ppm",NA,NA,NA,NA,NA,0.0941,0.00117,0.238,15.4,0.191,4.15,NA,NA,NA,NA,NA,NA,NA,NA,NA,NA,NA,"0.15","0.0335","0.223333333333333",0,0,0,NA,NA,""
3365,3369,93966,109,17,2025-04-04 08:36:56.335,2025-04-04 11:08:52.131,"1743755816.335","1743755816.335",2.53,2.53,4.44e-15,43,41.8,43,40.5,NA,0.0335,"ppm",NA,NA,NA,NA,NA,0.0801,0.000995,0.203,15.6,0.193,5.78,NA,NA,NA,NA,NA,NA,NA,NA,NA,NA,NA,"0.15","0.0335","0.223333333333333",0,0,0,NA,NA,""
3365,3369,93967,110,18,2025-04-04 11:08:52.131,2025-04-04 13:40:46.796,"1743764932.131","1743764932.131",2.53,2.53,-2.22e-15,45.6,44.3,45.6,43,NA,0.0418,"ppm",NA,NA,NA,NA,NA,0.0888,0.0011,0.225,15.8,0.196,6.53,NA,NA,NA,NA,NA,NA,NA,NA,NA,NA,NA,"0.15","0.0335","0.223333333333333",0,0,0,NA,NA,""
3365,3369,93968,111,19,2025-04-04 13:40:46.796,2025-04-04 16:12:41.522,"1743774046.796","1743774046.796",2.53,2.53,-6.62e-11,48.1,46.8,48.1,45.6,NA,0.0471,"ppm",NA,NA,NA,NA,NA,0.0984,0.00122,0.249,16,0.199,7.88,NA,NA,NA,NA,NA,NA,NA,NA,NA,NA,NA,"0.15","0.0335","0.223333333333333",0,0,0,NA,NA,""
3365,3369,93969,112,20,2025-04-04 16:12:41.522,2025-04-04 18:44:36.473,"1743783161.522","1743783161.522",2.53,2.53,6.62e-11,50.6,49.4,50.6,48.1,NA,0.0448,"ppm",NA,NA,NA,NA,NA,0.101,0.00125,0.255,16.3,0.202,7.93,NA,NA,NA,NA,NA,NA,NA,NA,NA,NA,NA,"0.15","0.0335","0.223333333333333",0,0,0,NA,NA,""
3365,3369,93970,113,21,2025-04-04 18:44:36.473,2025-04-04 21:16:32.822,"1743792276.473","1743792276.473",2.53,2.53,1.33e-15,53.2,51.9,53.2,50.6,NA,0.0302,"ppm",NA,NA,NA,NA,NA,0.0703,0.000873,0.178,16.5,0.205,3.73,NA,NA,NA,NA,NA,NA,NA,NA,NA,NA,NA,"0.15","0.0335","0.223333333333333",0,0,0,NA,NA,""
3365,3369,93971,114,22,2025-04-04 21:16:32.822,2025-04-04 23:48:27.559,"1743801392.822","1743801392.822",2.53,2.53,0,55.7,54.4,55.7,53.2,NA,0.0229,"ppm",NA,NA,NA,NA,NA,0.0347,0.000431,0.0879,16.6,0.206,4.1,NA,NA,NA,NA,NA,NA,NA,NA,NA,NA,NA,"0.15","0.0335","0.223333333333333",0,0,0,NA,NA,""
3365,3369,93972,115,23,2025-04-04 23:48:27.559,2025-04-05 02:20:22.414,"1743810507.559","1743810507.559",2.53,2.53,4.89e-15,58.2,57,58.2,55.7,NA,0.0228,"ppm",NA,NA,NA,NA,NA,0.0316,0.000393,0.08,16.6,0.207,2.45,NA,NA,NA,NA,NA,NA,NA,NA,NA,NA,NA,"0.15","0.0335","0.223333333333333",0,0,0,NA,NA,""
3365,3369,93973,116,24,2025-04-05 02:20:22.414,2025-04-05 04:52:17.49,"1743819622.414","1743819622.414",2.53,2.53,2.22e-15,60.8,59.5,60.8,58.2,NA,0.0204,"ppm",NA,NA,NA,NA,NA,0.0325,0.000404,0.0824,16.7,0.208,0.6,NA,NA,NA,NA,NA,NA,NA,NA,NA,NA,NA,"0.15","0.0335","0.223333333333333",0,0,0,NA,NA,""
3365,3369,93974,117,25,2025-04-05 04:52:17.49,2025-04-05 07:24:13.548,"1743828737.49","1743828737.49",2.53,2.53,-6.62e-11,63.3,62,63.3,60.8,NA,0.0188,"ppm",NA,NA,NA,NA,NA,0.0239,0.000297,0.0605,16.8,0.208,2.45,NA,NA,NA,NA,NA,NA,NA,NA,NA,NA,NA,"0.15","0.0335","0.223333333333333",0,0,0,NA,NA,""
3365,3369,93975,118,26,2025-04-05 07:24:13.548,2025-04-05 09:56:08.615,"1743837853.548","1743837853.548",2.53,2.53,6.62e-11,65.8,64.6,65.8,63.3,NA,0.0236,"ppm",NA,NA,NA,NA,NA,0.0276,0.000342,0.0698,16.9,0.209,2.95,NA,NA,NA,NA,NA,NA,NA,NA,NA,NA,NA,"0.15","0.0335","0.223333333333333",0,0,0,NA,NA,""
3365,3369,93976,119,27,2025-04-05 09:56:08.615,2025-04-05 12:28:03.457,"1743846968.615","1743846968.615",2.53,2.53,5.33e-15,68.4,67.1,68.4,65.8,NA,0.0313,"ppm",NA,NA,NA,NA,NA,0.0439,0.000545,0.111,17,0.211,4.9,NA,NA,NA,NA,NA,NA,NA,NA,NA,NA,NA,"0.15","0.0335","0.223333333333333",0,0,0,NA,NA,""
3365,3369,93977,120,28,2025-04-05 12:28:03.457,2025-04-05 14:59:58.247,"1743856083.457","1743856083.457",2.53,2.53,5.33e-15,70.9,69.6,70.9,68.4,NA,0.0384,"ppm",NA,NA,NA,NA,NA,0.0567,0.000704,0.143,17.1,0.212,6.03,NA,NA,NA,NA,NA,NA,NA,NA,NA,NA,NA,"0.15","0.0335","0.223333333333333",0,0,0,NA,NA,""
3365,3369,93978,121,29,2025-04-05 14:59:58.247,2025-04-05 17:31:53.308,"1743865198.247","1743865198.247",2.53,2.53,1.78e-15,73.4,72.2,73.4,70.9,NA,0.0371,"ppm",NA,NA,NA,NA,NA,0.0502,0.000624,0.127,17.2,0.214,6.35,NA,NA,NA,NA,NA,NA,NA,NA,NA,NA,NA,"0.15","0.0335","0.223333333333333",0,0,0,NA,NA,""
3365,3369,93979,122,30,2025-04-05 17:31:53.308,2025-04-05 20:03:49.785,"1743874313.308","1743874313.308",2.53,2.53,-6.62e-11,76,74.7,76,73.4,NA,0.0283,"ppm",NA,NA,NA,NA,NA,0.0443,0.000551,0.112,17.3,0.215,4.38,NA,NA,NA,NA,NA,NA,NA,NA,NA,NA,NA,"0.15","0.0335","0.223333333333333",0,0,0,NA,NA,""
3365,3369,93980,123,31,2025-04-05 20:03:49.785,2025-04-05 22:35:44.44,"1743883429.785","1743883429.785",2.53,2.53,6.62e-11,78.5,77.2,78.5,76,NA,0.0219,"ppm",NA,NA,NA,NA,NA,0.0312,0.000388,0.079,17.4,0.216,-1.6,NA,NA,NA,NA,NA,NA,NA,NA,NA,NA,NA,"0.15","0.0335","0.223333333333333",0,0,0,NA,NA,""
3365,3369,93981,124,32,2025-04-05 22:35:44.44,2025-04-06 01:07:38.911,"1743892544.44","1743892544.44",2.53,2.53,-4.44e-15,81,79.7,81,78.5,NA,0.0171,"ppm",NA,NA,NA,NA,NA,0.0121,0.00015,0.0306,17.5,0.217,-0.35,NA,NA,NA,NA,NA,NA,NA,NA,NA,NA,NA,"0.15","0.0335","0.223333333333333",0,0,0,NA,NA,""
3365,3369,93982,125,33,2025-04-06 01:07:38.911,2025-04-06 03:39:34.421,"1743901658.911","1743901658.911",2.53,2.53,-2.22e-15,83.5,82.3,83.5,81,NA,0.019,"ppm",NA,NA,NA,NA,NA,0.00966,0.00012,0.0244,17.5,0.217,-4.53,NA,NA,NA,NA,NA,NA,NA,NA,NA,NA,NA,"0.15","0.0335","0.223333333333333",0,0,0,NA,NA,""
3365,3369,93983,126,34,2025-04-06 03:39:34.421,2025-04-06 06:11:30.042,"1743910774.421","1743910774.421",2.53,2.53,4.44e-16,86.1,84.8,86.1,83.5,NA,0.0136,"ppm",NA,NA,NA,NA,NA,0.00599,7.44e-05,0.0152,17.5,0.217,-5.28,NA,NA,NA,NA,NA,NA,NA,NA,NA,NA,NA,"0.15","0.0335","0.223333333333333",0,0,0,NA,NA,""
3365,3369,93984,127,35,2025-04-06 06:11:30.042,2025-04-06 08:43:24.486,"1743919890.042","1743919890.042",2.53,2.53,4.44e-16,88.6,87.3,88.6,86.1,NA,0.0151,"ppm",NA,NA,NA,NA,NA,0.00374,4.65e-05,0.00948,17.5,0.217,-1.38,NA,NA,NA,NA,NA,NA,NA,NA,NA,NA,NA,"0.15","0.0335","0.223333333333333",0,0,0,NA,NA,""
3365,3369,93985,128,36,2025-04-06 08:43:24.486,2025-04-06 11:15:19.829,"1743929004.486","1743929004.486",2.53,2.53,1.33e-15,91.1,89.9,91.1,88.6,NA,0.0269,"ppm",NA,NA,NA,NA,NA,0.0176,0.000219,0.0446,17.5,0.218,4.45,NA,NA,NA,NA,NA,NA,NA,NA,NA,NA,NA,"0.15","0.0335","0.223333333333333",0,0,0,NA,NA,""
3365,3369,93986,129,37,2025-04-06 11:15:19.829,2025-04-06 13:47:14.282,"1743938119.829","1743938119.829",2.53,2.53,-3.55e-15,93.7,92.4,93.7,91.1,NA,0.0335,"ppm",NA,NA,NA,NA,NA,0.0422,0.000524,0.107,17.7,0.219,7.75,NA,NA,NA,NA,NA,NA,NA,NA,NA,NA,NA,"0.15","0.0335","0.223333333333333",0,0,0,NA,NA,""
3365,3369,93987,130,38,2025-04-06 13:47:14.282,2025-04-06 16:19:09.858,"1743947234.282","1743947234.282",2.53,2.53,3.11e-15,96.2,94.9,96.2,93.7,NA,0.0351,"ppm",NA,NA,NA,NA,NA,0.0519,0.000644,0.131,17.8,0.221,11.4,NA,NA,NA,NA,NA,NA,NA,NA,NA,NA,NA,"0.15","0.0335","0.223333333333333",0,0,0,NA,NA,""
3365,3369,93988,131,39,2025-04-06 16:19:09.858,2025-04-06 18:51:05.226,"1743956349.858","1743956349.858",2.53,2.53,-6.62e-11,98.7,97.5,98.7,96.2,NA,0.0378,"ppm",NA,NA,NA,NA,NA,0.0536,0.000665,0.136,17.9,0.223,11.8,NA,NA,NA,NA,NA,NA,NA,NA,NA,NA,NA,"0.15","0.0335","0.223333333333333",0,0,0,NA,NA,""
3365,3369,93989,132,40,2025-04-06 18:51:05.226,2025-04-06 21:23:00.615,"1743965465.226","1743965465.226",2.53,2.53,6.62e-11,101,100,101,98.7,NA,0.027,"ppm",NA,NA,NA,NA,NA,0.0481,0.000597,0.122,18,0.224,5.05,NA,NA,NA,NA,NA,NA,NA,NA,NA,NA,NA,"0.15","0.0335","0.223333333333333",0,0,0,NA,NA,""
3365,3369,93990,133,41,2025-04-06 21:23:00.615,2025-04-06 23:54:56.77,"1743974580.615","1743974580.615",2.53,2.53,-4.44e-16,104,103,104,101,NA,0.0279,"ppm",NA,NA,NA,NA,NA,0.0225,0.000279,0.0569,18.1,0.225,4.9,NA,NA,NA,NA,NA,NA,NA,NA,NA,NA,NA,"0.15","0.0335","0.223333333333333",0,0,0,NA,NA,""
3365,3369,93991,134,42,2025-04-06 23:54:56.77,2025-04-07 02:26:51.127,"1743983696.77","1743983696.77",2.53,2.53,-6.62e-11,106,105,106,104,NA,0.0191,"ppm",NA,NA,NA,NA,NA,0.00492,6.11e-05,0.0124,18.1,0.225,-2.2,NA,NA,NA,NA,NA,NA,NA,NA,NA,NA,NA,"0.15","0.0335","0.223333333333333",0,0,0,NA,NA,""
3365,3369,93992,135,43,2025-04-07 02:26:51.127,2025-04-07 04:58:45.875,"1743992811.127","1743992811.127",2.53,2.53,6.62e-11,109,108,109,106,NA,0.0138,"ppm",NA,NA,NA,NA,NA,0.00256,3.19e-05,0.00649,18.1,0.225,-2.98,NA,NA,NA,NA,NA,NA,NA,NA,NA,NA,NA,"0.15","0.0335","0.223333333333333",0,0,0,NA,NA,""
3365,3369,93993,136,44,2025-04-07 04:58:45.875,2025-04-07 07:30:41.88,"1744001925.875","1744001925.875",2.53,2.53,-4.44e-16,111,110,111,109,NA,0.0156,"ppm",NA,NA,NA,NA,NA,0.00327,4.07e-05,0.00829,18.1,0.225,-0.58,NA,NA,NA,NA,NA,NA,NA,NA,NA,NA,NA,"0.15","0.0335","0.223333333333333",0,0,0,NA,NA,""
3366,3370,93994,137,1,2025-04-02 16:14:47.766,2025-04-02 18:46:43.076,"1743610487.766","1743610487.766",2.53,2.53,-1.33e-15,2.53,1.27,2.53,0,NA,0.222,"ppm",NA,NA,NA,NA,NA,2.08,0.0258,5.25,5.25,0.0653,17.6,NA,NA,NA,NA,NA,NA,NA,NA,NA,NA,NA,"0.15","0.0335","0.223333333333333",0,0,0,NA,NA,""
3366,3370,93995,138,2,2025-04-02 18:46:43.076,2025-04-02 21:18:37.829,"1743619603.076","1743619603.076",2.53,2.53,-1.33e-15,5.06,3.8,5.06,2.53,NA,0.112,"ppm",NA,NA,NA,NA,NA,1.7,0.0211,4.3,9.55,0.119,7.13,NA,NA,NA,NA,NA,NA,NA,NA,NA,NA,NA,"0.15","0.0335","0.223333333333333",0,0,0,NA,NA,""
3366,3370,93996,139,3,2025-04-02 21:18:37.829,2025-04-02 23:50:33.187,"1743628717.829","1743628717.829",2.53,2.53,4.89e-15,7.6,6.33,7.6,5.06,NA,0.0548,"ppm",NA,NA,NA,NA,NA,1.13,0.0141,2.87,12.4,0.154,2.28,NA,NA,NA,NA,NA,NA,NA,NA,NA,NA,NA,"0.15","0.0335","0.223333333333333",0,0,0,NA,NA,""
3366,3370,93997,140,4,2025-04-02 23:50:33.187,2025-04-03 02:22:28.586,"1743637833.187","1743637833.187",2.53,2.53,-4.44e-15,10.1,8.86,10.1,7.6,NA,0.0346,"ppm",NA,NA,NA,NA,NA,0.645,0.00802,1.63,14.1,0.175,-0.35,NA,NA,NA,NA,NA,NA,NA,NA,NA,NA,NA,"0.15","0.0335","0.223333333333333",0,0,0,NA,NA,""
3366,3370,93998,141,5,2025-04-03 02:22:28.586,2025-04-03 04:54:24.474,"1743646948.586","1743646948.586",2.53,2.53,0,12.7,11.4,12.7,10.1,NA,0.0322,"ppm",NA,NA,NA,NA,NA,0.445,0.00553,1.13,15.2,0.189,-1.38,NA,NA,NA,NA,NA,NA,NA,NA,NA,NA,NA,"0.15","0.0335","0.223333333333333",0,0,0,NA,NA,""
3366,3370,93999,142,6,2025-04-03 04:54:24.474,2025-04-03 07:25:43.499,"1743656064.474","1743656064.474",2.52,2.52,0,15.2,13.9,15.2,12.7,NA,0.0325,"ppm",NA,NA,NA,NA,NA,0.359,0.00446,0.905,16.1,0.2,-2.88,NA,NA,NA,NA,NA,NA,NA,NA,NA,NA,NA,"0.15","0.0335","0.223333333333333",0,0,0,NA,NA,""
3366,3370,94000,143,7,2025-04-03 07:25:43.499,2025-04-03 09:57:39.24,"1743665143.499","1743665143.499",2.53,2.53,-3.55e-15,17.7,16.4,17.7,15.2,NA,0.044,"ppm",NA,NA,NA,NA,NA,0.368,0.00457,0.931,17,0.211,4.7,NA,NA,NA,NA,NA,NA,NA,NA,NA,NA,NA,"0.15","0.0335","0.223333333333333",0,0,0,NA,NA,""
3366,3370,94001,144,8,2025-04-03 09:57:39.24,2025-04-03 12:29:32.984,"1743674259.24","1743674259.24",2.53,2.53,4.44e-16,20.2,19,20.2,17.7,NA,0.081,"ppm",NA,NA,NA,NA,NA,0.473,0.00588,1.2,18.2,0.226,13.9,NA,NA,NA,NA,NA,NA,NA,NA,NA,NA,NA,"0.15","0.0335","0.223333333333333",0,0,0,NA,NA,""
3366,3370,94002,145,9,2025-04-03 12:29:32.984,2025-04-03 15:01:29.453,"1743683372.984","1743683372.984",2.53,2.53,0,22.8,21.5,22.8,20.2,NA,0.092,"ppm",NA,NA,NA,NA,NA,0.543,0.00674,1.37,19.6,0.243,16.6,NA,NA,NA,NA,NA,NA,NA,NA,NA,NA,NA,"0.15","0.0335","0.223333333333333",0,0,0,NA,NA,""
3366,3370,94003,146,10,2025-04-03 15:01:29.453,2025-04-03 17:33:24.171,"1743692489.453","1743692489.453",2.53,2.53,2.66e-15,25.3,24,25.3,22.8,NA,0.0837,"ppm",NA,NA,NA,NA,NA,0.542,0.00673,1.37,21,0.26,17.3,NA,NA,NA,NA,NA,NA,NA,NA,NA,NA,NA,"0.15","0.0335","0.223333333333333",0,0,0,NA,NA,""
3366,3370,94004,147,11,2025-04-03 17:33:24.171,2025-04-03 20:05:19.947,"1743701604.171","1743701604.171",2.53,2.53,2.22e-15,27.8,26.6,27.8,25.3,NA,0.0657,"ppm",NA,NA,NA,NA,NA,0.464,0.00576,1.17,22.1,0.275,13.3,NA,NA,NA,NA,NA,NA,NA,NA,NA,NA,NA,"0.15","0.0335","0.223333333333333",0,0,0,NA,NA,""
3366,3370,94005,148,12,2025-04-03 20:05:19.947,2025-04-03 22:37:13.628,"1743710719.947","1743710719.947",2.53,2.53,4e-15,30.4,29.1,30.4,27.8,NA,0.0473,"ppm",NA,NA,NA,NA,NA,0.325,0.00404,0.823,23,0.285,10.6,NA,NA,NA,NA,NA,NA,NA,NA,NA,NA,NA,"0.15","0.0335","0.223333333333333",0,0,0,NA,NA,""
3366,3370,94006,149,13,2025-04-03 22:37:13.628,2025-04-04 01:09:08.815,"1743719833.628","1743719833.628",2.53,2.53,4.44e-15,32.9,31.6,32.9,30.4,NA,0.0374,"ppm",NA,NA,NA,NA,NA,0.219,0.00272,0.554,23.5,0.292,5.3,NA,NA,NA,NA,NA,NA,NA,NA,NA,NA,NA,"0.15","0.0335","0.223333333333333",0,0,0,NA,NA,""
3366,3370,94007,150,14,2025-04-04 01:09:08.815,2025-04-04 03:41:05.171,"1743728948.815","1743728948.815",2.53,2.53,4e-15,35.4,34.2,35.4,32.9,NA,0.0265,"ppm",NA,NA,NA,NA,NA,0.148,0.00184,0.376,23.9,0.297,-0.15,NA,NA,NA,NA,NA,NA,NA,NA,NA,NA,NA,"0.15","0.0335","0.223333333333333",0,0,0,NA,NA,""
3366,3370,94008,151,15,2025-04-04 03:41:05.171,2025-04-04 06:13:00.233,"1743738065.171","1743738065.171",2.53,2.53,-3.11e-15,38,36.7,38,35.4,NA,0.0265,"ppm",NA,NA,NA,NA,NA,0.131,0.00163,0.331,24.2,0.301,4.03,NA,NA,NA,NA,NA,NA,NA,NA,NA,NA,NA,"0.15","0.0335","0.223333333333333",0,0,0,NA,NA,""
3366,3370,94009,152,16,2025-04-04 06:13:00.233,2025-04-04 08:44:56.22,"1743747180.233","1743747180.233",2.53,2.53,-2.22e-15,40.5,39.2,40.5,38,NA,0.0311,"ppm",NA,NA,NA,NA,NA,0.134,0.00167,0.34,24.6,0.305,4.15,NA,NA,NA,NA,NA,NA,NA,NA,NA,NA,NA,"0.15","0.0335","0.223333333333333",0,0,0,NA,NA,""
3366,3370,94010,153,17,2025-04-04 08:44:56.22,2025-04-04 11:16:50.549,"1743756296.22","1743756296.22",2.53,2.53,4e-15,43,41.8,43,40.5,NA,0.0335,"ppm",NA,NA,NA,NA,NA,0.132,0.00164,0.334,24.9,0.309,5.78,NA,NA,NA,NA,NA,NA,NA,NA,NA,NA,NA,"0.15","0.0335","0.223333333333333",0,0,0,NA,NA,""
3366,3370,94011,154,18,2025-04-04 11:16:50.549,2025-04-04 13:48:46.539,"1743765410.549","1743765410.549",2.53,2.53,-3.55e-15,45.6,44.3,45.6,43,NA,0.0418,"ppm",NA,NA,NA,NA,NA,0.151,0.00188,0.383,25.3,0.314,6.53,NA,NA,NA,NA,NA,NA,NA,NA,NA,NA,NA,"0.15","0.0335","0.223333333333333",0,0,0,NA,NA,""
3366,3370,94012,155,19,2025-04-04 13:48:46.539,2025-04-04 16:20:42.138,"1743774526.539","1743774526.539",2.53,2.53,4.89e-15,48.1,46.8,48.1,45.6,NA,0.0471,"ppm",NA,NA,NA,NA,NA,0.16,0.00198,0.404,25.7,0.319,7.88,NA,NA,NA,NA,NA,NA,NA,NA,NA,NA,NA,"0.15","0.0335","0.223333333333333",0,0,0,NA,NA,""
3366,3370,94013,156,20,2025-04-04 16:20:42.138,2025-04-04 18:52:36.818,"1743783642.138","1743783642.138",2.53,2.53,-6.62e-11,50.6,49.4,50.6,48.1,NA,0.0448,"ppm",NA,NA,NA,NA,NA,0.153,0.00189,0.386,26.1,0.324,7.93,NA,NA,NA,NA,NA,NA,NA,NA,NA,NA,NA,"0.15","0.0335","0.223333333333333",0,0,0,NA,NA,""
3366,3370,94014,157,21,2025-04-04 18:52:36.818,2025-04-04 21:24:32.868,"1743792756.818","1743792756.818",2.53,2.53,6.62e-11,53.2,51.9,53.2,50.6,NA,0.0302,"ppm",NA,NA,NA,NA,NA,0.108,0.00134,0.273,26.3,0.327,3.73,NA,NA,NA,NA,NA,NA,NA,NA,NA,NA,NA,"0.15","0.0335","0.223333333333333",0,0,0,NA,NA,""
3366,3370,94015,158,22,2025-04-04 21:24:32.868,2025-04-04 23:56:27.069,"1743801872.868","1743801872.868",2.53,2.53,-2.66e-15,55.7,54.4,55.7,53.2,NA,0.0229,"ppm",NA,NA,NA,NA,NA,0.0624,0.000775,0.158,26.5,0.329,4.1,NA,NA,NA,NA,NA,NA,NA,NA,NA,NA,NA,"0.15","0.0335","0.223333333333333",0,0,0,NA,NA,""
3366,3370,94016,159,23,2025-04-04 23:56:27.069,2025-04-05 02:28:21.921,"1743810987.069","1743810987.069",2.53,2.53,-3.55e-15,58.2,57,58.2,55.7,NA,0.0228,"ppm",NA,NA,NA,NA,NA,0.06,0.000746,0.152,26.7,0.331,2.45,NA,NA,NA,NA,NA,NA,NA,NA,NA,NA,NA,"0.15","0.0335","0.223333333333333",0,0,0,NA,NA,""
3366,3370,94017,160,24,2025-04-05 02:28:21.921,2025-04-05 05:00:17.141,"1743820101.921","1743820101.921",2.53,2.53,-3.11e-15,60.8,59.5,60.8,58.2,NA,0.0204,"ppm",NA,NA,NA,NA,NA,0.06,0.000745,0.152,26.8,0.333,0.6,NA,NA,NA,NA,NA,NA,NA,NA,NA,NA,NA,"0.15","0.0335","0.223333333333333",0,0,0,NA,NA,""
3366,3370,94018,161,25,2025-04-05 05:00:17.141,2025-04-05 07:32:12.976,"1743829217.141","1743829217.141",2.53,2.53,-6.62e-11,63.3,62,63.3,60.8,NA,0.0188,"ppm",NA,NA,NA,NA,NA,0.0473,0.000587,0.12,26.9,0.334,2.45,NA,NA,NA,NA,NA,NA,NA,NA,NA,NA,NA,"0.15","0.0335","0.223333333333333",0,0,0,NA,NA,""
3366,3370,94019,162,26,2025-04-05 07:32:12.976,2025-04-05 10:04:07.724,"1743838332.976","1743838332.976",2.53,2.53,6.62e-11,65.8,64.6,65.8,63.3,NA,0.0236,"ppm",NA,NA,NA,NA,NA,0.0572,0.000711,0.145,27.1,0.336,3.58,NA,NA,NA,NA,NA,NA,NA,NA,NA,NA,NA,"0.15","0.0335","0.223333333333333",0,0,0,NA,NA,""
3366,3370,94020,163,27,2025-04-05 10:04:07.724,2025-04-05 12:36:03.198,"1743847447.724","1743847447.724",2.53,2.53,-3.55e-15,68.4,67.1,68.4,65.8,NA,0.0313,"ppm",NA,NA,NA,NA,NA,0.0746,0.000927,0.189,27.3,0.339,4.9,NA,NA,NA,NA,NA,NA,NA,NA,NA,NA,NA,"0.15","0.0335","0.223333333333333",0,0,0,NA,NA,""
3366,3370,94021,164,28,2025-04-05 12:36:03.198,2025-04-05 15:07:58.401,"1743856563.198","1743856563.198",2.53,2.53,3.55e-15,70.9,69.6,70.9,68.4,NA,0.0384,"ppm",NA,NA,NA,NA,NA,0.0897,0.00111,0.227,27.5,0.341,6.4,NA,NA,NA,NA,NA,NA,NA,NA,NA,NA,NA,"0.15","0.0335","0.223333333333333",0,0,0,NA,NA,""
3366,3370,94022,165,29,2025-04-05 15:07:58.401,2025-04-05 17:39:53.424,"1743865678.401","1743865678.401",2.53,2.53,-3.11e-15,73.4,72.2,73.4,70.9,NA,0.0371,"ppm",NA,NA,NA,NA,NA,0.102,0.00126,0.257,27.7,0.345,6.35,NA,NA,NA,NA,NA,NA,NA,NA,NA,NA,NA,"0.15","0.0335","0.223333333333333",0,0,0,NA,NA,""
3366,3370,94023,166,30,2025-04-05 17:39:53.424,2025-04-05 20:11:48.262,"1743874793.424","1743874793.424",2.53,2.53,1.33e-15,76,74.7,76,73.4,NA,0.0283,"ppm",NA,NA,NA,NA,NA,0.0914,0.00114,0.231,28,0.348,4.38,NA,NA,NA,NA,NA,NA,NA,NA,NA,NA,NA,"0.15","0.0335","0.223333333333333",0,0,0,NA,NA,""
3366,3370,94024,167,31,2025-04-05 20:11:48.262,2025-04-05 22:43:43.533,"1743883908.262","1743883908.262",2.53,2.53,-8.88e-16,78.5,77.2,78.5,76,NA,0.0219,"ppm",NA,NA,NA,NA,NA,0.0543,0.000674,0.137,28.1,0.349,-1.6,NA,NA,NA,NA,NA,NA,NA,NA,NA,NA,NA,"0.15","0.0335","0.223333333333333",0,0,0,NA,NA,""
3366,3370,94025,168,32,2025-04-05 22:43:43.533,2025-04-06 01:15:39.039,"1743893023.533","1743893023.533",2.53,2.53,4e-15,81,79.7,81,78.5,NA,0.0171,"ppm",NA,NA,NA,NA,NA,0.0238,0.000296,0.0604,28.2,0.35,-0.35,NA,NA,NA,NA,NA,NA,NA,NA,NA,NA,NA,"0.15","0.0335","0.223333333333333",0,0,0,NA,NA,""
3366,3370,94026,169,33,2025-04-06 01:15:39.039,2025-04-06 03:47:34.411,"1743902139.039","1743902139.039",2.53,2.53,0,83.5,82.3,83.5,81,NA,0.019,"ppm",NA,NA,NA,NA,NA,0.0173,0.000215,0.0439,28.2,0.351,-4.53,NA,NA,NA,NA,NA,NA,NA,NA,NA,NA,NA,"0.15","0.0335","0.223333333333333",0,0,0,NA,NA,""
3366,3370,94027,170,34,2025-04-06 03:47:34.411,2025-04-06 06:19:29.23,"1743911254.411","1743911254.411",2.53,2.53,4e-15,86.1,84.8,86.1,83.5,NA,0.0136,"ppm",NA,NA,NA,NA,NA,0.0107,0.000133,0.0271,28.2,0.351,-5.28,NA,NA,NA,NA,NA,NA,NA,NA,NA,NA,NA,"0.15","0.0335","0.223333333333333",0,0,0,NA,NA,""
3366,3370,94028,171,35,2025-04-06 06:19:29.23,2025-04-06 08:51:24.401,"1743920369.23","1743920369.23",2.53,2.53,-4e-15,88.6,87.3,88.6,86.1,NA,0.0151,"ppm",NA,NA,NA,NA,NA,0.00708,8.79e-05,0.0179,28.3,0.351,-1.38,NA,NA,NA,NA,NA,NA,NA,NA,NA,NA,NA,"0.15","0.0335","0.223333333333333",0,0,0,NA,NA,""
3366,3370,94029,172,36,2025-04-06 08:51:24.401,2025-04-06 11:23:19.638,"1743929484.401","1743929484.401",2.53,2.53,8.88e-16,91.1,89.9,91.1,88.6,NA,0.0269,"ppm",NA,NA,NA,NA,NA,0.0285,0.000354,0.0721,28.3,0.352,4.45,NA,NA,NA,NA,NA,NA,NA,NA,NA,NA,NA,"0.15","0.0335","0.223333333333333",0,0,0,NA,NA,""
3366,3370,94030,173,37,2025-04-06 11:23:19.638,2025-04-06 13:55:15.351,"1743938599.638","1743938599.638",2.53,2.53,-6.62e-11,93.7,92.4,93.7,91.1,NA,0.0335,"ppm",NA,NA,NA,NA,NA,0.0617,0.000766,0.156,28.5,0.354,7.75,NA,NA,NA,NA,NA,NA,NA,NA,NA,NA,NA,"0.15","0.0335","0.223333333333333",0,0,0,NA,NA,""
3366,3370,94031,174,38,2025-04-06 13:55:15.351,2025-04-06 16:27:09.651,"1743947715.351","1743947715.351",2.53,2.53,6.62e-11,96.2,94.9,96.2,93.7,NA,0.0351,"ppm",NA,NA,NA,NA,NA,0.0755,0.000938,0.191,28.7,0.356,11.4,NA,NA,NA,NA,NA,NA,NA,NA,NA,NA,NA,"0.15","0.0335","0.223333333333333",0,0,0,NA,NA,""
3366,3370,94032,175,39,2025-04-06 16:27:09.651,2025-04-06 18:59:06.022,"1743956829.651","1743956829.651",2.53,2.53,-6.62e-11,98.7,97.5,98.7,96.2,NA,0.0378,"ppm",NA,NA,NA,NA,NA,0.0793,0.000985,0.201,28.9,0.359,11.8,NA,NA,NA,NA,NA,NA,NA,NA,NA,NA,NA,"0.15","0.0335","0.223333333333333",0,0,0,NA,NA,""
3366,3370,94033,176,40,2025-04-06 18:59:06.022,2025-04-06 21:31:00.604,"1743965946.022","1743965946.022",2.53,2.53,6.62e-11,101,100,101,98.7,NA,0.027,"ppm",NA,NA,NA,NA,NA,0.0665,0.000826,0.168,29.1,0.361,5.05,NA,NA,NA,NA,NA,NA,NA,NA,NA,NA,NA,"0.15","0.0335","0.223333333333333",0,0,0,NA,NA,""
3366,3370,94034,177,41,2025-04-06 21:31:00.604,2025-04-07 00:02:55.648,"1743975060.604","1743975060.604",2.53,2.53,4.89e-15,104,103,104,101,NA,0.0279,"ppm",NA,NA,NA,NA,NA,0.0334,0.000415,0.0846,29.1,0.362,2.88,NA,NA,NA,NA,NA,NA,NA,NA,NA,NA,NA,"0.15","0.0335","0.223333333333333",0,0,0,NA,NA,""
3366,3370,94035,178,42,2025-04-07 00:02:55.648,2025-04-07 02:34:50.986,"1743984175.648","1743984175.648",2.53,2.53,2.22e-15,106,105,106,104,NA,0.0191,"ppm",NA,NA,NA,NA,NA,0.0104,0.000129,0.0263,29.2,0.362,-2.2,NA,NA,NA,NA,NA,NA,NA,NA,NA,NA,NA,"0.15","0.0335","0.223333333333333",0,0,0,NA,NA,""
3366,3370,94036,179,43,2025-04-07 02:34:50.986,2025-04-07 05:06:45.625,"1743993290.986","1743993290.986",2.53,2.53,-2.22e-15,109,108,109,106,NA,0.0138,"ppm",NA,NA,NA,NA,NA,0.003,3.72e-05,0.00758,29.2,0.362,-1.83,NA,NA,NA,NA,NA,NA,NA,NA,NA,NA,NA,"0.15","0.0335","0.223333333333333",0,0,0,NA,NA,""
3367,3371,94037,180,1,2025-04-02 16:30:46.869,2025-04-02 19:02:42.459,"1743611446.869","1743611446.869",2.53,2.53,8.88e-16,2.53,1.27,2.53,0,NA,0.222,"ppm",NA,NA,NA,NA,NA,2.32,0.0221,5.87,5.87,0.0559,16.8,NA,NA,NA,NA,NA,NA,NA,NA,NA,NA,NA,"0.15","0.0335","0.223333333333333",0,0,0,NA,NA,""
3367,3371,94038,181,2,2025-04-02 19:02:42.459,2025-04-02 21:34:38.43,"1743620562.459","1743620562.459",2.53,2.53,-6.62e-11,5.06,3.8,5.06,2.53,NA,0.112,"ppm",NA,NA,NA,NA,NA,1.52,0.0144,3.84,9.71,0.0924,7.13,NA,NA,NA,NA,NA,NA,NA,NA,NA,NA,NA,"0.15","0.0335","0.223333333333333",0,0,0,NA,NA,""
3367,3371,94039,182,3,2025-04-02 21:34:38.43,2025-04-03 00:06:32.927,"1743629678.43","1743629678.43",2.53,2.53,6.62e-11,7.6,6.33,7.6,5.06,NA,0.0548,"ppm",NA,NA,NA,NA,NA,0.767,0.0073,1.94,11.6,0.111,1.3,NA,NA,NA,NA,NA,NA,NA,NA,NA,NA,NA,"0.15","0.0335","0.223333333333333",0,0,0,NA,NA,""
3367,3371,94040,183,4,2025-04-03 00:06:32.927,2025-04-03 02:38:28.607,"1743638792.927","1743638792.927",2.53,2.53,-6.62e-11,10.1,8.86,10.1,7.6,NA,0.0346,"ppm",NA,NA,NA,NA,NA,0.385,0.00367,0.976,12.6,0.12,-0.35,NA,NA,NA,NA,NA,NA,NA,NA,NA,NA,NA,"0.15","0.0335","0.223333333333333",0,0,0,NA,NA,""
3367,3371,94041,184,5,2025-04-03 02:38:28.607,2025-04-03 05:10:23.346,"1743647908.607","1743647908.607",2.53,2.53,6.62e-11,12.7,11.4,12.7,10.1,NA,0.0322,"ppm",NA,NA,NA,NA,NA,0.304,0.0029,0.77,13.4,0.128,-2.3,NA,NA,NA,NA,NA,NA,NA,NA,NA,NA,NA,"0.15","0.0335","0.223333333333333",0,0,0,NA,NA,""
3367,3371,94042,185,6,2025-04-03 05:10:23.346,2025-04-03 07:41:43.253,"1743657023.346","1743657023.346",2.52,2.52,-2.66e-15,15.2,13.9,15.2,12.7,NA,0.0325,"ppm",NA,NA,NA,NA,NA,0.253,0.00241,0.638,14,0.134,-2.88,NA,NA,NA,NA,NA,NA,NA,NA,NA,NA,NA,"0.15","0.0335","0.223333333333333",0,0,0,NA,NA,""
3367,3371,94043,186,7,2025-04-03 07:41:43.253,2025-04-03 10:13:38.519,"1743666103.253","1743666103.253",2.53,2.53,-4.44e-16,17.7,16.4,17.7,15.2,NA,0.044,"ppm",NA,NA,NA,NA,NA,0.279,0.00266,0.707,14.7,0.14,10.3,NA,NA,NA,NA,NA,NA,NA,NA,NA,NA,NA,"0.15","0.0335","0.223333333333333",0,0,0,NA,NA,""
3367,3371,94044,187,8,2025-04-03 10:13:38.519,2025-04-03 12:45:33.253,"1743675218.519","1743675218.519",2.53,2.53,1.33e-15,20.2,19,20.2,17.7,NA,0.081,"ppm",NA,NA,NA,NA,NA,0.37,0.00352,0.936,15.7,0.149,13.9,NA,NA,NA,NA,NA,NA,NA,NA,NA,NA,NA,"0.15","0.0335","0.223333333333333",0,0,0,NA,NA,""
3367,3371,94045,188,9,2025-04-03 12:45:33.253,2025-04-03 15:17:29.026,"1743684333.253","1743684333.253",2.53,2.53,3.55e-15,22.8,21.5,22.8,20.2,NA,0.092,"ppm",NA,NA,NA,NA,NA,0.424,0.00404,1.07,16.8,0.16,17.2,NA,NA,NA,NA,NA,NA,NA,NA,NA,NA,NA,"0.15","0.0335","0.223333333333333",0,0,0,NA,NA,""
3367,3371,94046,189,10,2025-04-03 15:17:29.026,2025-04-03 17:49:24.637,"1743693449.026","1743693449.026",2.53,2.53,-4.44e-16,25.3,24,25.3,22.8,NA,0.0837,"ppm",NA,NA,NA,NA,NA,0.432,0.00412,1.1,17.8,0.17,17.3,NA,NA,NA,NA,NA,NA,NA,NA,NA,NA,NA,"0.15","0.0335","0.223333333333333",0,0,0,NA,NA,""
3367,3371,94047,190,11,2025-04-03 17:49:24.637,2025-04-03 20:21:19.036,"1743702564.637","1743702564.637",2.53,2.53,3.55e-15,27.8,26.6,27.8,25.3,NA,0.0657,"ppm",NA,NA,NA,NA,NA,0.377,0.00359,0.955,18.8,0.179,13.3,NA,NA,NA,NA,NA,NA,NA,NA,NA,NA,NA,"0.15","0.0335","0.223333333333333",0,0,0,NA,NA,""
3367,3371,94048,191,12,2025-04-03 20:21:19.036,2025-04-03 22:53:13.48,"1743711679.036","1743711679.036",2.53,2.53,4.44e-16,30.4,29.1,30.4,27.8,NA,0.0473,"ppm",NA,NA,NA,NA,NA,0.269,0.00256,0.68,19.5,0.186,10.6,NA,NA,NA,NA,NA,NA,NA,NA,NA,NA,NA,"0.15","0.0335","0.223333333333333",0,0,0,NA,NA,""
3367,3371,94049,192,13,2025-04-03 22:53:13.48,2025-04-04 01:25:09.97,"1743720793.48","1743720793.48",2.53,2.53,-2.22e-15,32.9,31.6,32.9,30.4,NA,0.0374,"ppm",NA,NA,NA,NA,NA,0.185,0.00176,0.468,19.9,0.19,5.3,NA,NA,NA,NA,NA,NA,NA,NA,NA,NA,NA,"0.15","0.0335","0.223333333333333",0,0,0,NA,NA,""
3367,3371,94050,193,14,2025-04-04 01:25:09.97,2025-04-04 03:57:05.174,"1743729909.97","1743729909.97",2.53,2.53,-1.33e-15,35.4,34.2,35.4,32.9,NA,0.0265,"ppm",NA,NA,NA,NA,NA,0.116,0.0011,0.293,20.2,0.193,-0.15,NA,NA,NA,NA,NA,NA,NA,NA,NA,NA,NA,"0.15","0.0335","0.223333333333333",0,0,0,NA,NA,""
3367,3371,94051,194,15,2025-04-04 03:57:05.174,2025-04-04 06:29:00.259,"1743739025.174","1743739025.174",2.53,2.53,-6.62e-11,38,36.7,38,35.4,NA,0.0265,"ppm",NA,NA,NA,NA,NA,0.0999,0.000952,0.253,20.5,0.195,4.03,NA,NA,NA,NA,NA,NA,NA,NA,NA,NA,NA,"0.15","0.0335","0.223333333333333",0,0,0,NA,NA,""
3367,3371,94052,195,16,2025-04-04 06:29:00.259,2025-04-04 09:00:55.438,"1743748140.259","1743748140.259",2.53,2.53,6.62e-11,40.5,39.2,40.5,38,NA,0.0311,"ppm",NA,NA,NA,NA,NA,0.125,0.00119,0.316,20.8,0.198,4.15,NA,NA,NA,NA,NA,NA,NA,NA,NA,NA,NA,"0.15","0.0335","0.223333333333333",0,0,0,NA,NA,""
3367,3371,94053,196,17,2025-04-04 09:00:55.438,2025-04-04 11:32:50.483,"1743757255.438","1743757255.438",2.53,2.53,2.66e-15,43,41.8,43,40.5,NA,0.0335,"ppm",NA,NA,NA,NA,NA,0.128,0.00122,0.325,21.1,0.201,5.78,NA,NA,NA,NA,NA,NA,NA,NA,NA,NA,NA,"0.15","0.0335","0.223333333333333",0,0,0,NA,NA,""
3367,3371,94054,197,18,2025-04-04 11:32:50.483,2025-04-04 14:04:46.529,"1743766370.483","1743766370.483",2.53,2.53,4.44e-16,45.6,44.3,45.6,43,NA,0.0418,"ppm",NA,NA,NA,NA,NA,0.154,0.00146,0.389,21.5,0.205,7.03,NA,NA,NA,NA,NA,NA,NA,NA,NA,NA,NA,"0.15","0.0335","0.223333333333333",0,0,0,NA,NA,""
3367,3371,94055,198,19,2025-04-04 14:04:46.529,2025-04-04 16:36:40.253,"1743775486.529","1743775486.529",2.53,2.53,-1.78e-15,48.1,46.8,48.1,45.6,NA,0.0471,"ppm",NA,NA,NA,NA,NA,0.163,0.00155,0.413,21.9,0.209,7.88,NA,NA,NA,NA,NA,NA,NA,NA,NA,NA,NA,"0.15","0.0335","0.223333333333333",0,0,0,NA,NA,""
3367,3371,94056,199,20,2025-04-04 16:36:40.253,2025-04-04 19:08:35.79,"1743784600.253","1743784600.253",2.53,2.53,3.55e-15,50.6,49.4,50.6,48.1,NA,0.0448,"ppm",NA,NA,NA,NA,NA,0.156,0.00148,0.394,22.3,0.213,7.18,NA,NA,NA,NA,NA,NA,NA,NA,NA,NA,NA,"0.15","0.0335","0.223333333333333",0,0,0,NA,NA,""
3367,3371,94057,200,21,2025-04-04 19:08:35.79,2025-04-04 21:40:31.66,"1743793715.79","1743793715.79",2.53,2.53,-6.62e-11,53.2,51.9,53.2,50.6,NA,0.0302,"ppm",NA,NA,NA,NA,NA,0.12,0.00115,0.305,22.6,0.216,3.73,NA,NA,NA,NA,NA,NA,NA,NA,NA,NA,NA,"0.15","0.0335","0.223333333333333",0,0,0,NA,NA,""
3367,3371,94058,201,22,2025-04-04 21:40:31.66,2025-04-05 00:12:26.586,"1743802831.66","1743802831.66",2.53,2.53,6.62e-11,55.7,54.4,55.7,53.2,NA,0.0229,"ppm",NA,NA,NA,NA,NA,0.0806,0.000768,0.204,22.8,0.218,3.9,NA,NA,NA,NA,NA,NA,NA,NA,NA,NA,NA,"0.15","0.0335","0.223333333333333",0,0,0,NA,NA,""
3367,3371,94059,202,23,2025-04-05 00:12:26.586,2025-04-05 02:44:21.648,"1743811946.586","1743811946.586",2.53,2.53,-3.11e-15,58.2,57,58.2,55.7,NA,0.0228,"ppm",NA,NA,NA,NA,NA,0.0743,0.000708,0.188,23,0.219,2.45,NA,NA,NA,NA,NA,NA,NA,NA,NA,NA,NA,"0.15","0.0335","0.223333333333333",0,0,0,NA,NA,""
3367,3371,94060,203,24,2025-04-05 02:44:21.648,2025-04-05 05:16:16.591,"1743821061.648","1743821061.648",2.53,2.53,-4e-15,60.8,59.5,60.8,58.2,NA,0.0204,"ppm",NA,NA,NA,NA,NA,0.066,0.000628,0.167,23.2,0.221,0.45,NA,NA,NA,NA,NA,NA,NA,NA,NA,NA,NA,"0.15","0.0335","0.223333333333333",0,0,0,NA,NA,""
3367,3371,94061,204,25,2025-04-05 05:16:16.591,2025-04-05 07:48:12.453,"1743830176.591","1743830176.591",2.53,2.53,4.44e-16,63.3,62,63.3,60.8,NA,0.0188,"ppm",NA,NA,NA,NA,NA,0.064,0.00061,0.162,23.4,0.222,2.45,NA,NA,NA,NA,NA,NA,NA,NA,NA,NA,NA,"0.15","0.0335","0.223333333333333",0,0,0,NA,NA,""
3367,3371,94062,205,26,2025-04-05 07:48:12.453,2025-04-05 10:20:07.611,"1743839292.453","1743839292.453",2.53,2.53,-4e-15,65.8,64.6,65.8,63.3,NA,0.0236,"ppm",NA,NA,NA,NA,NA,0.0825,0.000786,0.209,23.6,0.224,3.58,NA,NA,NA,NA,NA,NA,NA,NA,NA,NA,NA,"0.15","0.0335","0.223333333333333",0,0,0,NA,NA,""
3367,3371,94063,206,27,2025-04-05 10:20:07.611,2025-04-05 12:52:02.47,"1743848407.611","1743848407.611",2.53,2.53,-8.88e-16,68.4,67.1,68.4,65.8,NA,0.0313,"ppm",NA,NA,NA,NA,NA,0.0872,0.00083,0.221,23.8,0.227,4.9,NA,NA,NA,NA,NA,NA,NA,NA,NA,NA,NA,"0.15","0.0335","0.223333333333333",0,0,0,NA,NA,""
3367,3371,94064,207,28,2025-04-05 12:52:02.47,2025-04-05 15:23:57.351,"1743857522.47","1743857522.47",2.53,2.53,-6.62e-11,70.9,69.6,70.9,68.4,NA,0.0384,"ppm",NA,NA,NA,NA,NA,0.0949,0.000904,0.24,24,0.229,6.4,NA,NA,NA,NA,NA,NA,NA,NA,NA,NA,NA,"0.15","0.0335","0.223333333333333",0,0,0,NA,NA,""
3367,3371,94065,208,29,2025-04-05 15:23:57.351,2025-04-05 17:55:52.848,"1743866637.351","1743866637.351",2.53,2.53,6.62e-11,73.4,72.2,73.4,70.9,NA,0.0371,"ppm",NA,NA,NA,NA,NA,0.104,0.000993,0.264,24.3,0.231,6.35,NA,NA,NA,NA,NA,NA,NA,NA,NA,NA,NA,"0.15","0.0335","0.223333333333333",0,0,0,NA,NA,""
3367,3371,94066,209,30,2025-04-05 17:55:52.848,2025-04-05 20:27:48.387,"1743875752.848","1743875752.848",2.53,2.53,-3.55e-15,76,74.7,76,73.4,NA,0.0283,"ppm",NA,NA,NA,NA,NA,0.0944,0.000899,0.239,24.5,0.234,4.38,NA,NA,NA,NA,NA,NA,NA,NA,NA,NA,NA,"0.15","0.0335","0.223333333333333",0,0,0,NA,NA,""
3367,3371,94067,210,31,2025-04-05 20:27:48.387,2025-04-05 22:59:42.769,"1743884868.387","1743884868.387",2.53,2.53,-4.44e-16,78.5,77.2,78.5,76,NA,0.0219,"ppm",NA,NA,NA,NA,NA,0.0641,0.000611,0.162,24.7,0.235,-1.6,NA,NA,NA,NA,NA,NA,NA,NA,NA,NA,NA,"0.15","0.0335","0.223333333333333",0,0,0,NA,NA,""
3367,3371,94068,211,32,2025-04-05 22:59:42.769,2025-04-06 01:31:37.905,"1743893982.769","1743893982.769",2.53,2.53,0,81,79.7,81,78.5,NA,0.0171,"ppm",NA,NA,NA,NA,NA,0.0381,0.000363,0.0965,24.8,0.236,-0.35,NA,NA,NA,NA,NA,NA,NA,NA,NA,NA,NA,"0.15","0.0335","0.223333333333333",0,0,0,NA,NA,""
3367,3371,94069,212,33,2025-04-06 01:31:37.905,2025-04-06 04:03:34.331,"1743903097.905","1743903097.905",2.53,2.53,-6.62e-11,83.5,82.3,83.5,81,NA,0.019,"ppm",NA,NA,NA,NA,NA,0.0316,0.000301,0.0799,24.9,0.237,-5,NA,NA,NA,NA,NA,NA,NA,NA,NA,NA,NA,"0.15","0.0335","0.223333333333333",0,0,0,NA,NA,""
3367,3371,94070,213,34,2025-04-06 04:03:34.331,2025-04-06 06:35:29.267,"1743912214.331","1743912214.331",2.53,2.53,6.62e-11,86.1,84.8,86.1,83.5,NA,0.0136,"ppm",NA,NA,NA,NA,NA,0.0236,0.000225,0.0598,24.9,0.237,-5.28,NA,NA,NA,NA,NA,NA,NA,NA,NA,NA,NA,"0.15","0.0335","0.223333333333333",0,0,0,NA,NA,""
3367,3371,94071,214,35,2025-04-06 06:35:29.267,2025-04-06 09:07:23.841,"1743921329.267","1743921329.267",2.53,2.53,4.44e-16,88.6,87.3,88.6,86.1,NA,0.0151,"ppm",NA,NA,NA,NA,NA,0.0245,0.000233,0.062,25,0.238,0.65,NA,NA,NA,NA,NA,NA,NA,NA,NA,NA,NA,"0.15","0.0335","0.223333333333333",0,0,0,NA,NA,""
3367,3371,94072,215,36,2025-04-06 09:07:23.841,2025-04-06 11:39:18.615,"1743930443.841","1743930443.841",2.53,2.53,-3.11e-15,91.1,89.9,91.1,88.6,NA,0.0269,"ppm",NA,NA,NA,NA,NA,0.0483,0.00046,0.122,25.1,0.239,4.45,NA,NA,NA,NA,NA,NA,NA,NA,NA,NA,NA,"0.15","0.0335","0.223333333333333",0,0,0,NA,NA,""
3367,3371,94073,216,37,2025-04-06 11:39:18.615,2025-04-06 14:11:14.372,"1743939558.615","1743939558.615",2.53,2.53,4.89e-15,93.7,92.4,93.7,91.1,NA,0.0335,"ppm",NA,NA,NA,NA,NA,0.0801,0.000763,0.203,25.3,0.241,8.93,NA,NA,NA,NA,NA,NA,NA,NA,NA,NA,NA,"0.15","0.0335","0.223333333333333",0,0,0,NA,NA,""
3367,3371,94074,217,38,2025-04-06 14:11:14.372,2025-04-06 16:43:09.714,"1743948674.372","1743948674.372",2.53,2.53,-3.55e-15,96.2,94.9,96.2,93.7,NA,0.0351,"ppm",NA,NA,NA,NA,NA,0.102,0.000974,0.259,25.6,0.244,11.4,NA,NA,NA,NA,NA,NA,NA,NA,NA,NA,NA,"0.15","0.0335","0.223333333333333",0,0,0,NA,NA,""
3367,3371,94075,218,39,2025-04-06 16:43:09.714,2025-04-06 19:15:04.263,"1743957789.714","1743957789.714",2.53,2.53,-4e-15,98.7,97.5,98.7,96.2,NA,0.0378,"ppm",NA,NA,NA,NA,NA,0.111,0.00106,0.281,25.9,0.246,11.2,NA,NA,NA,NA,NA,NA,NA,NA,NA,NA,NA,"0.15","0.0335","0.223333333333333",0,0,0,NA,NA,""
3367,3371,94076,219,40,2025-04-06 19:15:04.263,2025-04-06 21:46:59.897,"1743966904.263","1743966904.263",2.53,2.53,-6.62e-11,101,100,101,98.7,NA,0.027,"ppm",NA,NA,NA,NA,NA,0.0869,0.000828,0.22,26.1,0.248,5.05,NA,NA,NA,NA,NA,NA,NA,NA,NA,NA,NA,"0.15","0.0335","0.223333333333333",0,0,0,NA,NA,""
3367,3371,94077,220,41,2025-04-06 21:46:59.897,2025-04-07 00:18:55.724,"1743976019.897","1743976019.897",2.53,2.53,6.62e-11,104,103,104,101,NA,0.0279,"ppm",NA,NA,NA,NA,NA,0.0498,0.000474,0.126,26.2,0.25,2.88,NA,NA,NA,NA,NA,NA,NA,NA,NA,NA,NA,"0.15","0.0335","0.223333333333333",0,0,0,NA,NA,""
3367,3371,94078,221,42,2025-04-07 00:18:55.724,2025-04-07 02:50:50.476,"1743985135.724","1743985135.724",2.53,2.53,-6.62e-11,106,105,106,104,NA,0.0191,"ppm",NA,NA,NA,NA,NA,0.0276,0.000262,0.0698,26.3,0.25,-2.2,NA,NA,NA,NA,NA,NA,NA,NA,NA,NA,NA,"0.15","0.0335","0.223333333333333",0,0,0,NA,NA,""
3367,3371,94079,222,43,2025-04-07 02:50:50.476,2025-04-07 05:22:46.312,"1743994250.476","1743994250.476",2.53,2.53,6.62e-11,109,108,109,106,NA,0.0138,"ppm",NA,NA,NA,NA,NA,0.0161,0.000153,0.0407,26.3,0.251,-1.83,NA,NA,NA,NA,NA,NA,NA,NA,NA,NA,NA,"0.15","0.0335","0.223333333333333",0,0,0,NA,NA,""
3368,3372,94080,223,1,2025-04-02 16:46:46.283,2025-04-02 19:18:41.497,"1743612406.283","1743612406.283",2.53,2.53,0,2.53,1.27,2.53,0,NA,0.222,"ppm",NA,NA,NA,NA,NA,2.42,0.023,6.13,6.13,0.0584,16.8,NA,NA,NA,NA,NA,NA,NA,NA,NA,NA,NA,"0.15","0.0335","0.223333333333333",0,0,0,NA,NA,""
3368,3372,94081,224,2,2025-04-02 19:18:41.497,2025-04-02 21:50:37.092,"1743621521.497","1743621521.497",2.53,2.53,4.44e-16,5.06,3.8,5.06,2.53,NA,0.112,"ppm",NA,NA,NA,NA,NA,1.23,0.0118,3.12,9.25,0.0881,7.13,NA,NA,NA,NA,NA,NA,NA,NA,NA,NA,NA,"0.15","0.0335","0.223333333333333",0,0,0,NA,NA,""
3368,3372,94082,225,3,2025-04-02 21:50:37.092,2025-04-03 00:22:31.756,"1743630637.092","1743630637.092",2.53,2.53,2.22e-15,7.6,6.33,7.6,5.06,NA,0.0548,"ppm",NA,NA,NA,NA,NA,0.59,0.00561,1.49,10.7,0.102,1.3,NA,NA,NA,NA,NA,NA,NA,NA,NA,NA,NA,"0.15","0.0335","0.223333333333333",0,0,0,NA,NA,""
3368,3372,94083,226,4,2025-04-03 00:22:31.756,2025-04-03 02:54:28.003,"1743639751.756","1743639751.756",2.53,2.53,4.44e-15,10.1,8.86,10.1,7.6,NA,0.0346,"ppm",NA,NA,NA,NA,NA,0.29,0.00277,0.735,11.5,0.109,-0.35,NA,NA,NA,NA,NA,NA,NA,NA,NA,NA,NA,"0.15","0.0335","0.223333333333333",0,0,0,NA,NA,""
3368,3372,94084,227,5,2025-04-03 02:54:28.003,2025-04-03 05:26:23.635,"1743648868.003","1743648868.003",2.53,2.53,-2.66e-15,12.7,11.4,12.7,10.1,NA,0.0322,"ppm",NA,NA,NA,NA,NA,0.199,0.0019,0.505,12,0.114,-2.3,NA,NA,NA,NA,NA,NA,NA,NA,NA,NA,NA,"0.15","0.0335","0.223333333333333",0,0,0,NA,NA,""
3368,3372,94085,228,6,2025-04-03 05:26:23.635,2025-04-03 07:57:42.891,"1743657983.635","1743657983.635",2.52,2.52,-1.33e-15,15.2,13.9,15.2,12.7,NA,0.0325,"ppm",NA,NA,NA,NA,NA,0.164,0.00156,0.413,12.4,0.118,-2.88,NA,NA,NA,NA,NA,NA,NA,NA,NA,NA,NA,"0.15","0.0335","0.223333333333333",0,0,0,NA,NA,""
3368,3372,94086,229,7,2025-04-03 07:57:42.891,2025-04-03 10:29:37.99,"1743667062.891","1743667062.891",2.53,2.53,3.11e-15,17.7,16.4,17.7,15.2,NA,0.044,"ppm",NA,NA,NA,NA,NA,0.219,0.00208,0.554,13,0.123,10.3,NA,NA,NA,NA,NA,NA,NA,NA,NA,NA,NA,"0.15","0.0335","0.223333333333333",0,0,0,NA,NA,""
3368,3372,94087,230,8,2025-04-03 10:29:37.99,2025-04-03 13:01:33.279,"1743676177.99","1743676177.99",2.53,2.53,8.88e-16,20.2,19,20.2,17.7,NA,0.081,"ppm",NA,NA,NA,NA,NA,0.315,0.003,0.798,13.7,0.131,13.9,NA,NA,NA,NA,NA,NA,NA,NA,NA,NA,NA,"0.15","0.0335","0.223333333333333",0,0,0,NA,NA,""
3368,3372,94088,231,9,2025-04-03 13:01:33.279,2025-04-03 15:33:28.28,"1743685293.279","1743685293.279",2.53,2.53,8.88e-16,22.8,21.5,22.8,20.2,NA,0.092,"ppm",NA,NA,NA,NA,NA,0.349,0.00332,0.882,14.6,0.139,17.2,NA,NA,NA,NA,NA,NA,NA,NA,NA,NA,NA,"0.15","0.0335","0.223333333333333",0,0,0,NA,NA,""
3368,3372,94089,232,10,2025-04-03 15:33:28.28,2025-04-03 18:05:23.897,"1743694408.28","1743694408.28",2.53,2.53,-6.62e-11,25.3,24,25.3,22.8,NA,0.0837,"ppm",NA,NA,NA,NA,NA,0.331,0.00316,0.839,15.5,0.147,16.4,NA,NA,NA,NA,NA,NA,NA,NA,NA,NA,NA,"0.15","0.0335","0.223333333333333",0,0,0,NA,NA,""
3368,3372,94090,233,11,2025-04-03 18:05:23.897,2025-04-03 20:37:18.046,"1743703523.897","1743703523.897",2.53,2.53,6.62e-11,27.8,26.6,27.8,25.3,NA,0.0657,"ppm",NA,NA,NA,NA,NA,0.262,0.0025,0.663,16.1,0.154,13.3,NA,NA,NA,NA,NA,NA,NA,NA,NA,NA,NA,"0.15","0.0335","0.223333333333333",0,0,0,NA,NA,""
3368,3372,94091,234,12,2025-04-03 20:37:18.046,2025-04-03 23:09:13.792,"1743712638.046","1743712638.046",2.53,2.53,-1.78e-15,30.4,29.1,30.4,27.8,NA,0.0473,"ppm",NA,NA,NA,NA,NA,0.178,0.0017,0.451,16.6,0.158,9.75,NA,NA,NA,NA,NA,NA,NA,NA,NA,NA,NA,"0.15","0.0335","0.223333333333333",0,0,0,NA,NA,""
3368,3372,94092,235,13,2025-04-03 23:09:13.792,2025-04-04 01:41:08.904,"1743721753.792","1743721753.792",2.53,2.53,3.55e-15,32.9,31.6,32.9,30.4,NA,0.0374,"ppm",NA,NA,NA,NA,NA,0.13,0.00123,0.328,16.9,0.161,5.3,NA,NA,NA,NA,NA,NA,NA,NA,NA,NA,NA,"0.15","0.0335","0.223333333333333",0,0,0,NA,NA,""
3368,3372,94093,236,14,2025-04-04 01:41:08.904,2025-04-04 04:13:04.384,"1743730868.904","1743730868.904",2.53,2.53,-6.62e-11,35.4,34.2,35.4,32.9,NA,0.0265,"ppm",NA,NA,NA,NA,NA,0.0888,0.000846,0.225,17.1,0.163,3,NA,NA,NA,NA,NA,NA,NA,NA,NA,NA,NA,"0.15","0.0335","0.223333333333333",0,0,0,NA,NA,""
3368,3372,94094,237,15,2025-04-04 04:13:04.384,2025-04-04 06:44:59.23,"1743739984.384","1743739984.384",2.53,2.53,6.62e-11,38,36.7,38,35.4,NA,0.0265,"ppm",NA,NA,NA,NA,NA,0.0748,0.000713,0.19,17.3,0.165,4.03,NA,NA,NA,NA,NA,NA,NA,NA,NA,NA,NA,"0.15","0.0335","0.223333333333333",0,0,0,NA,NA,""
3368,3372,94095,238,16,2025-04-04 06:44:59.23,2025-04-04 09:16:54.789,"1743749099.23","1743749099.23",2.53,2.53,-8.88e-16,40.5,39.2,40.5,38,NA,0.0311,"ppm",NA,NA,NA,NA,NA,0.0883,0.000841,0.224,17.6,0.167,4.65,NA,NA,NA,NA,NA,NA,NA,NA,NA,NA,NA,"0.15","0.0335","0.223333333333333",0,0,0,NA,NA,""
3368,3372,94096,239,17,2025-04-04 09:16:54.789,2025-04-04 11:48:50.44,"1743758214.789","1743758214.789",2.53,2.53,4.44e-15,43,41.8,43,40.5,NA,0.0335,"ppm",NA,NA,NA,NA,NA,0.105,0.001,0.266,17.8,0.17,5.78,NA,NA,NA,NA,NA,NA,NA,NA,NA,NA,NA,"0.15","0.0335","0.223333333333333",0,0,0,NA,NA,""
3368,3372,94097,240,18,2025-04-04 11:48:50.44,2025-04-04 14:20:45.64,"1743767330.44","1743767330.44",2.53,2.53,-6.62e-11,45.6,44.3,45.6,43,NA,0.0418,"ppm",NA,NA,NA,NA,NA,0.137,0.00131,0.347,18.2,0.173,7.03,NA,NA,NA,NA,NA,NA,NA,NA,NA,NA,NA,"0.15","0.0335","0.223333333333333",0,0,0,NA,NA,""
3368,3372,94098,241,19,2025-04-04 14:20:45.64,2025-04-04 16:52:40.237,"1743776445.64","1743776445.64",2.53,2.53,6.62e-11,48.1,46.8,48.1,45.6,NA,0.0471,"ppm",NA,NA,NA,NA,NA,0.139,0.00132,0.351,18.5,0.176,7.88,NA,NA,NA,NA,NA,NA,NA,NA,NA,NA,NA,"0.15","0.0335","0.223333333333333",0,0,0,NA,NA,""
3368,3372,94099,242,20,2025-04-04 16:52:40.237,2025-04-04 19:24:35.392,"1743785560.237","1743785560.237",2.53,2.53,-2.66e-15,50.6,49.4,50.6,48.1,NA,0.0448,"ppm",NA,NA,NA,NA,NA,0.126,0.0012,0.318,18.8,0.179,7.18,NA,NA,NA,NA,NA,NA,NA,NA,NA,NA,NA,"0.15","0.0335","0.223333333333333",0,0,0,NA,NA,""
3368,3372,94100,243,21,2025-04-04 19:24:35.392,2025-04-04 21:56:30.976,"1743794675.392","1743794675.392",2.53,2.53,-6.62e-11,53.2,51.9,53.2,50.6,NA,0.0302,"ppm",NA,NA,NA,NA,NA,0.0879,0.000838,0.223,19.1,0.181,3.73,NA,NA,NA,NA,NA,NA,NA,NA,NA,NA,NA,"0.15","0.0335","0.223333333333333",0,0,0,NA,NA,""
3368,3372,94101,244,22,2025-04-04 21:56:30.976,2025-04-05 00:28:26.568,"1743803790.976","1743803790.976",2.53,2.53,1.78e-15,55.7,54.4,55.7,53.2,NA,0.0229,"ppm",NA,NA,NA,NA,NA,0.051,0.000486,0.129,19.2,0.183,3.9,NA,NA,NA,NA,NA,NA,NA,NA,NA,NA,NA,"0.15","0.0335","0.223333333333333",0,0,0,NA,NA,""
3368,3372,94102,245,23,2025-04-05 00:28:26.568,2025-04-05 03:00:21.319,"1743812906.568","1743812906.568",2.53,2.53,6.62e-11,58.2,57,58.2,55.7,NA,0.0228,"ppm",NA,NA,NA,NA,NA,0.0496,0.000473,0.126,19.3,0.184,2.45,NA,NA,NA,NA,NA,NA,NA,NA,NA,NA,NA,"0.15","0.0335","0.223333333333333",0,0,0,NA,NA,""
3368,3372,94103,246,24,2025-04-05 03:00:21.319,2025-04-05 05:32:16.381,"1743822021.319","1743822021.319",2.53,2.53,-3.11e-15,60.8,59.5,60.8,58.2,NA,0.0204,"ppm",NA,NA,NA,NA,NA,0.0422,0.000402,0.107,19.4,0.185,0.45,NA,NA,NA,NA,NA,NA,NA,NA,NA,NA,NA,"0.15","0.0335","0.223333333333333",0,0,0,NA,NA,""
3368,3372,94104,247,25,2025-04-05 05:32:16.381,2025-04-05 08:04:12.15,"1743831136.381","1743831136.381",2.53,2.53,-4.44e-16,63.3,62,63.3,60.8,NA,0.0188,"ppm",NA,NA,NA,NA,NA,0.0456,0.000435,0.116,19.5,0.186,2.15,NA,NA,NA,NA,NA,NA,NA,NA,NA,NA,NA,"0.15","0.0335","0.223333333333333",0,0,0,NA,NA,""
3368,3372,94105,248,26,2025-04-05 08:04:12.15,2025-04-05 10:36:07.124,"1743840252.15","1743840252.15",2.53,2.53,-4.44e-15,65.8,64.6,65.8,63.3,NA,0.0236,"ppm",NA,NA,NA,NA,NA,0.0688,0.000655,0.174,19.7,0.188,3.58,NA,NA,NA,NA,NA,NA,NA,NA,NA,NA,NA,"0.15","0.0335","0.223333333333333",0,0,0,NA,NA,""
3368,3372,94106,249,27,2025-04-05 10:36:07.124,2025-04-05 13:08:02.451,"1743849367.124","1743849367.124",2.53,2.53,3.11e-15,68.4,67.1,68.4,65.8,NA,0.0313,"ppm",NA,NA,NA,NA,NA,0.0829,0.00079,0.21,19.9,0.19,5.68,NA,NA,NA,NA,NA,NA,NA,NA,NA,NA,NA,"0.15","0.0335","0.223333333333333",0,0,0,NA,NA,""
3368,3372,94107,250,28,2025-04-05 13:08:02.451,2025-04-05 15:39:57.681,"1743858482.451","1743858482.451",2.53,2.53,-1.78e-15,70.9,69.6,70.9,68.4,NA,0.0384,"ppm",NA,NA,NA,NA,NA,0.0893,0.00085,0.226,20.1,0.192,6.4,NA,NA,NA,NA,NA,NA,NA,NA,NA,NA,NA,"0.15","0.0335","0.223333333333333",0,0,0,NA,NA,""
3368,3372,94108,251,29,2025-04-05 15:39:57.681,2025-04-05 18:11:52.44,"1743867597.681","1743867597.681",2.53,2.53,-4e-15,73.4,72.2,73.4,70.9,NA,0.0371,"ppm",NA,NA,NA,NA,NA,0.0813,0.000774,0.206,20.4,0.194,6.05,NA,NA,NA,NA,NA,NA,NA,NA,NA,NA,NA,"0.15","0.0335","0.223333333333333",0,0,0,NA,NA,""
3368,3372,94109,252,30,2025-04-05 18:11:52.44,2025-04-05 20:43:47.391,"1743876712.44","1743876712.44",2.53,2.53,4.44e-15,76,74.7,76,73.4,NA,0.0283,"ppm",NA,NA,NA,NA,NA,0.0656,0.000625,0.166,20.5,0.195,4.38,NA,NA,NA,NA,NA,NA,NA,NA,NA,NA,NA,"0.15","0.0335","0.223333333333333",0,0,0,NA,NA,""
3368,3372,94110,253,31,2025-04-05 20:43:47.391,2025-04-05 23:15:42.813,"1743885827.391","1743885827.391",2.53,2.53,-3.11e-15,78.5,77.2,78.5,76,NA,0.0219,"ppm",NA,NA,NA,NA,NA,0.0426,0.000405,0.108,20.6,0.196,-1.75,NA,NA,NA,NA,NA,NA,NA,NA,NA,NA,NA,"0.15","0.0335","0.223333333333333",0,0,0,NA,NA,""
3368,3372,94111,254,32,2025-04-05 23:15:42.813,2025-04-06 01:47:37.986,"1743894942.813","1743894942.813",2.53,2.53,-8.88e-16,81,79.7,81,78.5,NA,0.0171,"ppm",NA,NA,NA,NA,NA,0.0263,0.00025,0.0665,20.7,0.197,-0.35,NA,NA,NA,NA,NA,NA,NA,NA,NA,NA,NA,"0.15","0.0335","0.223333333333333",0,0,0,NA,NA,""
3368,3372,94112,255,33,2025-04-06 01:47:37.986,2025-04-06 04:19:33.061,"1743904057.986","1743904057.986",2.53,2.53,-6.62e-11,83.5,82.3,83.5,81,NA,0.019,"ppm",NA,NA,NA,NA,NA,0.0202,0.000193,0.0512,20.7,0.198,-5,NA,NA,NA,NA,NA,NA,NA,NA,NA,NA,NA,"0.15","0.0335","0.223333333333333",0,0,0,NA,NA,""
3368,3372,94113,256,34,2025-04-06 04:19:33.061,2025-04-06 06:51:28.54,"1743913173.061","1743913173.061",2.53,2.53,6.62e-11,86.1,84.8,86.1,83.5,NA,0.0136,"ppm",NA,NA,NA,NA,NA,0.012,0.000115,0.0304,20.8,0.198,-5.28,NA,NA,NA,NA,NA,NA,NA,NA,NA,NA,NA,"0.15","0.0335","0.223333333333333",0,0,0,NA,NA,""
3368,3372,94114,257,35,2025-04-06 06:51:28.54,2025-04-06 09:23:23.785,"1743922288.54","1743922288.54",2.53,2.53,-6.62e-11,88.6,87.3,88.6,86.1,NA,0.0151,"ppm",NA,NA,NA,NA,NA,0.0153,0.000146,0.0388,20.8,0.198,0.65,NA,NA,NA,NA,NA,NA,NA,NA,NA,NA,NA,"0.15","0.0335","0.223333333333333",0,0,0,NA,NA,""
3368,3372,94115,258,36,2025-04-06 09:23:23.785,2025-04-06 11:55:18.377,"1743931403.785","1743931403.785",2.53,2.53,-4.44e-16,91.1,89.9,91.1,88.6,NA,0.0269,"ppm",NA,NA,NA,NA,NA,0.0378,0.00036,0.0958,20.9,0.199,4.45,NA,NA,NA,NA,NA,NA,NA,NA,NA,NA,NA,"0.15","0.0335","0.223333333333333",0,0,0,NA,NA,""
3368,3372,94116,259,37,2025-04-06 11:55:18.377,2025-04-06 14:27:14.483,"1743940518.377","1743940518.377",2.53,2.53,6.62e-11,93.7,92.4,93.7,91.1,NA,0.0335,"ppm",NA,NA,NA,NA,NA,0.069,0.000657,0.175,21.1,0.201,8.93,NA,NA,NA,NA,NA,NA,NA,NA,NA,NA,NA,"0.15","0.0335","0.223333333333333",0,0,0,NA,NA,""
3368,3372,94117,260,38,2025-04-06 14:27:14.483,2025-04-06 16:59:08.648,"1743949634.483","1743949634.483",2.53,2.53,-3.55e-15,96.2,94.9,96.2,93.7,NA,0.0351,"ppm",NA,NA,NA,NA,NA,0.0875,0.000834,0.222,21.3,0.203,11.4,NA,NA,NA,NA,NA,NA,NA,NA,NA,NA,NA,"0.15","0.0335","0.223333333333333",0,0,0,NA,NA,""
3368,3372,94118,261,39,2025-04-06 16:59:08.648,2025-04-06 19:31:05,"1743958748.648","1743958748.648",2.53,2.53,0,98.7,97.5,98.7,96.2,NA,0.0378,"ppm",NA,NA,NA,NA,NA,0.0841,0.000801,0.213,21.5,0.205,11.2,NA,NA,NA,NA,NA,NA,NA,NA,NA,NA,NA,"0.15","0.0335","0.223333333333333",0,0,0,NA,NA,""
3368,3372,94119,262,40,2025-04-06 19:31:05,2025-04-06 22:02:59.655,"1743967865","1743967865",2.53,2.53,-3.55e-15,101,100,101,98.7,NA,0.027,"ppm",NA,NA,NA,NA,NA,0.0538,0.000512,0.136,21.7,0.206,5.75,NA,NA,NA,NA,NA,NA,NA,NA,NA,NA,NA,"0.15","0.0335","0.223333333333333",0,0,0,NA,NA,""
3368,3372,94120,263,41,2025-04-06 22:02:59.655,2025-04-07 00:34:55.323,"1743976979.655","1743976979.655",2.53,2.53,-1.78e-15,104,103,104,101,NA,0.0279,"ppm",NA,NA,NA,NA,NA,0.0272,0.000259,0.069,21.7,0.207,2.88,NA,NA,NA,NA,NA,NA,NA,NA,NA,NA,NA,"0.15","0.0335","0.223333333333333",0,0,0,NA,NA,""
3368,3372,94121,264,42,2025-04-07 00:34:55.323,2025-04-07 03:06:50.322,"1743986095.323","1743986095.323",2.53,2.53,4.44e-16,106,105,106,104,NA,0.0191,"ppm",NA,NA,NA,NA,NA,0.0159,0.000151,0.0402,21.8,0.207,-2.68,NA,NA,NA,NA,NA,NA,NA,NA,NA,NA,NA,"0.15","0.0335","0.223333333333333",0,0,0,NA,NA,""
3368,3372,94122,265,43,2025-04-07 03:06:50.322,2025-04-07 05:38:45.194,"1743995210.322","1743995210.322",2.53,2.53,-8.88e-16,109,108,109,106,NA,0.0138,"ppm",NA,NA,NA,NA,NA,0.00933,8.88e-05,0.0236,21.8,0.207,-1.83,NA,NA,NA,NA,NA,NA,NA,NA,NA,NA,NA,"0.15","0.0335","0.223333333333333",0,0,0,NA,NA,""
3369,3373,94123,266,1,2025-04-02 17:02:46.448,2025-04-02 19:34:41.128,"1743613366.448","1743613366.448",2.53,2.53,4.44e-16,2.53,1.27,2.53,0,NA,0.222,"ppm",NA,NA,NA,NA,NA,2.37,0.0225,5.99,5.99,0.0571,16.8,NA,NA,NA,NA,NA,NA,NA,NA,NA,NA,NA,"0.15","0.0335","0.223333333333333",0,0,0,NA,NA,""
3369,3373,94124,267,2,2025-04-02 19:34:41.128,2025-04-02 22:06:37.049,"1743622481.128","1743622481.128",2.53,2.53,2.66e-15,5.06,3.8,5.06,2.53,NA,0.112,"ppm",NA,NA,NA,NA,NA,0.959,0.00913,2.43,8.42,0.0802,4.18,NA,NA,NA,NA,NA,NA,NA,NA,NA,NA,NA,"0.15","0.0335","0.223333333333333",0,0,0,NA,NA,""
3369,3373,94125,268,3,2025-04-02 22:06:37.049,2025-04-03 00:38:31.473,"1743631597.049","1743631597.049",2.53,2.53,-2.22e-15,7.6,6.33,7.6,5.06,NA,0.0548,"ppm",NA,NA,NA,NA,NA,0.463,0.00441,1.17,9.59,0.0914,1.3,NA,NA,NA,NA,NA,NA,NA,NA,NA,NA,NA,"0.15","0.0335","0.223333333333333",0,0,0,NA,NA,""
3369,3373,94126,269,4,2025-04-03 00:38:31.473,2025-04-03 03:10:26.801,"1743640711.473","1743640711.473",2.53,2.53,8.88e-16,10.1,8.86,10.1,7.6,NA,0.0346,"ppm",NA,NA,NA,NA,NA,0.252,0.0024,0.638,10.2,0.0974,-1.1,NA,NA,NA,NA,NA,NA,NA,NA,NA,NA,NA,"0.15","0.0335","0.223333333333333",0,0,0,NA,NA,""
3369,3373,94127,270,5,2025-04-03 03:10:26.801,2025-04-03 05:42:22.382,"1743649826.801","1743649826.801",2.53,2.53,2.66e-15,12.7,11.4,12.7,10.1,NA,0.0322,"ppm",NA,NA,NA,NA,NA,0.185,0.00176,0.468,10.7,0.102,-2.3,NA,NA,NA,NA,NA,NA,NA,NA,NA,NA,NA,"0.15","0.0335","0.223333333333333",0,0,0,NA,NA,""
3369,3373,94128,271,6,2025-04-03 05:42:22.382,2025-04-03 08:13:42.4,"1743658942.382","1743658942.382",2.52,2.52,-4.44e-16,15.2,13.9,15.2,12.7,NA,0.0325,"ppm",NA,NA,NA,NA,NA,0.156,0.00149,0.394,11.1,0.106,-1.38,NA,NA,NA,NA,NA,NA,NA,NA,NA,NA,NA,"0.15","0.0335","0.223333333333333",0,0,0,NA,NA,""
3369,3373,94129,272,7,2025-04-03 08:13:42.4,2025-04-03 10:45:36.94,"1743668022.4","1743668022.4",2.53,2.53,-4.44e-16,17.7,16.4,17.7,15.2,NA,0.044,"ppm",NA,NA,NA,NA,NA,0.254,0.00242,0.644,11.7,0.112,10.3,NA,NA,NA,NA,NA,NA,NA,NA,NA,NA,NA,"0.15","0.0335","0.223333333333333",0,0,0,NA,NA,""
3369,3373,94130,273,8,2025-04-03 10:45:36.94,2025-04-03 13:17:32.394,"1743677136.94","1743677136.94",2.53,2.53,4e-15,20.2,19,20.2,17.7,NA,0.081,"ppm",NA,NA,NA,NA,NA,0.336,0.0032,0.85,12.6,0.12,15.6,NA,NA,NA,NA,NA,NA,NA,NA,NA,NA,NA,"0.15","0.0335","0.223333333333333",0,0,0,NA,NA,""
3369,3373,94131,274,9,2025-04-03 13:17:32.394,2025-04-03 15:49:28.44,"1743686252.394","1743686252.394",2.53,2.53,4.44e-16,22.8,21.5,22.8,20.2,NA,0.092,"ppm",NA,NA,NA,NA,NA,0.313,0.00298,0.792,13.4,0.127,17.2,NA,NA,NA,NA,NA,NA,NA,NA,NA,NA,NA,"0.15","0.0335","0.223333333333333",0,0,0,NA,NA,""
3369,3373,94132,275,10,2025-04-03 15:49:28.44,2025-04-03 18:21:22.536,"1743695368.44","1743695368.44",2.53,2.53,2.66e-15,25.3,24,25.3,22.8,NA,0.0837,"ppm",NA,NA,NA,NA,NA,0.306,0.00291,0.774,14.2,0.135,16.4,NA,NA,NA,NA,NA,NA,NA,NA,NA,NA,NA,"0.15","0.0335","0.223333333333333",0,0,0,NA,NA,""
3369,3373,94133,276,11,2025-04-03 18:21:22.536,2025-04-03 20:53:17.634,"1743704482.536","1743704482.536",2.53,2.53,-6.62e-11,27.8,26.6,27.8,25.3,NA,0.0657,"ppm",NA,NA,NA,NA,NA,0.263,0.0025,0.665,14.8,0.141,13.3,NA,NA,NA,NA,NA,NA,NA,NA,NA,NA,NA,"0.15","0.0335","0.223333333333333",0,0,0,NA,NA,""
3369,3373,94134,277,12,2025-04-03 20:53:17.634,2025-04-03 23:25:12.931,"1743713597.634","1743713597.634",2.53,2.53,6.62e-11,30.4,29.1,30.4,27.8,NA,0.0473,"ppm",NA,NA,NA,NA,NA,0.197,0.00188,0.499,15.3,0.146,9.75,NA,NA,NA,NA,NA,NA,NA,NA,NA,NA,NA,"0.15","0.0335","0.223333333333333",0,0,0,NA,NA,""
3369,3373,94135,278,13,2025-04-03 23:25:12.931,2025-04-04 01:57:08.141,"1743722712.931","1743722712.931",2.53,2.53,-4e-15,32.9,31.6,32.9,30.4,NA,0.0374,"ppm",NA,NA,NA,NA,NA,0.151,0.00144,0.383,15.7,0.15,5.3,NA,NA,NA,NA,NA,NA,NA,NA,NA,NA,NA,"0.15","0.0335","0.223333333333333",0,0,0,NA,NA,""
3369,3373,94136,279,14,2025-04-04 01:57:08.141,2025-04-04 04:29:03.509,"1743731828.141","1743731828.141",2.53,2.53,-6.62e-11,35.4,34.2,35.4,32.9,NA,0.0265,"ppm",NA,NA,NA,NA,NA,0.111,0.00105,0.28,16,0.152,3,NA,NA,NA,NA,NA,NA,NA,NA,NA,NA,NA,"0.15","0.0335","0.223333333333333",0,0,0,NA,NA,""
3369,3373,94137,280,15,2025-04-04 04:29:03.509,2025-04-04 07:00:58.729,"1743740943.509","1743740943.509",2.53,2.53,6.62e-11,38,36.7,38,35.4,NA,0.0265,"ppm",NA,NA,NA,NA,NA,0.116,0.00111,0.294,16.3,0.155,4.03,NA,NA,NA,NA,NA,NA,NA,NA,NA,NA,NA,"0.15","0.0335","0.223333333333333",0,0,0,NA,NA,""
3369,3373,94138,281,16,2025-04-04 07:00:58.729,2025-04-04 09:32:54.966,"1743750058.729","1743750058.729",2.53,2.53,3.11e-15,40.5,39.2,40.5,38,NA,0.0311,"ppm",NA,NA,NA,NA,NA,0.137,0.0013,0.347,16.6,0.158,4.65,NA,NA,NA,NA,NA,NA,NA,NA,NA,NA,NA,"0.15","0.0335","0.223333333333333",0,0,0,NA,NA,""
3369,3373,94139,282,17,2025-04-04 09:32:54.966,2025-04-04 12:04:49.219,"1743759174.966","1743759174.966",2.53,2.53,-6.62e-11,43,41.8,43,40.5,NA,0.0335,"ppm",NA,NA,NA,NA,NA,0.134,0.00128,0.34,17,0.162,6.25,NA,NA,NA,NA,NA,NA,NA,NA,NA,NA,NA,"0.15","0.0335","0.223333333333333",0,0,0,NA,NA,""
3369,3373,94140,283,18,2025-04-04 12:04:49.219,2025-04-04 14:36:44.026,"1743768289.219","1743768289.219",2.53,2.53,6.62e-11,45.6,44.3,45.6,43,NA,0.0418,"ppm",NA,NA,NA,NA,NA,0.153,0.00145,0.386,17.3,0.165,7.03,NA,NA,NA,NA,NA,NA,NA,NA,NA,NA,NA,"0.15","0.0335","0.223333333333333",0,0,0,NA,NA,""
3369,3373,94141,284,19,2025-04-04 14:36:44.026,2025-04-04 17:08:40.163,"1743777404.026","1743777404.026",2.53,2.53,4.44e-16,48.1,46.8,48.1,45.6,NA,0.0471,"ppm",NA,NA,NA,NA,NA,0.159,0.00152,0.403,17.8,0.169,8.03,NA,NA,NA,NA,NA,NA,NA,NA,NA,NA,NA,"0.15","0.0335","0.223333333333333",0,0,0,NA,NA,""
3369,3373,94142,285,20,2025-04-04 17:08:40.163,2025-04-04 19:40:35.141,"1743786520.163","1743786520.163",2.53,2.53,-4.44e-16,50.6,49.4,50.6,48.1,NA,0.0448,"ppm",NA,NA,NA,NA,NA,0.136,0.0013,0.345,18.1,0.172,7.18,NA,NA,NA,NA,NA,NA,NA,NA,NA,NA,NA,"0.15","0.0335","0.223333333333333",0,0,0,NA,NA,""
3369,3373,94143,286,21,2025-04-04 19:40:35.141,2025-04-04 22:12:30.312,"1743795635.141","1743795635.141",2.53,2.53,-4e-15,53.2,51.9,53.2,50.6,NA,0.0302,"ppm",NA,NA,NA,NA,NA,0.0931,0.000887,0.236,18.3,0.175,1.63,NA,NA,NA,NA,NA,NA,NA,NA,NA,NA,NA,"0.15","0.0335","0.223333333333333",0,0,0,NA,NA,""
3369,3373,94144,287,22,2025-04-04 22:12:30.312,2025-04-05 00:44:25.2,"1743804750.312","1743804750.312",2.53,2.53,-2.22e-15,55.7,54.4,55.7,53.2,NA,0.0229,"ppm",NA,NA,NA,NA,NA,0.073,0.000695,0.185,18.5,0.176,3.9,NA,NA,NA,NA,NA,NA,NA,NA,NA,NA,NA,"0.15","0.0335","0.223333333333333",0,0,0,NA,NA,""
3369,3373,94145,288,23,2025-04-05 00:44:25.2,2025-04-05 03:16:20.983,"1743813865.2","1743813865.2",2.53,2.53,4.89e-15,58.2,57,58.2,55.7,NA,0.0228,"ppm",NA,NA,NA,NA,NA,0.0717,0.000683,0.182,18.7,0.178,1.35,NA,NA,NA,NA,NA,NA,NA,NA,NA,NA,NA,"0.15","0.0335","0.223333333333333",0,0,0,NA,NA,""
3369,3373,94146,289,24,2025-04-05 03:16:20.983,2025-04-05 05:48:15.484,"1743822980.983","1743822980.983",2.53,2.53,0,60.8,59.5,60.8,58.2,NA,0.0204,"ppm",NA,NA,NA,NA,NA,0.0604,0.000576,0.153,18.9,0.18,0.45,NA,NA,NA,NA,NA,NA,NA,NA,NA,NA,NA,"0.15","0.0335","0.223333333333333",0,0,0,NA,NA,""
3369,3373,94147,290,25,2025-04-05 05:48:15.484,2025-04-05 08:20:11.851,"1743832095.484","1743832095.484",2.53,2.53,-6.62e-11,63.3,62,63.3,60.8,NA,0.0188,"ppm",NA,NA,NA,NA,NA,0.0653,0.000622,0.165,19,0.181,2.15,NA,NA,NA,NA,NA,NA,NA,NA,NA,NA,NA,"0.15","0.0335","0.223333333333333",0,0,0,NA,NA,""
3369,3373,94148,291,26,2025-04-05 08:20:11.851,2025-04-05 10:52:07.107,"1743841211.851","1743841211.851",2.53,2.53,-1.78e-15,65.8,64.6,65.8,63.3,NA,0.0236,"ppm",NA,NA,NA,NA,NA,0.0844,0.000804,0.214,19.2,0.183,3.58,NA,NA,NA,NA,NA,NA,NA,NA,NA,NA,NA,"0.15","0.0335","0.223333333333333",0,0,0,NA,NA,""
3369,3373,94149,292,27,2025-04-05 10:52:07.107,2025-04-05 13:24:01.456,"1743850327.107","1743850327.107",2.53,2.53,-3.11e-15,68.4,67.1,68.4,65.8,NA,0.0313,"ppm",NA,NA,NA,NA,NA,0.0976,0.000929,0.247,19.5,0.186,5.68,NA,NA,NA,NA,NA,NA,NA,NA,NA,NA,NA,"0.15","0.0335","0.223333333333333",0,0,0,NA,NA,""
3369,3373,94150,293,28,2025-04-05 13:24:01.456,2025-04-05 15:55:57.549,"1743859441.456","1743859441.456",2.53,2.53,6.62e-11,70.9,69.6,70.9,68.4,NA,0.0384,"ppm",NA,NA,NA,NA,NA,0.103,0.000979,0.26,19.7,0.188,6.4,NA,NA,NA,NA,NA,NA,NA,NA,NA,NA,NA,"0.15","0.0335","0.223333333333333",0,0,0,NA,NA,""
3369,3373,94151,294,29,2025-04-05 15:55:57.549,2025-04-05 18:27:51.971,"1743868557.549","1743868557.549",2.53,2.53,4.44e-15,73.4,72.2,73.4,70.9,NA,0.0371,"ppm",NA,NA,NA,NA,NA,0.0969,0.000922,0.245,20,0.19,6.05,NA,NA,NA,NA,NA,NA,NA,NA,NA,NA,NA,"0.15","0.0335","0.223333333333333",0,0,0,NA,NA,""
3369,3373,94152,295,30,2025-04-05 18:27:51.971,2025-04-05 20:59:46.585,"1743877671.971","1743877671.971",2.53,2.53,5.33e-15,76,74.7,76,73.4,NA,0.0283,"ppm",NA,NA,NA,NA,NA,0.082,0.000781,0.208,20.2,0.192,4.38,NA,NA,NA,NA,NA,NA,NA,NA,NA,NA,NA,"0.15","0.0335","0.223333333333333",0,0,0,NA,NA,""
3369,3373,94153,296,31,2025-04-05 20:59:46.585,2025-04-05 23:31:41.164,"1743886786.585","1743886786.585",2.53,2.53,-4.44e-16,78.5,77.2,78.5,76,NA,0.0219,"ppm",NA,NA,NA,NA,NA,0.0517,0.000492,0.131,20.3,0.194,-1.75,NA,NA,NA,NA,NA,NA,NA,NA,NA,NA,NA,"0.15","0.0335","0.223333333333333",0,0,0,NA,NA,""
3369,3373,94154,297,32,2025-04-05 23:31:41.164,2025-04-06 02:03:38.069,"1743895901.164","1743895901.164",2.53,2.53,-4e-15,81,79.7,81,78.5,NA,0.0171,"ppm",NA,NA,NA,NA,NA,0.0374,0.000356,0.0948,20.4,0.194,-2.13,NA,NA,NA,NA,NA,NA,NA,NA,NA,NA,NA,"0.15","0.0335","0.223333333333333",0,0,0,NA,NA,""
3369,3373,94155,298,33,2025-04-06 02:03:38.069,2025-04-06 04:35:31.96,"1743905018.069","1743905018.069",2.53,2.53,4e-15,83.5,82.3,83.5,81,NA,0.019,"ppm",NA,NA,NA,NA,NA,0.031,0.000295,0.0784,20.5,0.195,-5,NA,NA,NA,NA,NA,NA,NA,NA,NA,NA,NA,"0.15","0.0335","0.223333333333333",0,0,0,NA,NA,""
3369,3373,94156,299,34,2025-04-06 04:35:31.96,2025-04-06 07:07:28.292,"1743914131.96","1743914131.96",2.53,2.53,-3.11e-15,86.1,84.8,86.1,83.5,NA,0.0136,"ppm",NA,NA,NA,NA,NA,0.0207,0.000197,0.0524,20.5,0.196,-3.28,NA,NA,NA,NA,NA,NA,NA,NA,NA,NA,NA,"0.15","0.0335","0.223333333333333",0,0,0,NA,NA,""
3369,3373,94157,300,35,2025-04-06 07:07:28.292,2025-04-06 09:39:22.855,"1743923248.292","1743923248.292",2.53,2.53,1.33e-15,88.6,87.3,88.6,86.1,NA,0.0151,"ppm",NA,NA,NA,NA,NA,0.0309,0.000294,0.0781,20.6,0.196,0.65,NA,NA,NA,NA,NA,NA,NA,NA,NA,NA,NA,"0.15","0.0335","0.223333333333333",0,0,0,NA,NA,""
3369,3373,94158,301,36,2025-04-06 09:39:22.855,2025-04-06 12:11:18.397,"1743932362.855","1743932362.855",2.53,2.53,-6.62e-11,91.1,89.9,91.1,88.6,NA,0.0269,"ppm",NA,NA,NA,NA,NA,0.062,0.000591,0.157,20.8,0.198,6.53,NA,NA,NA,NA,NA,NA,NA,NA,NA,NA,NA,"0.15","0.0335","0.223333333333333",0,0,0,NA,NA,""
3369,3373,94159,302,37,2025-04-06 12:11:18.397,2025-04-06 14:43:13.796,"1743941478.397","1743941478.397",2.53,2.53,6.62e-11,93.7,92.4,93.7,91.1,NA,0.0335,"ppm",NA,NA,NA,NA,NA,0.085,0.00081,0.215,21,0.2,8.93,NA,NA,NA,NA,NA,NA,NA,NA,NA,NA,NA,"0.15","0.0335","0.223333333333333",0,0,0,NA,NA,""
3369,3373,94160,303,38,2025-04-06 14:43:13.796,2025-04-06 17:15:09.243,"1743950593.796","1743950593.796",2.53,2.53,1.78e-15,96.2,94.9,96.2,93.7,NA,0.0351,"ppm",NA,NA,NA,NA,NA,0.089,0.000848,0.225,21.2,0.202,12,NA,NA,NA,NA,NA,NA,NA,NA,NA,NA,NA,"0.15","0.0335","0.223333333333333",0,0,0,NA,NA,""
3369,3373,94161,304,39,2025-04-06 17:15:09.243,2025-04-06 19:47:04.181,"1743959709.243","1743959709.243",2.53,2.53,4e-15,98.7,97.5,98.7,96.2,NA,0.0378,"ppm",NA,NA,NA,NA,NA,0.0788,0.000751,0.2,21.4,0.204,11.2,NA,NA,NA,NA,NA,NA,NA,NA,NA,NA,NA,"0.15","0.0335","0.223333333333333",0,0,0,NA,NA,""
3369,3373,94162,305,40,2025-04-06 19:47:04.181,2025-04-06 22:18:59.539,"1743968824.181","1743968824.181",2.53,2.53,4.89e-15,101,100,101,98.7,NA,0.027,"ppm",NA,NA,NA,NA,NA,0.0523,0.000498,0.132,21.6,0.205,5.75,NA,NA,NA,NA,NA,NA,NA,NA,NA,NA,NA,"0.15","0.0335","0.223333333333333",0,0,0,NA,NA,""
3369,3373,94163,306,41,2025-04-06 22:18:59.539,2025-04-07 00:50:54.272,"1743977939.539","1743977939.539",2.53,2.53,-6.62e-11,104,103,104,101,NA,0.0279,"ppm",NA,NA,NA,NA,NA,0.0331,0.000316,0.0839,21.6,0.206,2.88,NA,NA,NA,NA,NA,NA,NA,NA,NA,NA,NA,"0.15","0.0335","0.223333333333333",0,0,0,NA,NA,""
3369,3373,94164,307,42,2025-04-07 00:50:54.272,2025-04-07 03:22:50.223,"1743987054.272","1743987054.272",2.53,2.53,6.62e-11,106,105,106,104,NA,0.0191,"ppm",NA,NA,NA,NA,NA,0.0225,0.000214,0.057,21.7,0.207,-2.68,NA,NA,NA,NA,NA,NA,NA,NA,NA,NA,NA,"0.15","0.0335","0.223333333333333",0,0,0,NA,NA,""
3369,3373,94165,308,43,2025-04-07 03:22:50.223,2025-04-07 05:54:44.128,"1743996170.223","1743996170.223",2.53,2.53,-4.44e-16,109,108,109,106,NA,0.0138,"ppm",NA,NA,NA,NA,NA,0.0176,0.000168,0.0446,21.7,0.207,-1.83,NA,NA,NA,NA,NA,NA,NA,NA,NA,NA,NA,"0.15","0.0335","0.223333333333333",0,0,0,NA,NA,""
3370,3374,94166,309,1,2025-04-02 14:46:50.338,2025-04-02 17:18:46.134,"1743605210.338","1743605210.338",2.53,2.53,-6.62e-11,2.53,1.27,2.53,0,NA,0.222,"ppm",NA,NA,NA,NA,NA,2.14,0.0179,5.41,5.41,0.0453,17.8,NA,NA,NA,NA,NA,NA,NA,NA,NA,NA,NA,"0.15","0.0335","0.223333333333333",0,0,0,NA,NA,""
3370,3374,94167,310,2,2025-04-02 17:18:46.134,2025-04-02 19:50:40.892,"1743614326.134","1743614326.134",2.53,2.53,6.62e-11,5.06,3.8,5.06,2.53,NA,0.112,"ppm",NA,NA,NA,NA,NA,1.34,0.0113,3.4,8.81,0.0738,16.8,NA,NA,NA,NA,NA,NA,NA,NA,NA,NA,NA,"0.15","0.0335","0.223333333333333",0,0,0,NA,NA,""
3370,3374,94168,311,3,2025-04-02 19:50:40.892,2025-04-02 22:22:35.167,"1743623440.892","1743623440.892",2.53,2.53,3.55e-15,7.6,6.33,7.6,5.06,NA,0.0548,"ppm",NA,NA,NA,NA,NA,0.803,0.00673,2.03,10.8,0.0909,4.18,NA,NA,NA,NA,NA,NA,NA,NA,NA,NA,NA,"0.15","0.0335","0.223333333333333",0,0,0,NA,NA,""
3370,3374,94169,312,4,2025-04-02 22:22:35.167,2025-04-03 00:54:31.207,"1743632555.167","1743632555.167",2.53,2.53,2.66e-15,10.1,8.86,10.1,7.6,NA,0.0346,"ppm",NA,NA,NA,NA,NA,0.474,0.00397,1.2,12,0.101,1.3,NA,NA,NA,NA,NA,NA,NA,NA,NA,NA,NA,"0.15","0.0335","0.223333333333333",0,0,0,NA,NA,""
3370,3374,94170,313,5,2025-04-03 00:54:31.207,2025-04-03 03:26:26.588,"1743641671.207","1743641671.207",2.53,2.53,-3.55e-15,12.7,11.4,12.7,10.1,NA,0.0322,"ppm",NA,NA,NA,NA,NA,0.316,0.00265,0.801,12.8,0.108,-1.1,NA,NA,NA,NA,NA,NA,NA,NA,NA,NA,NA,"0.15","0.0335","0.223333333333333",0,0,0,NA,NA,""
3370,3374,94171,314,6,2025-04-03 03:26:26.588,2025-04-03 05:58:22.424,"1743650786.588","1743650786.588",2.53,2.53,4.44e-16,15.2,13.9,15.2,12.7,NA,0.0325,"ppm",NA,NA,NA,NA,NA,0.247,0.00207,0.626,13.5,0.113,-2.3,NA,NA,NA,NA,NA,NA,NA,NA,NA,NA,NA,"0.15","0.0335","0.223333333333333",0,0,0,NA,NA,""
3370,3374,94172,315,7,2025-04-03 05:58:22.424,2025-04-03 08:29:41.326,"1743659902.424","1743659902.424",2.52,2.52,3.11e-15,17.7,16.5,17.7,15.2,NA,0.044,"ppm",NA,NA,NA,NA,NA,0.209,0.00175,0.527,14,0.117,-1.38,NA,NA,NA,NA,NA,NA,NA,NA,NA,NA,NA,"0.15","0.0335","0.223333333333333",0,0,0,NA,NA,""
3370,3374,94173,316,8,2025-04-03 08:29:41.326,2025-04-03 11:01:36.45,"1743668981.326","1743668981.326",2.53,2.53,-2.22e-15,20.2,19,20.2,17.7,NA,0.081,"ppm",NA,NA,NA,NA,NA,0.286,0.0024,0.725,14.7,0.123,10.3,NA,NA,NA,NA,NA,NA,NA,NA,NA,NA,NA,"0.15","0.0335","0.223333333333333",0,0,0,NA,NA,""
3370,3374,94174,317,9,2025-04-03 11:01:36.45,2025-04-03 13:33:32.474,"1743678096.45","1743678096.45",2.53,2.53,4.44e-15,22.8,21.5,22.8,20.2,NA,0.092,"ppm",NA,NA,NA,NA,NA,0.36,0.00302,0.912,15.6,0.131,15.6,NA,NA,NA,NA,NA,NA,NA,NA,NA,NA,NA,"0.15","0.0335","0.223333333333333",0,0,0,NA,NA,""
3370,3374,94175,318,10,2025-04-03 13:33:32.474,2025-04-03 16:05:27.816,"1743687212.474","1743687212.474",2.53,2.53,-3.55e-15,25.3,24,25.3,22.8,NA,0.0837,"ppm",NA,NA,NA,NA,NA,0.358,0.003,0.907,16.5,0.139,17.4,NA,NA,NA,NA,NA,NA,NA,NA,NA,NA,NA,"0.15","0.0335","0.223333333333333",0,0,0,NA,NA,""
3370,3374,94176,319,11,2025-04-03 16:05:27.816,2025-04-03 18:37:22.813,"1743696327.816","1743696327.816",2.53,2.53,-3.11e-15,27.8,26.6,27.8,25.3,NA,0.0657,"ppm",NA,NA,NA,NA,NA,0.385,0.00322,0.974,17.5,0.147,16.4,NA,NA,NA,NA,NA,NA,NA,NA,NA,NA,NA,"0.15","0.0335","0.223333333333333",0,0,0,NA,NA,""
3370,3374,94177,320,12,2025-04-03 18:37:22.813,2025-04-03 21:09:17.617,"1743705442.813","1743705442.813",2.53,2.53,3.11e-15,30.4,29.1,30.4,27.8,NA,0.0473,"ppm",NA,NA,NA,NA,NA,0.329,0.00276,0.833,18.3,0.154,11.6,NA,NA,NA,NA,NA,NA,NA,NA,NA,NA,NA,"0.15","0.0335","0.223333333333333",0,0,0,NA,NA,""
3370,3374,94178,321,13,2025-04-03 21:09:17.617,2025-04-03 23:41:12.596,"1743714557.617","1743714557.617",2.53,2.53,4.89e-15,32.9,31.6,32.9,30.4,NA,0.0374,"ppm",NA,NA,NA,NA,NA,0.241,0.00202,0.609,19,0.159,9.75,NA,NA,NA,NA,NA,NA,NA,NA,NA,NA,NA,"0.15","0.0335","0.223333333333333",0,0,0,NA,NA,""
3370,3374,94179,322,14,2025-04-03 23:41:12.596,2025-04-04 02:13:07.549,"1743723672.596","1743723672.596",2.53,2.53,-2.22e-15,35.4,34.2,35.4,32.9,NA,0.0265,"ppm",NA,NA,NA,NA,NA,0.185,0.00155,0.469,19.4,0.163,1.43,NA,NA,NA,NA,NA,NA,NA,NA,NA,NA,NA,"0.15","0.0335","0.223333333333333",0,0,0,NA,NA,""
3370,3374,94180,323,15,2025-04-04 02:13:07.549,2025-04-04 04:45:03.667,"1743732787.549","1743732787.549",2.53,2.53,3.11e-15,38,36.7,38,35.4,NA,0.0265,"ppm",NA,NA,NA,NA,NA,0.112,0.000935,0.282,19.7,0.165,3,NA,NA,NA,NA,NA,NA,NA,NA,NA,NA,NA,"0.15","0.0335","0.223333333333333",0,0,0,NA,NA,""
3370,3374,94181,324,16,2025-04-04 04:45:03.667,2025-04-04 07:16:58.759,"1743741903.667","1743741903.667",2.53,2.53,-6.62e-11,40.5,39.2,40.5,38,NA,0.0311,"ppm",NA,NA,NA,NA,NA,0.0929,0.000779,0.235,19.9,0.167,3.7,NA,NA,NA,NA,NA,NA,NA,NA,NA,NA,NA,"0.15","0.0335","0.223333333333333",0,0,0,NA,NA,""
3370,3374,94182,325,17,2025-04-04 07:16:58.759,2025-04-04 09:48:53.892,"1743751018.759","1743751018.759",2.53,2.53,6.62e-11,43,41.8,43,40.5,NA,0.0335,"ppm",NA,NA,NA,NA,NA,0.128,0.00108,0.325,20.3,0.17,4.65,NA,NA,NA,NA,NA,NA,NA,NA,NA,NA,NA,"0.15","0.0335","0.223333333333333",0,0,0,NA,NA,""
3370,3374,94183,326,18,2025-04-04 09:48:53.892,2025-04-04 12:20:48.66,"1743760133.892","1743760133.892",2.53,2.53,-6.62e-11,45.6,44.3,45.6,43,NA,0.0418,"ppm",NA,NA,NA,NA,NA,0.135,0.00113,0.342,20.6,0.173,6.25,NA,NA,NA,NA,NA,NA,NA,NA,NA,NA,NA,"0.15","0.0335","0.223333333333333",0,0,0,NA,NA,""
3370,3374,94184,327,19,2025-04-04 12:20:48.66,2025-04-04 14:52:44.269,"1743769248.66","1743769248.66",2.53,2.53,6.62e-11,48.1,46.8,48.1,45.6,NA,0.0471,"ppm",NA,NA,NA,NA,NA,0.159,0.00133,0.402,21,0.176,7.03,NA,NA,NA,NA,NA,NA,NA,NA,NA,NA,NA,"0.15","0.0335","0.223333333333333",0,0,0,NA,NA,""
3370,3374,94185,328,20,2025-04-04 14:52:44.269,2025-04-04 17:24:39.381,"1743778364.269","1743778364.269",2.53,2.53,3.55e-15,50.6,49.4,50.6,48.1,NA,0.0448,"ppm",NA,NA,NA,NA,NA,0.177,0.00148,0.447,21.5,0.18,8.03,NA,NA,NA,NA,NA,NA,NA,NA,NA,NA,NA,"0.15","0.0335","0.223333333333333",0,0,0,NA,NA,""
3370,3374,94186,329,21,2025-04-04 17:24:39.381,2025-04-04 19:56:34.72,"1743787479.381","1743787479.381",2.53,2.53,-2.66e-15,53.2,51.9,53.2,50.6,NA,0.0302,"ppm",NA,NA,NA,NA,NA,0.173,0.00145,0.438,21.9,0.184,7.18,NA,NA,NA,NA,NA,NA,NA,NA,NA,NA,NA,"0.15","0.0335","0.223333333333333",0,0,0,NA,NA,""
3370,3374,94187,330,22,2025-04-04 19:56:34.72,2025-04-04 22:28:30.092,"1743796594.72","1743796594.72",2.53,2.53,0,55.7,54.4,55.7,53.2,NA,0.0229,"ppm",NA,NA,NA,NA,NA,0.129,0.00108,0.327,22.2,0.186,1.63,NA,NA,NA,NA,NA,NA,NA,NA,NA,NA,NA,"0.15","0.0335","0.223333333333333",0,0,0,NA,NA,""
3370,3374,94188,331,23,2025-04-04 22:28:30.092,2025-04-05 01:00:25.275,"1743805710.092","1743805710.092",2.53,2.53,4.44e-16,58.2,57,58.2,55.7,NA,0.0228,"ppm",NA,NA,NA,NA,NA,0.105,0.00088,0.266,22.5,0.189,3.9,NA,NA,NA,NA,NA,NA,NA,NA,NA,NA,NA,"0.15","0.0335","0.223333333333333",0,0,0,NA,NA,""
3370,3374,94189,332,24,2025-04-05 01:00:25.275,2025-04-05 03:32:20.464,"1743814825.275","1743814825.275",2.53,2.53,4.89e-15,60.8,59.5,60.8,58.2,NA,0.0204,"ppm",NA,NA,NA,NA,NA,0.0993,0.000833,0.252,22.7,0.191,1.35,NA,NA,NA,NA,NA,NA,NA,NA,NA,NA,NA,"0.15","0.0335","0.223333333333333",0,0,0,NA,NA,""
3370,3374,94190,333,25,2025-04-05 03:32:20.464,2025-04-05 06:04:14.624,"1743823940.464","1743823940.464",2.53,2.53,-2.66e-15,63.3,62,63.3,60.8,NA,0.0188,"ppm",NA,NA,NA,NA,NA,0.066,0.000553,0.167,22.9,0.192,2.13,NA,NA,NA,NA,NA,NA,NA,NA,NA,NA,NA,"0.15","0.0335","0.223333333333333",0,0,0,NA,NA,""
3370,3374,94191,334,26,2025-04-05 06:04:14.624,2025-04-05 08:36:10.855,"1743833054.624","1743833054.624",2.53,2.53,-4e-15,65.8,64.6,65.8,63.3,NA,0.0236,"ppm",NA,NA,NA,NA,NA,0.0652,0.000547,0.165,23.1,0.193,2.15,NA,NA,NA,NA,NA,NA,NA,NA,NA,NA,NA,"0.15","0.0335","0.223333333333333",0,0,0,NA,NA,""
3370,3374,94192,335,27,2025-04-05 08:36:10.855,2025-04-05 11:08:05.105,"1743842170.855","1743842170.855",2.53,2.53,-8.88e-16,68.4,67.1,68.4,65.8,NA,0.0313,"ppm",NA,NA,NA,NA,NA,0.0813,0.000682,0.206,23.3,0.195,4.1,NA,NA,NA,NA,NA,NA,NA,NA,NA,NA,NA,"0.15","0.0335","0.223333333333333",0,0,0,NA,NA,""
3370,3374,94193,336,28,2025-04-05 11:08:05.105,2025-04-05 13:40:01.454,"1743851285.105","1743851285.105",2.53,2.53,1.33e-15,70.9,69.6,70.9,68.4,NA,0.0384,"ppm",NA,NA,NA,NA,NA,0.0936,0.000784,0.237,23.5,0.197,5.68,NA,NA,NA,NA,NA,NA,NA,NA,NA,NA,NA,"0.15","0.0335","0.223333333333333",0,0,0,NA,NA,""
3370,3374,94194,337,29,2025-04-05 13:40:01.454,2025-04-05 16:11:56.351,"1743860401.454","1743860401.454",2.53,2.53,-6.62e-11,73.4,72.2,73.4,70.9,NA,0.0371,"ppm",NA,NA,NA,NA,NA,0.115,0.000964,0.291,23.8,0.2,6.3,NA,NA,NA,NA,NA,NA,NA,NA,NA,NA,NA,"0.15","0.0335","0.223333333333333",0,0,0,NA,NA,""
3370,3374,94195,338,30,2025-04-05 16:11:56.351,2025-04-05 18:43:51.457,"1743869516.351","1743869516.351",2.53,2.53,6.62e-11,76,74.7,76,73.4,NA,0.0283,"ppm",NA,NA,NA,NA,NA,0.123,0.00103,0.312,24.1,0.202,6.05,NA,NA,NA,NA,NA,NA,NA,NA,NA,NA,NA,"0.15","0.0335","0.223333333333333",0,0,0,NA,NA,""
3370,3374,94196,339,31,2025-04-05 18:43:51.457,2025-04-05 21:15:45.805,"1743878631.457","1743878631.457",2.53,2.53,-6.62e-11,78.5,77.2,78.5,76,NA,0.0219,"ppm",NA,NA,NA,NA,NA,0.103,0.000861,0.26,24.4,0.204,1.6,NA,NA,NA,NA,NA,NA,NA,NA,NA,NA,NA,"0.15","0.0335","0.223333333333333",0,0,0,NA,NA,""
3370,3374,94197,340,32,2025-04-05 21:15:45.805,2025-04-05 23:47:41.075,"1743887745.805","1743887745.805",2.53,2.53,6.62e-11,81,79.7,81,78.5,NA,0.0171,"ppm",NA,NA,NA,NA,NA,0.0627,0.000526,0.159,24.5,0.206,-1.75,NA,NA,NA,NA,NA,NA,NA,NA,NA,NA,NA,"0.15","0.0335","0.223333333333333",0,0,0,NA,NA,""
3370,3374,94198,341,33,2025-04-05 23:47:41.075,2025-04-06 02:19:37.528,"1743896861.075","1743896861.075",2.53,2.53,-6.62e-11,83.5,82.3,83.5,81,NA,0.019,"ppm",NA,NA,NA,NA,NA,0.0413,0.000347,0.105,24.6,0.207,-2.13,NA,NA,NA,NA,NA,NA,NA,NA,NA,NA,NA,"0.15","0.0335","0.223333333333333",0,0,0,NA,NA,""
3370,3374,94199,342,34,2025-04-06 02:19:37.528,2025-04-06 04:51:31.723,"1743905977.528","1743905977.528",2.53,2.53,6.62e-11,86.1,84.8,86.1,83.5,NA,0.0136,"ppm",NA,NA,NA,NA,NA,0.0368,0.000308,0.0931,24.7,0.207,-5,NA,NA,NA,NA,NA,NA,NA,NA,NA,NA,NA,"0.15","0.0335","0.223333333333333",0,0,0,NA,NA,""
3370,3374,94200,343,35,2025-04-06 04:51:31.723,2025-04-06 07:23:27.224,"1743915091.723","1743915091.723",2.53,2.53,2.22e-15,88.6,87.3,88.6,86.1,NA,0.0151,"ppm",NA,NA,NA,NA,NA,0.0243,0.000204,0.0615,24.8,0.208,-3.28,NA,NA,NA,NA,NA,NA,NA,NA,NA,NA,NA,"0.15","0.0335","0.223333333333333",0,0,0,NA,NA,""
3370,3374,94201,344,36,2025-04-06 07:23:27.224,2025-04-06 09:55:22.025,"1743924207.224","1743924207.224",2.53,2.53,4.44e-15,91.1,89.9,91.1,88.6,NA,0.0269,"ppm",NA,NA,NA,NA,NA,0.035,0.000293,0.0885,24.9,0.209,0.65,NA,NA,NA,NA,NA,NA,NA,NA,NA,NA,NA,"0.15","0.0335","0.223333333333333",0,0,0,NA,NA,""
3370,3374,94202,345,37,2025-04-06 09:55:22.025,2025-04-06 12:27:17.44,"1743933322.025","1743933322.025",2.53,2.53,4e-15,93.7,92.4,93.7,91.1,NA,0.0335,"ppm",NA,NA,NA,NA,NA,0.0657,0.000551,0.166,25,0.21,6.53,NA,NA,NA,NA,NA,NA,NA,NA,NA,NA,NA,"0.15","0.0335","0.223333333333333",0,0,0,NA,NA,""
3370,3374,94203,346,38,2025-04-06 12:27:17.44,2025-04-06 14:59:12.976,"1743942437.44","1743942437.44",2.53,2.53,-6.62e-11,96.2,94.9,96.2,93.7,NA,0.0351,"ppm",NA,NA,NA,NA,NA,0.084,0.000705,0.213,25.3,0.212,8.93,NA,NA,NA,NA,NA,NA,NA,NA,NA,NA,NA,"0.15","0.0335","0.223333333333333",0,0,0,NA,NA,""
3370,3374,94204,347,39,2025-04-06 14:59:12.976,2025-04-06 17:31:07.378,"1743951552.976","1743951552.976",2.53,2.53,6.62e-11,98.7,97.5,98.7,96.2,NA,0.0378,"ppm",NA,NA,NA,NA,NA,0.0979,0.000821,0.248,25.5,0.214,12,NA,NA,NA,NA,NA,NA,NA,NA,NA,NA,NA,"0.15","0.0335","0.223333333333333",0,0,0,NA,NA,""
3370,3374,94205,348,40,2025-04-06 17:31:07.378,2025-04-06 20:03:02.543,"1743960667.378","1743960667.378",2.53,2.53,-1.33e-15,101,100,101,98.7,NA,0.027,"ppm",NA,NA,NA,NA,NA,0.11,0.000919,0.278,25.8,0.216,8.95,NA,NA,NA,NA,NA,NA,NA,NA,NA,NA,NA,"0.15","0.0335","0.223333333333333",0,0,0,NA,NA,""
3370,3374,94206,349,41,2025-04-06 20:03:02.543,2025-04-06 22:34:59.328,"1743969782.543","1743969782.543",2.53,2.53,4.44e-16,104,103,104,101,NA,0.0279,"ppm",NA,NA,NA,NA,NA,0.0721,0.000605,0.183,26,0.218,5.75,NA,NA,NA,NA,NA,NA,NA,NA,NA,NA,NA,"0.15","0.0335","0.223333333333333",0,0,0,NA,NA,""
3370,3374,94207,350,42,2025-04-06 22:34:59.328,2025-04-07 01:06:54.269,"1743978899.328","1743978899.328",2.53,2.53,3.11e-15,106,105,106,104,NA,0.0191,"ppm",NA,NA,NA,NA,NA,0.0413,0.000347,0.105,26.1,0.219,-0.55,NA,NA,NA,NA,NA,NA,NA,NA,NA,NA,NA,"0.15","0.0335","0.223333333333333",0,0,0,NA,NA,""
3370,3374,94208,351,43,2025-04-07 01:06:54.269,2025-04-07 03:38:49.556,"1743988014.269","1743988014.269",2.53,2.53,-2.22e-15,109,108,109,106,NA,0.0138,"ppm",NA,NA,NA,NA,NA,0.0349,0.000293,0.0884,26.2,0.219,-2.68,NA,NA,NA,NA,NA,NA,NA,NA,NA,NA,NA,"0.15","0.0335","0.223333333333333",0,0,0,NA,NA,""
3370,3374,94209,352,44,2025-04-07 03:38:49.556,2025-04-07 06:10:44.032,"1743997129.556","1743997129.556",2.53,2.53,-2.22e-15,111,110,111,109,NA,0.0156,"ppm",NA,NA,NA,NA,NA,0.0183,0.000154,0.0464,26.2,0.22,-1.63,NA,NA,NA,NA,NA,NA,NA,NA,NA,NA,NA,"0.15","0.0335","0.223333333333333",0,0,0,NA,NA,""
3371,3375,94210,353,1,2025-04-02 14:54:50.118,2025-04-02 17:26:44.555,"1743605690.118","1743605690.118",2.53,2.53,-6.62e-11,2.53,1.27,2.53,0,NA,0.222,"ppm",NA,NA,NA,NA,NA,1.17,0.00977,2.95,2.95,0.0247,17.8,NA,NA,NA,NA,NA,NA,NA,NA,NA,NA,NA,"0.15","0.0335","0.223333333333333",0,0,0,NA,NA,""
3371,3375,94211,354,2,2025-04-02 17:26:44.555,2025-04-02 19:58:40.619,"1743614804.555","1743614804.555",2.53,2.53,6.62e-11,5.06,3.8,5.06,2.53,NA,0.112,"ppm",NA,NA,NA,NA,NA,0.61,0.00511,1.54,4.49,0.0377,16.8,NA,NA,NA,NA,NA,NA,NA,NA,NA,NA,NA,"0.15","0.0335","0.223333333333333",0,0,0,NA,NA,""
3371,3375,94212,355,3,2025-04-02 19:58:40.619,2025-04-02 22:30:35.487,"1743623920.619","1743623920.619",2.53,2.53,5.33e-15,7.6,6.33,7.6,5.06,NA,0.0548,"ppm",NA,NA,NA,NA,NA,0.354,0.00297,0.897,5.39,0.0452,4.18,NA,NA,NA,NA,NA,NA,NA,NA,NA,NA,NA,"0.15","0.0335","0.223333333333333",0,0,0,NA,NA,""
3371,3375,94213,356,4,2025-04-02 22:30:35.487,2025-04-03 01:02:30.996,"1743633035.487","1743633035.487",2.53,2.53,2.66e-15,10.1,8.86,10.1,7.6,NA,0.0346,"ppm",NA,NA,NA,NA,NA,0.174,0.00146,0.441,5.83,0.0489,0.43,NA,NA,NA,NA,NA,NA,NA,NA,NA,NA,NA,"0.15","0.0335","0.223333333333333",0,0,0,NA,NA,""
3371,3375,94214,357,5,2025-04-03 01:02:30.996,2025-04-03 03:34:26.822,"1743642150.996","1743642150.996",2.53,2.53,-1.33e-15,12.7,11.4,12.7,10.1,NA,0.0322,"ppm",NA,NA,NA,NA,NA,0.123,0.00103,0.311,6.14,0.0515,-1.1,NA,NA,NA,NA,NA,NA,NA,NA,NA,NA,NA,"0.15","0.0335","0.223333333333333",0,0,0,NA,NA,""
3371,3375,94215,358,6,2025-04-03 03:34:26.822,2025-04-03 06:06:21.463,"1743651266.822","1743651266.822",2.53,2.53,8.88e-16,15.2,13.9,15.2,12.7,NA,0.0325,"ppm",NA,NA,NA,NA,NA,0.109,0.000914,0.276,6.42,0.0538,-2.53,NA,NA,NA,NA,NA,NA,NA,NA,NA,NA,NA,"0.15","0.0335","0.223333333333333",0,0,0,NA,NA,""
3371,3375,94216,359,7,2025-04-03 06:06:21.463,2025-04-03 08:37:42.104,"1743660381.463","1743660381.463",2.52,2.52,5.33e-15,17.7,16.5,17.7,15.2,NA,0.044,"ppm",NA,NA,NA,NA,NA,0.0932,0.000781,0.235,6.65,0.0558,-1.38,NA,NA,NA,NA,NA,NA,NA,NA,NA,NA,NA,"0.15","0.0335","0.223333333333333",0,0,0,NA,NA,""
3371,3375,94217,360,8,2025-04-03 08:37:42.104,2025-04-03 11:09:37.112,"1743669462.104","1743669462.104",2.53,2.53,3.55e-15,20.2,19,20.2,17.7,NA,0.081,"ppm",NA,NA,NA,NA,NA,0.137,0.00115,0.348,7,0.0587,12.2,NA,NA,NA,NA,NA,NA,NA,NA,NA,NA,NA,"0.15","0.0335","0.223333333333333",0,0,0,NA,NA,""
3371,3375,94218,361,9,2025-04-03 11:09:37.112,2025-04-03 13:41:32.009,"1743678577.112","1743678577.112",2.53,2.53,-6.62e-11,22.8,21.5,22.8,20.2,NA,0.092,"ppm",NA,NA,NA,NA,NA,0.217,0.00182,0.548,7.55,0.0633,15.6,NA,NA,NA,NA,NA,NA,NA,NA,NA,NA,NA,"0.15","0.0335","0.223333333333333",0,0,0,NA,NA,""
3371,3375,94219,362,10,2025-04-03 13:41:32.009,2025-04-03 16:13:27.02,"1743687692.009","1743687692.009",2.53,2.53,6.62e-11,25.3,24,25.3,22.8,NA,0.0837,"ppm",NA,NA,NA,NA,NA,0.224,0.00188,0.568,8.12,0.0681,17.4,NA,NA,NA,NA,NA,NA,NA,NA,NA,NA,NA,"0.15","0.0335","0.223333333333333",0,0,0,NA,NA,""
3371,3375,94220,363,11,2025-04-03 16:13:27.02,2025-04-03 18:45:21.924,"1743696807.02","1743696807.02",2.53,2.53,-3.55e-15,27.8,26.6,27.8,25.3,NA,0.0657,"ppm",NA,NA,NA,NA,NA,0.203,0.0017,0.513,8.63,0.0724,16.4,NA,NA,NA,NA,NA,NA,NA,NA,NA,NA,NA,"0.15","0.0335","0.223333333333333",0,0,0,NA,NA,""
3371,3375,94221,364,12,2025-04-03 18:45:21.924,2025-04-03 21:17:17.489,"1743705921.924","1743705921.924",2.53,2.53,-6.62e-11,30.4,29.1,30.4,27.8,NA,0.0473,"ppm",NA,NA,NA,NA,NA,0.146,0.00123,0.371,9,0.0755,11.6,NA,NA,NA,NA,NA,NA,NA,NA,NA,NA,NA,"0.15","0.0335","0.223333333333333",0,0,0,NA,NA,""
3371,3375,94222,365,13,2025-04-03 21:17:17.489,2025-04-03 23:49:12.828,"1743715037.489","1743715037.489",2.53,2.53,6.62e-11,32.9,31.6,32.9,30.4,NA,0.0374,"ppm",NA,NA,NA,NA,NA,0.096,0.000805,0.243,9.24,0.0775,9.75,NA,NA,NA,NA,NA,NA,NA,NA,NA,NA,NA,"0.15","0.0335","0.223333333333333",0,0,0,NA,NA,""
3371,3375,94223,366,14,2025-04-03 23:49:12.828,2025-04-04 02:21:07.611,"1743724152.828","1743724152.828",2.53,2.53,2.66e-15,35.4,34.2,35.4,32.9,NA,0.0265,"ppm",NA,NA,NA,NA,NA,0.0659,0.000552,0.167,9.41,0.0789,1.43,NA,NA,NA,NA,NA,NA,NA,NA,NA,NA,NA,"0.15","0.0335","0.223333333333333",0,0,0,NA,NA,""
3371,3375,94224,367,15,2025-04-04 02:21:07.611,2025-04-04 04:53:03.401,"1743733267.611","1743733267.611",2.53,2.53,-2.66e-15,38,36.7,38,35.4,NA,0.0265,"ppm",NA,NA,NA,NA,NA,0.0313,0.000262,0.0792,9.49,0.0796,3,NA,NA,NA,NA,NA,NA,NA,NA,NA,NA,NA,"0.15","0.0335","0.223333333333333",0,0,0,NA,NA,""
3371,3375,94225,368,16,2025-04-04 04:53:03.401,2025-04-04 07:24:58.335,"1743742383.401","1743742383.401",2.53,2.53,4.44e-16,40.5,39.2,40.5,38,NA,0.0311,"ppm",NA,NA,NA,NA,NA,0.0318,0.000267,0.0806,9.57,0.0803,3.7,NA,NA,NA,NA,NA,NA,NA,NA,NA,NA,NA,"0.15","0.0335","0.223333333333333",0,0,0,NA,NA,""
3371,3375,94226,369,17,2025-04-04 07:24:58.335,2025-04-04 09:56:53.736,"1743751498.335","1743751498.335",2.53,2.53,-1.33e-15,43,41.8,43,40.5,NA,0.0335,"ppm",NA,NA,NA,NA,NA,0.0534,0.000448,0.135,9.71,0.0814,4.65,NA,NA,NA,NA,NA,NA,NA,NA,NA,NA,NA,"0.15","0.0335","0.223333333333333",0,0,0,NA,NA,""
3371,3375,94227,370,18,2025-04-04 09:56:53.736,2025-04-04 12:28:47.996,"1743760613.736","1743760613.736",2.53,2.53,0,45.6,44.3,45.6,43,NA,0.0418,"ppm",NA,NA,NA,NA,NA,0.0623,0.000523,0.158,9.86,0.0827,6.25,NA,NA,NA,NA,NA,NA,NA,NA,NA,NA,NA,"0.15","0.0335","0.223333333333333",0,0,0,NA,NA,""
3371,3375,94228,371,19,2025-04-04 12:28:47.996,2025-04-04 15:00:44.539,"1743769727.996","1743769727.996",2.53,2.53,2.66e-15,48.1,46.8,48.1,45.6,NA,0.0471,"ppm",NA,NA,NA,NA,NA,0.0768,0.000644,0.194,10.1,0.0844,7.03,NA,NA,NA,NA,NA,NA,NA,NA,NA,NA,NA,"0.15","0.0335","0.223333333333333",0,0,0,NA,NA,""
3371,3375,94229,372,20,2025-04-04 15:00:44.539,2025-04-04 17:32:39.039,"1743778844.539","1743778844.539",2.53,2.53,4.44e-15,50.6,49.4,50.6,48.1,NA,0.0448,"ppm",NA,NA,NA,NA,NA,0.0769,0.000645,0.195,10.3,0.086,8.03,NA,NA,NA,NA,NA,NA,NA,NA,NA,NA,NA,"0.15","0.0335","0.223333333333333",0,0,0,NA,NA,""
3371,3375,94230,373,21,2025-04-04 17:32:39.039,2025-04-04 20:04:33.857,"1743787959.039","1743787959.039",2.53,2.53,-6.62e-11,53.2,51.9,53.2,50.6,NA,0.0302,"ppm",NA,NA,NA,NA,NA,0.0683,0.000573,0.173,10.4,0.0874,5.7,NA,NA,NA,NA,NA,NA,NA,NA,NA,NA,NA,"0.15","0.0335","0.223333333333333",0,0,0,NA,NA,""
3371,3375,94231,374,22,2025-04-04 20:04:33.857,2025-04-04 22:36:29.168,"1743797073.857","1743797073.857",2.53,2.53,6.62e-11,55.7,54.4,55.7,53.2,NA,0.0229,"ppm",NA,NA,NA,NA,NA,0.046,0.000386,0.116,10.5,0.0884,1.63,NA,NA,NA,NA,NA,NA,NA,NA,NA,NA,NA,"0.15","0.0335","0.223333333333333",0,0,0,NA,NA,""
3371,3375,94232,375,23,2025-04-04 22:36:29.168,2025-04-05 01:08:24.24,"1743806189.168","1743806189.168",2.53,2.53,-1.78e-15,58.2,57,58.2,55.7,NA,0.0228,"ppm",NA,NA,NA,NA,NA,0.0334,0.00028,0.0844,10.6,0.0891,3,NA,NA,NA,NA,NA,NA,NA,NA,NA,NA,NA,"0.15","0.0335","0.223333333333333",0,0,0,NA,NA,""
3371,3375,94233,376,24,2025-04-05 01:08:24.24,2025-04-05 03:40:19.687,"1743815304.24","1743815304.24",2.53,2.53,1.78e-15,60.8,59.5,60.8,58.2,NA,0.0204,"ppm",NA,NA,NA,NA,NA,0.0343,0.000288,0.0869,10.7,0.0898,1.35,NA,NA,NA,NA,NA,NA,NA,NA,NA,NA,NA,"0.15","0.0335","0.223333333333333",0,0,0,NA,NA,""
3371,3375,94234,377,25,2025-04-05 03:40:19.687,2025-04-05 06:12:15.121,"1743824419.687","1743824419.687",2.53,2.53,1.33e-15,63.3,62,63.3,60.8,NA,0.0188,"ppm",NA,NA,NA,NA,NA,0.0234,0.000196,0.0592,10.8,0.0903,2.13,NA,NA,NA,NA,NA,NA,NA,NA,NA,NA,NA,"0.15","0.0335","0.223333333333333",0,0,0,NA,NA,""
3371,3375,94235,378,26,2025-04-05 06:12:15.121,2025-04-05 08:44:10.378,"1743833535.121","1743833535.121",2.53,2.53,4e-15,65.8,64.6,65.8,63.3,NA,0.0236,"ppm",NA,NA,NA,NA,NA,0.0221,0.000185,0.0559,10.8,0.0908,2.15,NA,NA,NA,NA,NA,NA,NA,NA,NA,NA,NA,"0.15","0.0335","0.223333333333333",0,0,0,NA,NA,""
3371,3375,94236,379,27,2025-04-05 08:44:10.378,2025-04-05 11:16:05.489,"1743842650.378","1743842650.378",2.53,2.53,-6.62e-11,68.4,67.1,68.4,65.8,NA,0.0313,"ppm",NA,NA,NA,NA,NA,0.03,0.000251,0.0759,10.9,0.0914,4.1,NA,NA,NA,NA,NA,NA,NA,NA,NA,NA,NA,"0.15","0.0335","0.223333333333333",0,0,0,NA,NA,""
3371,3375,94237,380,28,2025-04-05 11:16:05.489,2025-04-05 13:48:01.285,"1743851765.489","1743851765.489",2.53,2.53,4.44e-15,70.9,69.6,70.9,68.4,NA,0.0384,"ppm",NA,NA,NA,NA,NA,0.0451,0.000378,0.114,11,0.0924,5.68,NA,NA,NA,NA,NA,NA,NA,NA,NA,NA,NA,"0.15","0.0335","0.223333333333333",0,0,0,NA,NA,""
3371,3375,94238,381,29,2025-04-05 13:48:01.285,2025-04-05 16:19:56.063,"1743860881.285","1743860881.285",2.53,2.53,6.62e-11,73.4,72.2,73.4,70.9,NA,0.0371,"ppm",NA,NA,NA,NA,NA,0.0584,0.000489,0.148,11.2,0.0936,6.3,NA,NA,NA,NA,NA,NA,NA,NA,NA,NA,NA,"0.15","0.0335","0.223333333333333",0,0,0,NA,NA,""
3371,3375,94239,382,30,2025-04-05 16:19:56.063,2025-04-05 18:51:50.976,"1743869996.063","1743869996.063",2.53,2.53,-6.62e-11,76,74.7,76,73.4,NA,0.0283,"ppm",NA,NA,NA,NA,NA,0.0535,0.000448,0.135,11.3,0.0948,6.05,NA,NA,NA,NA,NA,NA,NA,NA,NA,NA,NA,"0.15","0.0335","0.223333333333333",0,0,0,NA,NA,""
3371,3375,94240,383,31,2025-04-05 18:51:50.976,2025-04-05 21:23:45.872,"1743879110.976","1743879110.976",2.53,2.53,6.62e-11,78.5,77.2,78.5,76,NA,0.0219,"ppm",NA,NA,NA,NA,NA,0.0384,0.000322,0.0971,11.4,0.0956,1.6,NA,NA,NA,NA,NA,NA,NA,NA,NA,NA,NA,"0.15","0.0335","0.223333333333333",0,0,0,NA,NA,""
3371,3375,94241,384,32,2025-04-05 21:23:45.872,2025-04-05 23:55:41.194,"1743888225.872","1743888225.872",2.53,2.53,3.55e-15,81,79.7,81,78.5,NA,0.0171,"ppm",NA,NA,NA,NA,NA,0.0192,0.000161,0.0487,11.4,0.096,-1.75,NA,NA,NA,NA,NA,NA,NA,NA,NA,NA,NA,"0.15","0.0335","0.223333333333333",0,0,0,NA,NA,""
3371,3375,94242,385,33,2025-04-05 23:55:41.194,2025-04-06 02:27:36.826,"1743897341.194","1743897341.194",2.53,2.53,-2.66e-15,83.5,82.3,83.5,81,NA,0.019,"ppm",NA,NA,NA,NA,NA,0.0107,8.99e-05,0.0272,11.5,0.0962,-2.13,NA,NA,NA,NA,NA,NA,NA,NA,NA,NA,NA,"0.15","0.0335","0.223333333333333",0,0,0,NA,NA,""
3371,3375,94243,386,34,2025-04-06 02:27:36.826,2025-04-06 04:59:32.832,"1743906456.826","1743906456.826",2.53,2.53,5.33e-15,86.1,84.8,86.1,83.5,NA,0.0136,"ppm",NA,NA,NA,NA,NA,0.0111,9.3e-05,0.0281,11.5,0.0965,-5,NA,NA,NA,NA,NA,NA,NA,NA,NA,NA,NA,"0.15","0.0335","0.223333333333333",0,0,0,NA,NA,""
3371,3375,94244,387,35,2025-04-06 04:59:32.832,2025-04-06 07:31:27.214,"1743915572.832","1743915572.832",2.53,2.53,-4.44e-16,88.6,87.3,88.6,86.1,NA,0.0151,"ppm",NA,NA,NA,NA,NA,0.00665,5.58e-05,0.0168,11.5,0.0966,-3.28,NA,NA,NA,NA,NA,NA,NA,NA,NA,NA,NA,"0.15","0.0335","0.223333333333333",0,0,0,NA,NA,""
3371,3375,94245,388,36,2025-04-06 07:31:27.214,2025-04-06 10:03:21.992,"1743924687.214","1743924687.214",2.53,2.53,3.11e-15,91.1,89.9,91.1,88.6,NA,0.0269,"ppm",NA,NA,NA,NA,NA,0.00437,3.66e-05,0.0111,11.5,0.0967,2.3,NA,NA,NA,NA,NA,NA,NA,NA,NA,NA,NA,"0.15","0.0335","0.223333333333333",0,0,0,NA,NA,""
3371,3375,94246,389,37,2025-04-06 10:03:21.992,2025-04-06 12:35:17.349,"1743933801.992","1743933801.992",2.53,2.53,-2.66e-15,93.7,92.4,93.7,91.1,NA,0.0335,"ppm",NA,NA,NA,NA,NA,0.0216,0.000181,0.0546,11.6,0.0972,6.53,NA,NA,NA,NA,NA,NA,NA,NA,NA,NA,NA,"0.15","0.0335","0.223333333333333",0,0,0,NA,NA,""
3371,3375,94247,390,38,2025-04-06 12:35:17.349,2025-04-06 15:07:13.207,"1743942917.349","1743942917.349",2.53,2.53,-4e-15,96.2,94.9,96.2,93.7,NA,0.0351,"ppm",NA,NA,NA,NA,NA,0.042,0.000352,0.106,11.7,0.0981,10.4,NA,NA,NA,NA,NA,NA,NA,NA,NA,NA,NA,"0.15","0.0335","0.223333333333333",0,0,0,NA,NA,""
3371,3375,94248,391,39,2025-04-06 15:07:13.207,2025-04-06 17:39:08.381,"1743952033.207","1743952033.207",2.53,2.53,4.44e-15,98.7,97.5,98.7,96.2,NA,0.0378,"ppm",NA,NA,NA,NA,NA,0.0456,0.000383,0.116,11.8,0.099,12,NA,NA,NA,NA,NA,NA,NA,NA,NA,NA,NA,"0.15","0.0335","0.223333333333333",0,0,0,NA,NA,""
3371,3375,94249,392,40,2025-04-06 17:39:08.381,2025-04-06 20:11:02.723,"1743961148.381","1743961148.381",2.53,2.53,4e-15,101,100,101,98.7,NA,0.027,"ppm",NA,NA,NA,NA,NA,0.0455,0.000382,0.115,11.9,0.1,8.95,NA,NA,NA,NA,NA,NA,NA,NA,NA,NA,NA,"0.15","0.0335","0.223333333333333",0,0,0,NA,NA,""
3371,3375,94250,393,41,2025-04-06 20:11:02.723,2025-04-06 22:42:58.461,"1743970262.723","1743970262.723",2.53,2.53,-2.22e-15,104,103,104,101,NA,0.0279,"ppm",NA,NA,NA,NA,NA,0.0242,0.000203,0.0612,12,0.1,5.75,NA,NA,NA,NA,NA,NA,NA,NA,NA,NA,NA,"0.15","0.0335","0.223333333333333",0,0,0,NA,NA,""
3371,3375,94251,394,42,2025-04-06 22:42:58.461,2025-04-07 01:14:53.523,"1743979378.461","1743979378.461",2.53,2.53,-3.11e-15,106,105,106,104,NA,0.0191,"ppm",NA,NA,NA,NA,NA,0.0101,8.44e-05,0.0255,12,0.101,-0.55,NA,NA,NA,NA,NA,NA,NA,NA,NA,NA,NA,"0.15","0.0335","0.223333333333333",0,0,0,NA,NA,""
3371,3375,94252,395,43,2025-04-07 01:14:53.523,2025-04-07 03:46:48.734,"1743988493.523","1743988493.523",2.53,2.53,8.88e-16,109,108,109,106,NA,0.0138,"ppm",NA,NA,NA,NA,NA,0.0129,0.000108,0.0327,12,0.101,-2.68,NA,NA,NA,NA,NA,NA,NA,NA,NA,NA,NA,"0.15","0.0335","0.223333333333333",0,0,0,NA,NA,""
3371,3375,94253,396,44,2025-04-07 03:46:48.734,2025-04-07 06:18:44.299,"1743997608.734","1743997608.734",2.53,2.53,-3.55e-15,111,110,111,109,NA,0.0156,"ppm",NA,NA,NA,NA,NA,0.00681,5.71e-05,0.0172,12.1,0.101,-1.63,NA,NA,NA,NA,NA,NA,NA,NA,NA,NA,NA,"0.15","0.0335","0.223333333333333",0,0,0,NA,NA,""
3372,3376,94254,397,1,2025-04-02 15:02:50.068,2025-04-02 17:34:45.078,"1743606170.068","1743606170.068",2.53,2.53,6.62e-11,2.53,1.27,2.53,0,NA,0.222,"ppm",NA,NA,NA,NA,NA,2.24,0.0188,5.68,5.68,0.0476,17.8,NA,NA,NA,NA,NA,NA,NA,NA,NA,NA,NA,"0.15","0.0335","0.223333333333333",0,0,0,NA,NA,""
3372,3376,94255,398,2,2025-04-02 17:34:45.078,2025-04-02 20:06:40.098,"1743615285.078","1743615285.078",2.53,2.53,-1.78e-15,5.06,3.8,5.06,2.53,NA,0.112,"ppm",NA,NA,NA,NA,NA,1.63,0.0137,4.12,9.8,0.0822,12.9,NA,NA,NA,NA,NA,NA,NA,NA,NA,NA,NA,"0.15","0.0335","0.223333333333333",0,0,0,NA,NA,""
3372,3376,94256,399,3,2025-04-02 20:06:40.098,2025-04-02 22:38:35.239,"1743624400.098","1743624400.098",2.53,2.53,-6.62e-11,7.6,6.33,7.6,5.06,NA,0.0548,"ppm",NA,NA,NA,NA,NA,0.974,0.00816,2.46,12.3,0.103,4.18,NA,NA,NA,NA,NA,NA,NA,NA,NA,NA,NA,"0.15","0.0335","0.223333333333333",0,0,0,NA,NA,""
3372,3376,94257,400,4,2025-04-02 22:38:35.239,2025-04-03 01:10:30.717,"1743633515.239","1743633515.239",2.53,2.53,6.62e-11,10.1,8.86,10.1,7.6,NA,0.0346,"ppm",NA,NA,NA,NA,NA,0.521,0.00437,1.32,13.6,0.114,0.43,NA,NA,NA,NA,NA,NA,NA,NA,NA,NA,NA,"0.15","0.0335","0.223333333333333",0,0,0,NA,NA,""
3372,3376,94258,401,5,2025-04-03 01:10:30.717,2025-04-03 03:42:26.028,"1743642630.717","1743642630.717",2.53,2.53,-6.62e-11,12.7,11.4,12.7,10.1,NA,0.0322,"ppm",NA,NA,NA,NA,NA,0.325,0.00272,0.823,14.4,0.121,-1.1,NA,NA,NA,NA,NA,NA,NA,NA,NA,NA,NA,"0.15","0.0335","0.223333333333333",0,0,0,NA,NA,""
3372,3376,94259,402,6,2025-04-03 03:42:26.028,2025-04-03 06:14:22.135,"1743651746.028","1743651746.028",2.53,2.53,6.62e-11,15.2,13.9,15.2,12.7,NA,0.0325,"ppm",NA,NA,NA,NA,NA,0.24,0.00201,0.608,15,0.126,-2.53,NA,NA,NA,NA,NA,NA,NA,NA,NA,NA,NA,"0.15","0.0335","0.223333333333333",0,0,0,NA,NA,""
3372,3376,94260,403,7,2025-04-03 06:14:22.135,2025-04-03 08:45:40.882,"1743660862.135","1743660862.135",2.52,2.52,1.33e-15,17.7,16.5,17.7,15.2,NA,0.044,"ppm",NA,NA,NA,NA,NA,0.193,0.00162,0.486,15.5,0.13,-1.38,NA,NA,NA,NA,NA,NA,NA,NA,NA,NA,NA,"0.15","0.0335","0.223333333333333",0,0,0,NA,NA,""
3372,3376,94261,404,8,2025-04-03 08:45:40.882,2025-04-03 11:17:35.993,"1743669940.882","1743669940.882",2.53,2.53,-2.22e-15,20.2,19,20.2,17.7,NA,0.081,"ppm",NA,NA,NA,NA,NA,0.254,0.00213,0.642,16.1,0.135,12.2,NA,NA,NA,NA,NA,NA,NA,NA,NA,NA,NA,"0.15","0.0335","0.223333333333333",0,0,0,NA,NA,""
3372,3376,94262,405,9,2025-04-03 11:17:35.993,2025-04-03 13:49:31.536,"1743679055.993","1743679055.993",2.53,2.53,4.44e-16,22.8,21.5,22.8,20.2,NA,0.092,"ppm",NA,NA,NA,NA,NA,0.388,0.00325,0.982,17.1,0.144,15.6,NA,NA,NA,NA,NA,NA,NA,NA,NA,NA,NA,"0.15","0.0335","0.223333333333333",0,0,0,NA,NA,""
3372,3376,94263,406,10,2025-04-03 13:49:31.536,2025-04-03 16:21:26.53,"1743688171.536","1743688171.536",2.53,2.53,-1.78e-15,25.3,24,25.3,22.8,NA,0.0837,"ppm",NA,NA,NA,NA,NA,0.431,0.00361,1.09,18.2,0.153,17.4,NA,NA,NA,NA,NA,NA,NA,NA,NA,NA,NA,"0.15","0.0335","0.223333333333333",0,0,0,NA,NA,""
3372,3376,94264,407,11,2025-04-03 16:21:26.53,2025-04-03 18:53:21.714,"1743697286.53","1743697286.53",2.53,2.53,-4e-15,27.8,26.6,27.8,25.3,NA,0.0657,"ppm",NA,NA,NA,NA,NA,0.434,0.00364,1.1,19.3,0.162,16.4,NA,NA,NA,NA,NA,NA,NA,NA,NA,NA,NA,"0.15","0.0335","0.223333333333333",0,0,0,NA,NA,""
3372,3376,94265,408,12,2025-04-03 18:53:21.714,2025-04-03 21:25:16.849,"1743706401.714","1743706401.714",2.53,2.53,4.44e-15,30.4,29.1,30.4,27.8,NA,0.0473,"ppm",NA,NA,NA,NA,NA,0.368,0.00309,0.932,20.2,0.17,11.6,NA,NA,NA,NA,NA,NA,NA,NA,NA,NA,NA,"0.15","0.0335","0.223333333333333",0,0,0,NA,NA,""
3372,3376,94266,409,13,2025-04-03 21:25:16.849,2025-04-03 23:57:11.782,"1743715516.849","1743715516.849",2.53,2.53,5.33e-15,32.9,31.6,32.9,30.4,NA,0.0374,"ppm",NA,NA,NA,NA,NA,0.273,0.00229,0.691,20.9,0.176,9.75,NA,NA,NA,NA,NA,NA,NA,NA,NA,NA,NA,"0.15","0.0335","0.223333333333333",0,0,0,NA,NA,""
3372,3376,94267,410,14,2025-04-03 23:57:11.782,2025-04-04 02:29:07.385,"1743724631.782","1743724631.782",2.53,2.53,-1.33e-15,35.4,34.2,35.4,32.9,NA,0.0265,"ppm",NA,NA,NA,NA,NA,0.2,0.00168,0.506,21.4,0.18,1.43,NA,NA,NA,NA,NA,NA,NA,NA,NA,NA,NA,"0.15","0.0335","0.223333333333333",0,0,0,NA,NA,""
3372,3376,94268,411,15,2025-04-04 02:29:07.385,2025-04-04 05:01:02.724,"1743733747.385","1743733747.385",2.53,2.53,-2.66e-15,38,36.7,38,35.4,NA,0.0265,"ppm",NA,NA,NA,NA,NA,0.112,0.000937,0.283,21.7,0.182,3,NA,NA,NA,NA,NA,NA,NA,NA,NA,NA,NA,"0.15","0.0335","0.223333333333333",0,0,0,NA,NA,""
3372,3376,94269,412,16,2025-04-04 05:01:02.724,2025-04-04 07:32:57.471,"1743742862.724","1743742862.724",2.53,2.53,1.33e-15,40.5,39.2,40.5,38,NA,0.0311,"ppm",NA,NA,NA,NA,NA,0.108,0.000901,0.272,22,0.184,3.7,NA,NA,NA,NA,NA,NA,NA,NA,NA,NA,NA,"0.15","0.0335","0.223333333333333",0,0,0,NA,NA,""
3372,3376,94270,413,17,2025-04-04 07:32:57.471,2025-04-04 10:04:52.766,"1743751977.471","1743751977.471",2.53,2.53,-1.78e-15,43,41.8,43,40.5,NA,0.0335,"ppm",NA,NA,NA,NA,NA,0.154,0.00129,0.39,22.4,0.188,5.3,NA,NA,NA,NA,NA,NA,NA,NA,NA,NA,NA,"0.15","0.0335","0.223333333333333",0,0,0,NA,NA,""
3372,3376,94271,414,18,2025-04-04 10:04:52.766,2025-04-04 12:36:48.868,"1743761092.766","1743761092.766",2.53,2.53,4e-15,45.6,44.3,45.6,43,NA,0.0418,"ppm",NA,NA,NA,NA,NA,0.156,0.00131,0.395,22.8,0.191,6.25,NA,NA,NA,NA,NA,NA,NA,NA,NA,NA,NA,"0.15","0.0335","0.223333333333333",0,0,0,NA,NA,""
3372,3376,94272,415,19,2025-04-04 12:36:48.868,2025-04-04 15:08:44.471,"1743770208.868","1743770208.868",2.53,2.53,-1.33e-15,48.1,46.8,48.1,45.6,NA,0.0471,"ppm",NA,NA,NA,NA,NA,0.176,0.00147,0.445,23.2,0.195,7.48,NA,NA,NA,NA,NA,NA,NA,NA,NA,NA,NA,"0.15","0.0335","0.223333333333333",0,0,0,NA,NA,""
3372,3376,94273,416,20,2025-04-04 15:08:44.471,2025-04-04 17:40:39.183,"1743779324.471","1743779324.471",2.53,2.53,-1.78e-15,50.6,49.4,50.6,48.1,NA,0.0448,"ppm",NA,NA,NA,NA,NA,0.191,0.0016,0.485,23.7,0.199,8.03,NA,NA,NA,NA,NA,NA,NA,NA,NA,NA,NA,"0.15","0.0335","0.223333333333333",0,0,0,NA,NA,""
3372,3376,94274,417,21,2025-04-04 17:40:39.183,2025-04-04 20:12:33.723,"1743788439.183","1743788439.183",2.53,2.53,-4.44e-16,53.2,51.9,53.2,50.6,NA,0.0302,"ppm",NA,NA,NA,NA,NA,0.186,0.00156,0.47,24.2,0.203,5.7,NA,NA,NA,NA,NA,NA,NA,NA,NA,NA,NA,"0.15","0.0335","0.223333333333333",0,0,0,NA,NA,""
3372,3376,94275,418,22,2025-04-04 20:12:33.723,2025-04-04 22:44:29.631,"1743797553.723","1743797553.723",2.53,2.53,2.66e-15,55.7,54.4,55.7,53.2,NA,0.0229,"ppm",NA,NA,NA,NA,NA,0.133,0.00111,0.336,24.5,0.206,1.63,NA,NA,NA,NA,NA,NA,NA,NA,NA,NA,NA,"0.15","0.0335","0.223333333333333",0,0,0,NA,NA,""
3372,3376,94276,419,23,2025-04-04 22:44:29.631,2025-04-05 01:16:24.667,"1743806669.631","1743806669.631",2.53,2.53,-3.11e-15,58.2,57,58.2,55.7,NA,0.0228,"ppm",NA,NA,NA,NA,NA,0.104,0.000869,0.263,24.8,0.208,3,NA,NA,NA,NA,NA,NA,NA,NA,NA,NA,NA,"0.15","0.0335","0.223333333333333",0,0,0,NA,NA,""
3372,3376,94277,420,24,2025-04-05 01:16:24.667,2025-04-05 03:48:20.163,"1743815784.667","1743815784.667",2.53,2.53,2.66e-15,60.8,59.5,60.8,58.2,NA,0.0204,"ppm",NA,NA,NA,NA,NA,0.106,0.000886,0.267,25.1,0.21,1.35,NA,NA,NA,NA,NA,NA,NA,NA,NA,NA,NA,"0.15","0.0335","0.223333333333333",0,0,0,NA,NA,""
3372,3376,94278,421,25,2025-04-05 03:48:20.163,2025-04-05 06:20:14.726,"1743824900.163","1743824900.163",2.53,2.53,-6.62e-11,63.3,62,63.3,60.8,NA,0.0188,"ppm",NA,NA,NA,NA,NA,0.0732,0.000614,0.185,25.2,0.212,2.13,NA,NA,NA,NA,NA,NA,NA,NA,NA,NA,NA,"0.15","0.0335","0.223333333333333",0,0,0,NA,NA,""
3372,3376,94279,422,26,2025-04-05 06:20:14.726,2025-04-05 08:52:09.628,"1743834014.726","1743834014.726",2.53,2.53,6.62e-11,65.8,64.6,65.8,63.3,NA,0.0236,"ppm",NA,NA,NA,NA,NA,0.07,0.000587,0.177,25.4,0.213,2.15,NA,NA,NA,NA,NA,NA,NA,NA,NA,NA,NA,"0.15","0.0335","0.223333333333333",0,0,0,NA,NA,""
3372,3376,94280,423,27,2025-04-05 08:52:09.628,2025-04-05 11:24:05.575,"1743843129.628","1743843129.628",2.53,2.53,2.66e-15,68.4,67.1,68.4,65.8,NA,0.0313,"ppm",NA,NA,NA,NA,NA,0.0882,0.00074,0.223,25.6,0.215,4.1,NA,NA,NA,NA,NA,NA,NA,NA,NA,NA,NA,"0.15","0.0335","0.223333333333333",0,0,0,NA,NA,""
3372,3376,94281,424,28,2025-04-05 11:24:05.575,2025-04-05 13:56:00.559,"1743852245.575","1743852245.575",2.53,2.53,-3.11e-15,70.9,69.6,70.9,68.4,NA,0.0384,"ppm",NA,NA,NA,NA,NA,0.102,0.000855,0.258,25.9,0.217,5.68,NA,NA,NA,NA,NA,NA,NA,NA,NA,NA,NA,"0.15","0.0335","0.223333333333333",0,0,0,NA,NA,""
3372,3376,94282,425,29,2025-04-05 13:56:00.559,2025-04-05 16:27:56.164,"1743861360.559","1743861360.559",2.53,2.53,1.78e-15,73.4,72.2,73.4,70.9,NA,0.0371,"ppm",NA,NA,NA,NA,NA,0.123,0.00103,0.311,26.2,0.22,6.3,NA,NA,NA,NA,NA,NA,NA,NA,NA,NA,NA,"0.15","0.0335","0.223333333333333",0,0,0,NA,NA,""
3372,3376,94283,426,30,2025-04-05 16:27:56.164,2025-04-05 18:59:49.951,"1743870476.164","1743870476.164",2.53,2.53,4.44e-15,76,74.7,76,73.4,NA,0.0283,"ppm",NA,NA,NA,NA,NA,0.127,0.00106,0.321,26.5,0.222,6.05,NA,NA,NA,NA,NA,NA,NA,NA,NA,NA,NA,"0.15","0.0335","0.223333333333333",0,0,0,NA,NA,""
3372,3376,94284,427,31,2025-04-05 18:59:49.951,2025-04-05 21:31:45.805,"1743879589.951","1743879589.951",2.53,2.53,-6.62e-11,78.5,77.2,78.5,76,NA,0.0219,"ppm",NA,NA,NA,NA,NA,0.104,0.000873,0.264,26.8,0.225,1.6,NA,NA,NA,NA,NA,NA,NA,NA,NA,NA,NA,"0.15","0.0335","0.223333333333333",0,0,0,NA,NA,""
3372,3376,94285,428,32,2025-04-05 21:31:45.805,2025-04-06 00:03:40.075,"1743888705.805","1743888705.805",2.53,2.53,6.62e-11,81,79.7,81,78.5,NA,0.0171,"ppm",NA,NA,NA,NA,NA,0.0567,0.000476,0.144,26.9,0.226,-0.68,NA,NA,NA,NA,NA,NA,NA,NA,NA,NA,NA,"0.15","0.0335","0.223333333333333",0,0,0,NA,NA,""
3372,3376,94286,429,33,2025-04-06 00:03:40.075,2025-04-06 02:35:36.611,"1743897820.075","1743897820.075",2.53,2.53,0,83.5,82.3,83.5,81,NA,0.019,"ppm",NA,NA,NA,NA,NA,0.0321,0.000269,0.0814,27,0.227,-2.13,NA,NA,NA,NA,NA,NA,NA,NA,NA,NA,NA,"0.15","0.0335","0.223333333333333",0,0,0,NA,NA,""
3372,3376,94287,430,34,2025-04-06 02:35:36.611,2025-04-06 05:07:31.483,"1743906936.611","1743906936.611",2.53,2.53,-8.88e-16,86.1,84.8,86.1,83.5,NA,0.0136,"ppm",NA,NA,NA,NA,NA,0.0322,0.00027,0.0814,27.1,0.227,-5.4,NA,NA,NA,NA,NA,NA,NA,NA,NA,NA,NA,"0.15","0.0335","0.223333333333333",0,0,0,NA,NA,""
3372,3376,94288,431,35,2025-04-06 05:07:31.483,2025-04-06 07:39:26.996,"1743916051.483","1743916051.483",2.53,2.53,-3.11e-15,88.6,87.3,88.6,86.1,NA,0.0151,"ppm",NA,NA,NA,NA,NA,0.0181,0.000152,0.0459,27.1,0.228,-3.28,NA,NA,NA,NA,NA,NA,NA,NA,NA,NA,NA,"0.15","0.0335","0.223333333333333",0,0,0,NA,NA,""
3372,3376,94289,432,36,2025-04-06 07:39:26.996,2025-04-06 10:11:21.792,"1743925166.996","1743925166.996",2.53,2.53,2.66e-15,91.1,89.9,91.1,88.6,NA,0.0269,"ppm",NA,NA,NA,NA,NA,0.0254,0.000213,0.0643,27.2,0.228,2.3,NA,NA,NA,NA,NA,NA,NA,NA,NA,NA,NA,"0.15","0.0335","0.223333333333333",0,0,0,NA,NA,""
3372,3376,94290,433,37,2025-04-06 10:11:21.792,2025-04-06 12:43:17.073,"1743934281.792","1743934281.792",2.53,2.53,4.44e-16,93.7,92.4,93.7,91.1,NA,0.0335,"ppm",NA,NA,NA,NA,NA,0.0592,0.000496,0.15,27.4,0.229,6.53,NA,NA,NA,NA,NA,NA,NA,NA,NA,NA,NA,"0.15","0.0335","0.223333333333333",0,0,0,NA,NA,""
3372,3376,94291,434,38,2025-04-06 12:43:17.073,2025-04-06 15:15:12.163,"1743943397.073","1743943397.073",2.53,2.53,0,96.2,94.9,96.2,93.7,NA,0.0351,"ppm",NA,NA,NA,NA,NA,0.0833,0.000699,0.211,27.6,0.231,10.4,NA,NA,NA,NA,NA,NA,NA,NA,NA,NA,NA,"0.15","0.0335","0.223333333333333",0,0,0,NA,NA,""
3372,3376,94292,435,39,2025-04-06 15:15:12.163,2025-04-06 17:47:07.351,"1743952512.163","1743952512.163",2.53,2.53,-6.62e-11,98.7,97.5,98.7,96.2,NA,0.0378,"ppm",NA,NA,NA,NA,NA,0.0972,0.000815,0.246,27.8,0.233,12,NA,NA,NA,NA,NA,NA,NA,NA,NA,NA,NA,"0.15","0.0335","0.223333333333333",0,0,0,NA,NA,""
3372,3376,94293,436,40,2025-04-06 17:47:07.351,2025-04-06 20:19:03.503,"1743961627.351","1743961627.351",2.53,2.53,6.62e-11,101,100,101,98.7,NA,0.027,"ppm",NA,NA,NA,NA,NA,0.107,9e-04,0.272,28.1,0.236,8.95,NA,NA,NA,NA,NA,NA,NA,NA,NA,NA,NA,"0.15","0.0335","0.223333333333333",0,0,0,NA,NA,""
3372,3376,94294,437,41,2025-04-06 20:19:03.503,2025-04-06 22:50:58.164,"1743970743.503","1743970743.503",2.53,2.53,3.55e-15,104,103,104,101,NA,0.0279,"ppm",NA,NA,NA,NA,NA,0.0688,0.000577,0.174,28.3,0.237,5.75,NA,NA,NA,NA,NA,NA,NA,NA,NA,NA,NA,"0.15","0.0335","0.223333333333333",0,0,0,NA,NA,""
3372,3376,94295,438,42,2025-04-06 22:50:58.164,2025-04-07 01:22:53.404,"1743979858.164","1743979858.164",2.53,2.53,0,106,105,106,104,NA,0.0191,"ppm",NA,NA,NA,NA,NA,0.0389,0.000326,0.0985,28.4,0.238,-0.55,NA,NA,NA,NA,NA,NA,NA,NA,NA,NA,NA,"0.15","0.0335","0.223333333333333",0,0,0,NA,NA,""
3372,3376,94296,439,43,2025-04-07 01:22:53.404,2025-04-07 03:54:48.484,"1743988973.404","1743988973.404",2.53,2.53,-4e-15,109,108,109,106,NA,0.0138,"ppm",NA,NA,NA,NA,NA,0.0313,0.000263,0.0793,28.4,0.238,-2.68,NA,NA,NA,NA,NA,NA,NA,NA,NA,NA,NA,"0.15","0.0335","0.223333333333333",0,0,0,NA,NA,""
3372,3376,94297,440,44,2025-04-07 03:54:48.484,2025-04-07 06:26:43.249,"1743998088.484","1743998088.484",2.53,2.53,3.11e-15,111,110,111,109,NA,0.0156,"ppm",NA,NA,NA,NA,NA,0.0143,0.00012,0.0363,28.5,0.239,-1.63,NA,NA,NA,NA,NA,NA,NA,NA,NA,NA,NA,"0.15","0.0335","0.223333333333333",0,0,0,NA,NA,""
3373,3377,94298,441,1,2025-04-02 15:18:49.959,2025-04-02 17:50:45.131,"1743607129.959","1743607129.959",2.53,2.53,1.33e-15,2.53,1.27,2.53,0,NA,0.222,"ppm",NA,NA,NA,NA,NA,1.32,0.0207,3.33,3.33,0.0525,17.8,NA,NA,NA,NA,NA,NA,NA,NA,NA,NA,NA,"0.15","0.0335","0.223333333333333",0,0,0,NA,NA,""
3373,3377,94299,442,2,2025-04-02 17:50:45.131,2025-04-02 20:22:39.979,"1743616245.131","1743616245.131",2.53,2.53,2.22e-15,5.06,3.8,5.06,2.53,NA,0.112,"ppm",NA,NA,NA,NA,NA,0.962,0.0151,2.44,5.77,0.0908,12.9,NA,NA,NA,NA,NA,NA,NA,NA,NA,NA,NA,"0.15","0.0335","0.223333333333333",0,0,0,NA,NA,""
3373,3377,94300,443,3,2025-04-02 20:22:39.979,2025-04-02 22:54:34.474,"1743625359.979","1743625359.979",2.53,2.53,2.22e-15,7.6,6.33,7.6,5.06,NA,0.0548,"ppm",NA,NA,NA,NA,NA,0.506,0.00796,1.28,7.05,0.111,4.18,NA,NA,NA,NA,NA,NA,NA,NA,NA,NA,NA,"0.15","0.0335","0.223333333333333",0,0,0,NA,NA,""
3373,3377,94301,444,4,2025-04-02 22:54:34.474,2025-04-03 01:26:30.157,"1743634474.474","1743634474.474",2.53,2.53,1.78e-15,10.1,8.86,10.1,7.6,NA,0.0346,"ppm",NA,NA,NA,NA,NA,0.258,0.00407,0.654,7.7,0.121,0.43,NA,NA,NA,NA,NA,NA,NA,NA,NA,NA,NA,"0.15","0.0335","0.223333333333333",0,0,0,NA,NA,""
3373,3377,94302,445,5,2025-04-03 01:26:30.157,2025-04-03 03:58:26.046,"1743643590.157","1743643590.157",2.53,2.53,5.33e-15,12.7,11.4,12.7,10.1,NA,0.0322,"ppm",NA,NA,NA,NA,NA,0.185,0.00292,0.469,8.17,0.129,-1.1,NA,NA,NA,NA,NA,NA,NA,NA,NA,NA,NA,"0.15","0.0335","0.223333333333333",0,0,0,NA,NA,""
3373,3377,94303,446,6,2025-04-03 03:58:26.046,2025-04-03 06:30:21.048,"1743652706.046","1743652706.046",2.53,2.53,-6.62e-11,15.2,13.9,15.2,12.7,NA,0.0325,"ppm",NA,NA,NA,NA,NA,0.139,0.00219,0.353,8.52,0.134,-2.53,NA,NA,NA,NA,NA,NA,NA,NA,NA,NA,NA,"0.15","0.0335","0.223333333333333",0,0,0,NA,NA,""
3373,3377,94304,447,7,2025-04-03 06:30:21.048,2025-04-03 09:01:40.772,"1743661821.048","1743661821.048",2.52,2.52,2.22e-15,17.7,16.5,17.7,15.2,NA,0.044,"ppm",NA,NA,NA,NA,NA,0.11,0.00173,0.277,8.8,0.139,4.7,NA,NA,NA,NA,NA,NA,NA,NA,NA,NA,NA,"0.15","0.0335","0.223333333333333",0,0,0,NA,NA,""
3373,3377,94305,448,8,2025-04-03 09:01:40.772,2025-04-03 11:33:36.367,"1743670900.772","1743670900.772",2.53,2.53,6.62e-11,20.2,19,20.2,17.7,NA,0.081,"ppm",NA,NA,NA,NA,NA,0.142,0.00223,0.358,9.16,0.144,12.2,NA,NA,NA,NA,NA,NA,NA,NA,NA,NA,NA,"0.15","0.0335","0.223333333333333",0,0,0,NA,NA,""
3373,3377,94306,449,9,2025-04-03 11:33:36.367,2025-04-03 14:05:30.974,"1743680016.367","1743680016.367",2.53,2.53,4.44e-16,22.8,21.5,22.8,20.2,NA,0.092,"ppm",NA,NA,NA,NA,NA,0.201,0.00317,0.509,9.67,0.152,16.6,NA,NA,NA,NA,NA,NA,NA,NA,NA,NA,NA,"0.15","0.0335","0.223333333333333",0,0,0,NA,NA,""
3373,3377,94307,450,10,2025-04-03 14:05:30.974,2025-04-03 16:37:26.535,"1743689130.974","1743689130.974",2.53,2.53,-6.62e-11,25.3,24,25.3,22.8,NA,0.0837,"ppm",NA,NA,NA,NA,NA,0.202,0.00318,0.512,10.2,0.16,17.4,NA,NA,NA,NA,NA,NA,NA,NA,NA,NA,NA,"0.15","0.0335","0.223333333333333",0,0,0,NA,NA,""
3373,3377,94308,451,11,2025-04-03 16:37:26.535,2025-04-03 19:09:21.177,"1743698246.535","1743698246.535",2.53,2.53,6.62e-11,27.8,26.6,27.8,25.3,NA,0.0657,"ppm",NA,NA,NA,NA,NA,0.199,0.00313,0.504,10.7,0.168,15.2,NA,NA,NA,NA,NA,NA,NA,NA,NA,NA,NA,"0.15","0.0335","0.223333333333333",0,0,0,NA,NA,""
3373,3377,94309,452,12,2025-04-03 19:09:21.177,2025-04-03 21:41:16.851,"1743707361.177","1743707361.177",2.53,2.53,-6.62e-11,30.4,29.1,30.4,27.8,NA,0.0473,"ppm",NA,NA,NA,NA,NA,0.165,0.00259,0.417,11.1,0.175,11.6,NA,NA,NA,NA,NA,NA,NA,NA,NA,NA,NA,"0.15","0.0335","0.223333333333333",0,0,0,NA,NA,""
3373,3377,94310,453,13,2025-04-03 21:41:16.851,2025-04-04 00:13:11.609,"1743716476.851","1743716476.851",2.53,2.53,6.62e-11,32.9,31.6,32.9,30.4,NA,0.0374,"ppm",NA,NA,NA,NA,NA,0.122,0.00192,0.308,11.4,0.18,8.35,NA,NA,NA,NA,NA,NA,NA,NA,NA,NA,NA,"0.15","0.0335","0.223333333333333",0,0,0,NA,NA,""
3373,3377,94311,454,14,2025-04-04 00:13:11.609,2025-04-04 02:45:06.447,"1743725591.609","1743725591.609",2.53,2.53,1.33e-15,35.4,34.2,35.4,32.9,NA,0.0265,"ppm",NA,NA,NA,NA,NA,0.0842,0.00133,0.213,11.6,0.183,1.43,NA,NA,NA,NA,NA,NA,NA,NA,NA,NA,NA,"0.15","0.0335","0.223333333333333",0,0,0,NA,NA,""
3373,3377,94312,455,15,2025-04-04 02:45:06.447,2025-04-04 05:17:01.622,"1743734706.447","1743734706.447",2.53,2.53,-4.44e-16,38,36.7,38,35.4,NA,0.0265,"ppm",NA,NA,NA,NA,NA,0.0388,0.000611,0.0982,11.7,0.185,4.25,NA,NA,NA,NA,NA,NA,NA,NA,NA,NA,NA,"0.15","0.0335","0.223333333333333",0,0,0,NA,NA,""
3373,3377,94313,456,16,2025-04-04 05:17:01.622,2025-04-04 07:48:57.673,"1743743821.622","1743743821.622",2.53,2.53,-6.62e-11,40.5,39.2,40.5,38,NA,0.0311,"ppm",NA,NA,NA,NA,NA,0.0478,0.000752,0.121,11.8,0.186,3.7,NA,NA,NA,NA,NA,NA,NA,NA,NA,NA,NA,"0.15","0.0335","0.223333333333333",0,0,0,NA,NA,""
3373,3377,94314,457,17,2025-04-04 07:48:57.673,2025-04-04 10:20:53.348,"1743752937.673","1743752937.673",2.53,2.53,6.62e-11,43,41.8,43,40.5,NA,0.0335,"ppm",NA,NA,NA,NA,NA,0.0847,0.00133,0.214,12.1,0.19,5.3,NA,NA,NA,NA,NA,NA,NA,NA,NA,NA,NA,"0.15","0.0335","0.223333333333333",0,0,0,NA,NA,""
3373,3377,94315,458,18,2025-04-04 10:20:53.348,2025-04-04 12:52:48.2,"1743762053.348","1743762053.348",2.53,2.53,-3.55e-15,45.6,44.3,45.6,43,NA,0.0418,"ppm",NA,NA,NA,NA,NA,0.0895,0.00141,0.227,12.3,0.193,6.25,NA,NA,NA,NA,NA,NA,NA,NA,NA,NA,NA,"0.15","0.0335","0.223333333333333",0,0,0,NA,NA,""
3373,3377,94316,459,19,2025-04-04 12:52:48.2,2025-04-04 15:24:42.918,"1743771168.2","1743771168.2",2.53,2.53,2.66e-15,48.1,46.8,48.1,45.6,NA,0.0471,"ppm",NA,NA,NA,NA,NA,0.0964,0.00152,0.244,12.5,0.197,7.48,NA,NA,NA,NA,NA,NA,NA,NA,NA,NA,NA,"0.15","0.0335","0.223333333333333",0,0,0,NA,NA,""
3373,3377,94317,460,20,2025-04-04 15:24:42.918,2025-04-04 17:56:38.358,"1743780282.918","1743780282.918",2.53,2.53,-8.88e-16,50.6,49.4,50.6,48.1,NA,0.0448,"ppm",NA,NA,NA,NA,NA,0.101,0.0016,0.257,12.8,0.201,8.03,NA,NA,NA,NA,NA,NA,NA,NA,NA,NA,NA,"0.15","0.0335","0.223333333333333",0,0,0,NA,NA,""
3373,3377,94318,461,21,2025-04-04 17:56:38.358,2025-04-04 20:28:33.744,"1743789398.358","1743789398.358",2.53,2.53,5.33e-15,53.2,51.9,53.2,50.6,NA,0.0302,"ppm",NA,NA,NA,NA,NA,0.0931,0.00147,0.236,13,0.205,5.7,NA,NA,NA,NA,NA,NA,NA,NA,NA,NA,NA,"0.15","0.0335","0.223333333333333",0,0,0,NA,NA,""
3373,3377,94319,462,22,2025-04-04 20:28:33.744,2025-04-04 23:00:29.006,"1743798513.744","1743798513.744",2.53,2.53,-4e-15,55.7,54.4,55.7,53.2,NA,0.0229,"ppm",NA,NA,NA,NA,NA,0.0594,0.000935,0.15,13.2,0.207,1.63,NA,NA,NA,NA,NA,NA,NA,NA,NA,NA,NA,"0.15","0.0335","0.223333333333333",0,0,0,NA,NA,""
3373,3377,94320,463,23,2025-04-04 23:00:29.006,2025-04-05 01:32:22.848,"1743807629.006","1743807629.006",2.53,2.53,3.11e-15,58.2,57,58.2,55.7,NA,0.0228,"ppm",NA,NA,NA,NA,NA,0.048,0.000757,0.122,13.3,0.209,3,NA,NA,NA,NA,NA,NA,NA,NA,NA,NA,NA,"0.15","0.0335","0.223333333333333",0,0,0,NA,NA,""
3373,3377,94321,464,24,2025-04-05 01:32:22.848,2025-04-05 04:04:18.29,"1743816742.848","1743816742.848",2.53,2.53,-4.44e-16,60.8,59.5,60.8,58.2,NA,0.0204,"ppm",NA,NA,NA,NA,NA,0.0548,0.000863,0.139,13.4,0.211,0.6,NA,NA,NA,NA,NA,NA,NA,NA,NA,NA,NA,"0.15","0.0335","0.223333333333333",0,0,0,NA,NA,""
3373,3377,94322,465,25,2025-04-05 04:04:18.29,2025-04-05 06:36:14.757,"1743825858.29","1743825858.29",2.53,2.53,-4e-15,63.3,62,63.3,60.8,NA,0.0188,"ppm",NA,NA,NA,NA,NA,0.0354,0.000557,0.0896,13.5,0.213,2.13,NA,NA,NA,NA,NA,NA,NA,NA,NA,NA,NA,"0.15","0.0335","0.223333333333333",0,0,0,NA,NA,""
3373,3377,94323,466,26,2025-04-05 06:36:14.757,2025-04-05 09:08:10.038,"1743834974.757","1743834974.757",2.53,2.53,3.11e-15,65.8,64.6,65.8,63.3,NA,0.0236,"ppm",NA,NA,NA,NA,NA,0.0322,0.000507,0.0815,13.6,0.214,2.95,NA,NA,NA,NA,NA,NA,NA,NA,NA,NA,NA,"0.15","0.0335","0.223333333333333",0,0,0,NA,NA,""
3373,3377,94324,467,27,2025-04-05 09:08:10.038,2025-04-05 11:40:05.387,"1743844090.038","1743844090.038",2.53,2.53,-8.88e-16,68.4,67.1,68.4,65.8,NA,0.0313,"ppm",NA,NA,NA,NA,NA,0.0474,0.000746,0.12,13.7,0.216,4.1,NA,NA,NA,NA,NA,NA,NA,NA,NA,NA,NA,"0.15","0.0335","0.223333333333333",0,0,0,NA,NA,""
3373,3377,94325,468,28,2025-04-05 11:40:05.387,2025-04-05 14:12:00.029,"1743853205.387","1743853205.387",2.53,2.53,-4e-15,70.9,69.6,70.9,68.4,NA,0.0384,"ppm",NA,NA,NA,NA,NA,0.0591,0.000931,0.15,13.9,0.218,6.03,NA,NA,NA,NA,NA,NA,NA,NA,NA,NA,NA,"0.15","0.0335","0.223333333333333",0,0,0,NA,NA,""
3373,3377,94326,469,29,2025-04-05 14:12:00.029,2025-04-05 16:43:55.515,"1743862320.029","1743862320.029",2.53,2.53,-6.62e-11,73.4,72.2,73.4,70.9,NA,0.0371,"ppm",NA,NA,NA,NA,NA,0.0671,0.00106,0.17,14,0.221,6.3,NA,NA,NA,NA,NA,NA,NA,NA,NA,NA,NA,"0.15","0.0335","0.223333333333333",0,0,0,NA,NA,""
3373,3377,94327,470,30,2025-04-05 16:43:55.515,2025-04-05 19:15:50.068,"1743871435.515","1743871435.515",2.53,2.53,-4.44e-16,76,74.7,76,73.4,NA,0.0283,"ppm",NA,NA,NA,NA,NA,0.0701,0.0011,0.177,14.2,0.224,5.65,NA,NA,NA,NA,NA,NA,NA,NA,NA,NA,NA,"0.15","0.0335","0.223333333333333",0,0,0,NA,NA,""
3373,3377,94328,471,31,2025-04-05 19:15:50.068,2025-04-05 21:47:45.875,"1743880550.068","1743880550.068",2.53,2.53,6.62e-11,78.5,77.2,78.5,76,NA,0.0219,"ppm",NA,NA,NA,NA,NA,0.0533,0.00084,0.135,14.4,0.226,1.6,NA,NA,NA,NA,NA,NA,NA,NA,NA,NA,NA,"0.15","0.0335","0.223333333333333",0,0,0,NA,NA,""
3373,3377,94329,472,32,2025-04-05 21:47:45.875,2025-04-06 00:19:41.033,"1743889665.875","1743889665.875",2.53,2.53,-4e-15,81,79.7,81,78.5,NA,0.0171,"ppm",NA,NA,NA,NA,NA,0.0204,0.000322,0.0518,14.4,0.227,-0.68,NA,NA,NA,NA,NA,NA,NA,NA,NA,NA,NA,"0.15","0.0335","0.223333333333333",0,0,0,NA,NA,""
3373,3377,94330,473,33,2025-04-06 00:19:41.033,2025-04-06 02:51:36.355,"1743898781.033","1743898781.033",2.53,2.53,3.55e-15,83.5,82.3,83.5,81,NA,0.019,"ppm",NA,NA,NA,NA,NA,0.00923,0.000145,0.0234,14.4,0.227,-2.13,NA,NA,NA,NA,NA,NA,NA,NA,NA,NA,NA,"0.15","0.0335","0.223333333333333",0,0,0,NA,NA,""
3373,3377,94331,474,34,2025-04-06 02:51:36.355,2025-04-06 05:23:31.177,"1743907896.355","1743907896.355",2.53,2.53,2.22e-15,86.1,84.8,86.1,83.5,NA,0.0136,"ppm",NA,NA,NA,NA,NA,0.0122,0.000193,0.031,14.5,0.228,-5.4,NA,NA,NA,NA,NA,NA,NA,NA,NA,NA,NA,"0.15","0.0335","0.223333333333333",0,0,0,NA,NA,""
3373,3377,94332,475,35,2025-04-06 05:23:31.177,2025-04-06 07:55:25.96,"1743917011.177","1743917011.177",2.53,2.53,2.66e-15,88.6,87.3,88.6,86.1,NA,0.0151,"ppm",NA,NA,NA,NA,NA,0.00468,7.38e-05,0.0119,14.5,0.228,-3.28,NA,NA,NA,NA,NA,NA,NA,NA,NA,NA,NA,"0.15","0.0335","0.223333333333333",0,0,0,NA,NA,""
3373,3377,94333,476,36,2025-04-06 07:55:25.96,2025-04-06 10:27:21.322,"1743926125.96","1743926125.96",2.53,2.53,-8.88e-16,91.1,89.9,91.1,88.6,NA,0.0269,"ppm",NA,NA,NA,NA,NA,0.00861,0.000136,0.0218,14.5,0.228,2.3,NA,NA,NA,NA,NA,NA,NA,NA,NA,NA,NA,"0.15","0.0335","0.223333333333333",0,0,0,NA,NA,""
3373,3377,94334,477,37,2025-04-06 10:27:21.322,2025-04-06 12:59:16.124,"1743935241.322","1743935241.322",2.53,2.53,0,93.7,92.4,93.7,91.1,NA,0.0335,"ppm",NA,NA,NA,NA,NA,0.0344,0.000542,0.0871,14.6,0.23,6.53,NA,NA,NA,NA,NA,NA,NA,NA,NA,NA,NA,"0.15","0.0335","0.223333333333333",0,0,0,NA,NA,""
3373,3377,94335,478,38,2025-04-06 12:59:16.124,2025-04-06 15:31:12.247,"1743944356.124","1743944356.124",2.53,2.53,2.22e-15,96.2,94.9,96.2,93.7,NA,0.0351,"ppm",NA,NA,NA,NA,NA,0.0521,0.000821,0.132,14.7,0.232,10.4,NA,NA,NA,NA,NA,NA,NA,NA,NA,NA,NA,"0.15","0.0335","0.223333333333333",0,0,0,NA,NA,""
3373,3377,94336,479,39,2025-04-06 15:31:12.247,2025-04-06 18:03:07.072,"1743953472.247","1743953472.247",2.53,2.53,1.33e-15,98.7,97.5,98.7,96.2,NA,0.0378,"ppm",NA,NA,NA,NA,NA,0.0567,0.000893,0.144,14.9,0.234,11.8,NA,NA,NA,NA,NA,NA,NA,NA,NA,NA,NA,"0.15","0.0335","0.223333333333333",0,0,0,NA,NA,""
3373,3377,94337,480,40,2025-04-06 18:03:07.072,2025-04-06 20:35:02.407,"1743962587.072","1743962587.072",2.53,2.53,3.55e-15,101,100,101,98.7,NA,0.027,"ppm",NA,NA,NA,NA,NA,0.0577,0.000909,0.146,15,0.236,8.95,NA,NA,NA,NA,NA,NA,NA,NA,NA,NA,NA,"0.15","0.0335","0.223333333333333",0,0,0,NA,NA,""
3373,3377,94338,481,41,2025-04-06 20:35:02.407,2025-04-06 23:06:58.006,"1743971702.407","1743971702.407",2.53,2.53,4.89e-15,104,103,104,101,NA,0.0279,"ppm",NA,NA,NA,NA,NA,0.0276,0.000435,0.07,15.1,0.237,4.9,NA,NA,NA,NA,NA,NA,NA,NA,NA,NA,NA,"0.15","0.0335","0.223333333333333",0,0,0,NA,NA,""
3373,3377,94339,482,42,2025-04-06 23:06:58.006,2025-04-07 01:38:53.285,"1743980818.006","1743980818.006",2.53,2.53,-6.62e-11,106,105,106,104,NA,0.0191,"ppm",NA,NA,NA,NA,NA,0.00875,0.000138,0.0222,15.1,0.238,-0.55,NA,NA,NA,NA,NA,NA,NA,NA,NA,NA,NA,"0.15","0.0335","0.223333333333333",0,0,0,NA,NA,""
3373,3377,94340,483,43,2025-04-07 01:38:53.285,2025-04-07 04:10:47.424,"1743989933.285","1743989933.285",2.53,2.53,6.62e-11,109,108,109,106,NA,0.0138,"ppm",NA,NA,NA,NA,NA,0.00871,0.000137,0.022,15.1,0.238,-2.98,NA,NA,NA,NA,NA,NA,NA,NA,NA,NA,NA,"0.15","0.0335","0.223333333333333",0,0,0,NA,NA,""
3373,3377,94341,484,44,2025-04-07 04:10:47.424,2025-04-07 06:42:43.579,"1743999047.424","1743999047.424",2.53,2.53,-4.44e-16,111,110,111,109,NA,0.0156,"ppm",NA,NA,NA,NA,NA,0.00178,2.8e-05,0.0045,15.1,0.238,-1.63,NA,NA,NA,NA,NA,NA,NA,NA,NA,NA,NA,"0.15","0.0335","0.223333333333333",0,0,0,NA,NA,""
3374,3378,94342,485,1,2025-04-29 14:58:17.299,2025-04-29 17:30:14.453,"1745938697.299","1745938697.299",2.53,2.53,-3.55e-15,2.53,1.27,2.53,0,NA,0.137,"ppm",NA,NA,NA,NA,NA,1.92,0.0156,4.87,4.87,0.0396,17.9,NA,NA,NA,NA,NA,NA,NA,NA,NA,NA,NA,"0.15","0.0337","0.224666666666667",0,0,0,NA,NA,""
3374,3378,94343,486,2,2025-04-29 17:30:14.453,2025-04-29 20:02:11.91,"1745947814.453","1745947814.453",2.53,2.53,-6.62e-11,5.07,3.8,5.07,2.53,NA,0.0854,"ppm",NA,NA,NA,NA,NA,1.05,0.00853,2.66,7.52,0.0612,15.5,NA,NA,NA,NA,NA,NA,NA,NA,NA,NA,NA,"0.15","0.0337","0.224666666666667",0,0,0,NA,NA,""
3374,3378,94344,487,3,2025-04-29 20:02:11.91,2025-04-29 22:34:09.14,"1745956931.91","1745956931.91",2.53,2.53,2.66e-15,7.6,6.33,7.6,5.07,NA,0.0419,"ppm",NA,NA,NA,NA,NA,0.655,0.00533,1.66,9.18,0.0747,11.3,NA,NA,NA,NA,NA,NA,NA,NA,NA,NA,NA,"0.15","0.0337","0.224666666666667",0,0,0,NA,NA,""
3374,3378,94345,488,4,2025-04-29 22:34:09.14,2025-04-30 01:06:06.559,"1745966049.14","1745966049.14",2.53,2.53,6.62e-11,10.1,8.86,10.1,7.6,NA,0.038,"ppm",NA,NA,NA,NA,NA,0.375,0.00305,0.949,10.1,0.0824,9.42,NA,NA,NA,NA,NA,NA,NA,NA,NA,NA,NA,"0.15","0.0337","0.224666666666667",0,0,0,NA,NA,""
3374,3378,94346,489,5,2025-04-30 01:06:06.559,2025-04-30 03:38:02.381,"1745975166.559","1745975166.559",2.53,2.53,4.44e-15,12.7,11.4,12.7,10.1,NA,0.0281,"ppm",NA,NA,NA,NA,NA,0.244,0.00199,0.619,10.8,0.0874,8.02,NA,NA,NA,NA,NA,NA,NA,NA,NA,NA,NA,"0.15","0.0337","0.224666666666667",0,0,0,NA,NA,""
3374,3378,94347,490,6,2025-04-30 03:38:02.381,2025-04-30 06:10:00.704,"1745984282.381","1745984282.381",2.53,2.53,-4.44e-15,15.2,13.9,15.2,12.7,NA,0.024,"ppm",NA,NA,NA,NA,NA,0.19,0.00155,0.482,11.2,0.0913,7.7,NA,NA,NA,NA,NA,NA,NA,NA,NA,NA,NA,"0.15","0.0337","0.224666666666667",0,0,0,NA,NA,""
3374,3378,94348,491,7,2025-04-30 06:10:00.704,2025-04-30 08:41:57.901,"1745993400.704","1745993400.704",2.53,2.53,0,17.7,16.5,17.7,15.2,NA,0.0288,"ppm",NA,NA,NA,NA,NA,0.213,0.00173,0.54,11.8,0.0957,9.75,NA,NA,NA,NA,NA,NA,NA,NA,NA,NA,NA,"0.15","0.0337","0.224666666666667",0,0,0,NA,NA,""
3374,3378,94349,492,8,2025-04-30 08:41:57.901,2025-04-30 11:13:52.226,"1746002517.901","1746002517.901",2.53,2.53,-6.62e-11,20.3,19,20.3,17.7,NA,0.0299,"ppm",NA,NA,NA,NA,NA,0.237,0.00193,0.6,12.4,0.101,12.8,NA,NA,NA,NA,NA,NA,NA,NA,NA,NA,NA,"0.15","0.0337","0.224666666666667",0,0,0,NA,NA,""
3374,3378,94350,493,9,2025-04-30 11:13:52.226,2025-04-30 13:45:48.444,"1746011632.226","1746011632.226",2.53,2.53,6.62e-11,22.8,21.5,22.8,20.3,NA,0.0365,"ppm",NA,NA,NA,NA,NA,0.252,0.00205,0.638,13,0.106,14.4,NA,NA,NA,NA,NA,NA,NA,NA,NA,NA,NA,"0.15","0.0337","0.224666666666667",0,0,0,NA,NA,""
3374,3378,94351,494,10,2025-04-30 13:45:48.444,2025-04-30 16:17:42.575,"1746020748.444","1746020748.444",2.53,2.53,-1.33e-15,25.3,24.1,25.3,22.8,NA,0.0542,"ppm",NA,NA,NA,NA,NA,0.275,0.00224,0.697,13.7,0.111,15.7,NA,NA,NA,NA,NA,NA,NA,NA,NA,NA,NA,"0.15","0.0337","0.224666666666667",0,0,0,NA,NA,""
3374,3378,94352,495,11,2025-04-30 16:17:42.575,2025-04-30 18:49:37.767,"1746029862.575","1746029862.575",2.53,2.53,4e-15,27.9,26.6,27.9,25.3,NA,0.0488,"ppm",NA,NA,NA,NA,NA,0.263,0.00214,0.667,14.4,0.117,16.1,NA,NA,NA,NA,NA,NA,NA,NA,NA,NA,NA,"0.15","0.0337","0.224666666666667",0,0,0,NA,NA,""
3374,3378,94353,496,12,2025-04-30 18:49:37.767,2025-04-30 21:21:33.634,"1746038977.767","1746038977.767",2.53,2.53,-6.62e-11,30.4,29.1,30.4,27.9,NA,0.0324,"ppm",NA,NA,NA,NA,NA,0.205,0.00166,0.518,14.9,0.121,13.7,NA,NA,NA,NA,NA,NA,NA,NA,NA,NA,NA,"0.15","0.0337","0.224666666666667",0,0,0,NA,NA,""
3374,3378,94354,497,13,2025-04-30 21:21:33.634,2025-04-30 23:53:28.694,"1746048093.634","1746048093.634",2.53,2.53,6.62e-11,32.9,31.7,32.9,30.4,NA,0.0186,"ppm",NA,NA,NA,NA,NA,0.116,0.000942,0.293,15.2,0.123,7.68,NA,NA,NA,NA,NA,NA,NA,NA,NA,NA,NA,"0.15","0.0337","0.224666666666667",0,0,0,NA,NA,""
3374,3378,94355,498,14,2025-04-30 23:53:28.694,2025-05-01 02:25:23.895,"1746057208.694","1746057208.694",2.53,2.53,-4.44e-16,35.5,34.2,35.5,32.9,NA,0.0121,"ppm",NA,NA,NA,NA,NA,0.0688,0.000559,0.174,15.4,0.125,4.28,NA,NA,NA,NA,NA,NA,NA,NA,NA,NA,NA,"0.15","0.0337","0.224666666666667",0,0,0,NA,NA,""
3374,3378,94356,499,15,2025-05-01 02:25:23.895,2025-05-01 04:57:19.098,"1746066323.895","1746066323.895",2.53,2.53,3.55e-15,38,36.7,38,35.5,NA,0.0119,"ppm",NA,NA,NA,NA,NA,0.0606,0.000492,0.153,15.5,0.126,3.89,NA,NA,NA,NA,NA,NA,NA,NA,NA,NA,NA,"0.15","0.0337","0.224666666666667",0,0,0,NA,NA,""
3374,3378,94357,500,16,2025-05-01 04:57:19.098,2025-05-01 07:29:13.463,"1746075439.098","1746075439.098",2.53,2.53,5.33e-15,40.5,39.2,40.5,38,NA,0.0114,"ppm",NA,NA,NA,NA,NA,0.0542,0.000441,0.137,15.6,0.127,4.25,NA,NA,NA,NA,NA,NA,NA,NA,NA,NA,NA,"0.15","0.0337","0.224666666666667",0,0,0,NA,NA,""
3374,3378,94358,501,17,2025-05-01 07:29:13.463,2025-05-01 10:01:09.533,"1746084553.463","1746084553.463",2.53,2.53,-3.11e-15,43,41.8,43,40.5,NA,0.0201,"ppm",NA,NA,NA,NA,NA,0.0716,0.000582,0.181,15.8,0.129,9.92,NA,NA,NA,NA,NA,NA,NA,NA,NA,NA,NA,"0.15","0.0337","0.224666666666667",0,0,0,NA,NA,""
3374,3378,94359,502,18,2025-05-01 10:01:09.533,2025-05-01 12:33:04.308,"1746093669.533","1746093669.533",2.53,2.53,4.44e-15,45.6,44.3,45.6,43,NA,0.0374,"ppm",NA,NA,NA,NA,NA,0.137,0.00111,0.347,16.2,0.132,16.1,NA,NA,NA,NA,NA,NA,NA,NA,NA,NA,NA,"0.15","0.0337","0.224666666666667",0,0,0,NA,NA,""
3374,3378,94360,503,19,2025-05-01 12:33:04.308,2025-05-01 15:04:59.411,"1746102784.308","1746102784.308",2.53,2.53,-2.66e-15,48.1,46.8,48.1,45.6,NA,0.0446,"ppm",NA,NA,NA,NA,NA,0.192,0.00156,0.485,16.7,0.135,19,NA,NA,NA,NA,NA,NA,NA,NA,NA,NA,NA,"0.15","0.0337","0.224666666666667",0,0,0,NA,NA,""
3374,3378,94361,504,20,2025-05-01 15:04:59.411,2025-05-01 17:36:54.497,"1746111899.411","1746111899.411",2.53,2.53,3.55e-15,50.6,49.4,50.6,48.1,NA,0.0439,"ppm",NA,NA,NA,NA,NA,0.191,0.00155,0.483,17.1,0.139,19,NA,NA,NA,NA,NA,NA,NA,NA,NA,NA,NA,"0.15","0.0337","0.224666666666667",0,0,0,NA,NA,""
3374,3378,94362,505,21,2025-05-01 17:36:54.497,2025-05-01 20:08:49.522,"1746121014.497","1746121014.497",2.53,2.53,-6.62e-11,53.2,51.9,53.2,50.6,NA,0.0371,"ppm",NA,NA,NA,NA,NA,0.175,0.00142,0.443,17.6,0.143,16.5,NA,NA,NA,NA,NA,NA,NA,NA,NA,NA,NA,"0.15","0.0337","0.224666666666667",0,0,0,NA,NA,""
3374,3378,94363,506,22,2025-05-01 20:08:49.522,2025-05-01 22:40:44.489,"1746130129.522","1746130129.522",2.53,2.53,2.66e-15,55.7,54.4,55.7,53.2,NA,0.0259,"ppm",NA,NA,NA,NA,NA,0.138,0.00112,0.348,17.9,0.146,13.2,NA,NA,NA,NA,NA,NA,NA,NA,NA,NA,NA,"0.15","0.0337","0.224666666666667",0,0,0,NA,NA,""
3374,3378,94364,507,23,2025-05-01 22:40:44.489,2025-05-02 01:12:38.805,"1746139244.489","1746139244.489",2.53,2.53,4e-15,58.2,57,58.2,55.7,NA,0.0184,"ppm",NA,NA,NA,NA,NA,0.0735,0.000598,0.186,18.1,0.147,11.6,NA,NA,NA,NA,NA,NA,NA,NA,NA,NA,NA,"0.15","0.0337","0.224666666666667",0,0,0,NA,NA,""
3374,3378,94365,508,24,2025-05-02 01:12:38.805,2025-05-02 03:44:34.213,"1746148358.805","1746148358.805",2.53,2.53,6.62e-11,60.8,59.5,60.8,58.2,NA,0.0186,"ppm",NA,NA,NA,NA,NA,0.0499,0.000406,0.126,18.2,0.148,10.9,NA,NA,NA,NA,NA,NA,NA,NA,NA,NA,NA,"0.15","0.0337","0.224666666666667",0,0,0,NA,NA,""
3374,3378,94366,509,25,2025-05-02 03:44:34.213,2025-05-02 06:16:29.713,"1746157474.213","1746157474.213",2.53,2.53,-3.55e-15,63.3,62,63.3,60.8,NA,0.0192,"ppm",NA,NA,NA,NA,NA,0.0606,0.000492,0.153,18.4,0.15,11.6,NA,NA,NA,NA,NA,NA,NA,NA,NA,NA,NA,"0.15","0.0337","0.224666666666667",0,0,0,NA,NA,""
3374,3378,94367,510,26,2025-05-02 06:16:29.713,2025-05-02 08:48:24.944,"1746166589.713","1746166589.713",2.53,2.53,4e-15,65.8,64.6,65.8,63.3,NA,0.0206,"ppm",NA,NA,NA,NA,NA,0.0606,0.000493,0.153,18.6,0.151,11.4,NA,NA,NA,NA,NA,NA,NA,NA,NA,NA,NA,"0.15","0.0337","0.224666666666667",0,0,0,NA,NA,""
3374,3378,94368,511,27,2025-05-02 08:48:24.944,2025-05-02 11:20:20.072,"1746175704.944","1746175704.944",2.53,2.53,1.78e-15,68.4,67.1,68.4,65.8,NA,0.0205,"ppm",NA,NA,NA,NA,NA,0.0556,0.000452,0.141,18.7,0.152,10.9,NA,NA,NA,NA,NA,NA,NA,NA,NA,NA,NA,"0.15","0.0337","0.224666666666667",0,0,0,NA,NA,""
3374,3378,94369,512,28,2025-05-02 11:20:20.072,2025-05-02 13:52:15.006,"1746184820.072","1746184820.072",2.53,2.53,4.44e-16,70.9,69.6,70.9,68.4,NA,0.025,"ppm",NA,NA,NA,NA,NA,0.0899,0.000731,0.228,18.9,0.154,12.3,NA,NA,NA,NA,NA,NA,NA,NA,NA,NA,NA,"0.15","0.0337","0.224666666666667",0,0,0,NA,NA,""
3374,3378,94370,513,29,2025-05-02 13:52:15.006,2025-05-02 16:24:10.259,"1746193935.006","1746193935.006",2.53,2.53,-6.62e-11,73.4,72.2,73.4,70.9,NA,0.03,"ppm",NA,NA,NA,NA,NA,0.137,0.00111,0.346,19.3,0.157,13.6,NA,NA,NA,NA,NA,NA,NA,NA,NA,NA,NA,"0.15","0.0337","0.224666666666667",0,0,0,NA,NA,""
3374,3378,94371,514,30,2025-05-02 16:24:10.259,2025-05-02 18:56:06.085,"1746203050.259","1746203050.259",2.53,2.53,6.62e-11,76,74.7,76,73.4,NA,0.0275,"ppm",NA,NA,NA,NA,NA,0.132,0.00107,0.333,19.6,0.159,14.6,NA,NA,NA,NA,NA,NA,NA,NA,NA,NA,NA,"0.15","0.0337","0.224666666666667",0,0,0,NA,NA,""
3374,3378,94372,515,31,2025-05-02 18:56:06.085,2025-05-02 21:28:01.269,"1746212166.085","1746212166.085",2.53,2.53,-4e-15,78.5,77.2,78.5,76,NA,0.02,"ppm",NA,NA,NA,NA,NA,0.1,0.000815,0.254,19.9,0.161,12.7,NA,NA,NA,NA,NA,NA,NA,NA,NA,NA,NA,"0.15","0.0337","0.224666666666667",0,0,0,NA,NA,""
3374,3378,94373,516,32,2025-05-02 21:28:01.269,2025-05-02 23:59:56.584,"1746221281.269","1746221281.269",2.53,2.53,8.88e-16,81,79.8,81,78.5,NA,0.0134,"ppm",NA,NA,NA,NA,NA,0.0592,0.000482,0.15,20,0.163,9.82,NA,NA,NA,NA,NA,NA,NA,NA,NA,NA,NA,"0.15","0.0337","0.224666666666667",0,0,0,NA,NA,""
3374,3378,94374,517,33,2025-05-02 23:59:56.584,2025-05-03 02:31:52.295,"1746230396.584","1746230396.584",2.53,2.53,2.22e-15,83.6,82.3,83.6,81,NA,0.0117,"ppm",NA,NA,NA,NA,NA,0.0278,0.000226,0.0703,20.1,0.163,7.2,NA,NA,NA,NA,NA,NA,NA,NA,NA,NA,NA,"0.15","0.0337","0.224666666666667",0,0,0,NA,NA,""
3374,3378,94375,518,34,2025-05-03 02:31:52.295,2025-05-03 05:03:46.309,"1746239512.295","1746239512.295",2.53,2.53,-1.33e-15,86.1,84.8,86.1,83.6,NA,0.0107,"ppm",NA,NA,NA,NA,NA,0.0162,0.000131,0.0409,20.1,0.164,5.03,NA,NA,NA,NA,NA,NA,NA,NA,NA,NA,NA,"0.15","0.0337","0.224666666666667",0,0,0,NA,NA,""
3374,3378,94376,519,35,2025-05-03 05:03:46.309,2025-05-03 07:35:41.529,"1746248626.309","1746248626.309",2.53,2.53,-3.11e-15,88.6,87.4,88.6,86.1,NA,0.011,"ppm",NA,NA,NA,NA,NA,0.0145,0.000118,0.0368,20.2,0.164,5.47,NA,NA,NA,NA,NA,NA,NA,NA,NA,NA,NA,"0.15","0.0337","0.224666666666667",0,0,0,NA,NA,""
3374,3378,94377,520,36,2025-05-03 07:35:41.529,2025-05-03 10:07:38.088,"1746257741.529","1746257741.529",2.53,2.53,1.78e-15,91.2,89.9,91.2,88.6,NA,0.0155,"ppm",NA,NA,NA,NA,NA,0.0322,0.000262,0.0816,20.2,0.165,9.11,NA,NA,NA,NA,NA,NA,NA,NA,NA,NA,NA,"0.15","0.0337","0.224666666666667",0,0,0,NA,NA,""
3374,3378,94378,521,37,2025-05-03 10:07:38.088,2025-05-03 12:39:32.065,"1746266858.088","1746266858.088",2.53,2.53,2.22e-15,93.7,92.4,93.7,91.2,NA,0.0261,"ppm",NA,NA,NA,NA,NA,0.074,0.000602,0.187,20.4,0.166,12.1,NA,NA,NA,NA,NA,NA,NA,NA,NA,NA,NA,"0.15","0.0337","0.224666666666667",0,0,0,NA,NA,""
3374,3378,94379,522,38,2025-05-03 12:39:32.065,2025-05-03 15:11:28.555,"1746275972.065","1746275972.065",2.53,2.53,-6.62e-11,96.2,95,96.2,93.7,NA,0.0312,"ppm",NA,NA,NA,NA,NA,0.0854,0.000694,0.216,20.6,0.168,13.9,NA,NA,NA,NA,NA,NA,NA,NA,NA,NA,NA,"0.15","0.0337","0.224666666666667",0,0,0,NA,NA,""
3374,3378,94380,523,39,2025-05-03 15:11:28.555,2025-05-03 17:43:22.816,"1746285088.555","1746285088.555",2.53,2.53,6.62e-11,98.8,97.5,98.8,96.2,NA,0.0287,"ppm",NA,NA,NA,NA,NA,0.0803,0.000653,0.203,20.8,0.169,14.3,NA,NA,NA,NA,NA,NA,NA,NA,NA,NA,NA,"0.15","0.0337","0.224666666666667",0,0,0,NA,NA,""
3374,3378,94381,524,40,2025-05-03 17:43:22.816,2025-05-03 20:15:17.055,"1746294202.816","1746294202.816",2.53,2.53,-6.62e-11,101,100,101,98.8,NA,0.0226,"ppm",NA,NA,NA,NA,NA,0.08,0.000651,0.203,21,0.171,12.9,NA,NA,NA,NA,NA,NA,NA,NA,NA,NA,NA,"0.15","0.0337","0.224666666666667",0,0,0,NA,NA,""
3374,3378,94382,525,41,2025-05-03 20:15:17.055,2025-05-03 22:47:13.296,"1746303317.055","1746303317.055",2.53,2.53,6.62e-11,104,103,104,101,NA,0.0146,"ppm",NA,NA,NA,NA,NA,0.0536,0.000436,0.136,21.2,0.172,10.6,NA,NA,NA,NA,NA,NA,NA,NA,NA,NA,NA,"0.15","0.0337","0.224666666666667",0,0,0,NA,NA,""
3374,3378,94383,526,42,2025-05-03 22:47:13.296,2025-05-04 01:19:08.361,"1746312433.296","1746312433.296",2.53,2.53,5.33e-15,106,105,106,104,NA,0.0113,"ppm",NA,NA,NA,NA,NA,0.0231,0.000188,0.0584,21.2,0.173,7.28,NA,NA,NA,NA,NA,NA,NA,NA,NA,NA,NA,"0.15","0.0337","0.224666666666667",0,0,0,NA,NA,""
3374,3378,94384,527,43,2025-05-04 01:19:08.361,2025-05-04 03:51:02.828,"1746321548.361","1746321548.361",2.53,2.53,1.78e-15,109,108,109,106,NA,0.00964,"ppm",NA,NA,NA,NA,NA,0.00887,7.21e-05,0.0225,21.3,0.173,4.83,NA,NA,NA,NA,NA,NA,NA,NA,NA,NA,NA,"0.15","0.0337","0.224666666666667",0,0,0,NA,NA,""
3374,3378,94385,528,44,2025-05-04 03:51:02.828,2025-05-04 06:22:59.234,"1746330662.828","1746330662.828",2.53,2.53,4.44e-16,111,110,111,109,NA,0.00952,"ppm",NA,NA,NA,NA,NA,0.0236,0.000192,0.0598,21.3,0.173,6.93,NA,NA,NA,NA,NA,NA,NA,NA,NA,NA,NA,"0.15","0.0337","0.224666666666667",0,0,0,NA,NA,""
3374,3378,94386,529,45,2025-05-04 06:22:59.234,2025-05-04 08:54:55.125,"1746339779.234","1746339779.234",2.53,2.53,-1.33e-15,114,113,114,111,NA,0.00854,"ppm",NA,NA,NA,NA,NA,0.0374,0.000304,0.0946,21.4,0.174,5.53,NA,NA,NA,NA,NA,NA,NA,NA,NA,NA,NA,"0.15","0.0337","0.224666666666667",0,0,0,NA,NA,""
3374,3378,94387,530,46,2025-05-04 08:54:55.125,2025-05-04 11:26:49.338,"1746348895.125","1746348895.125",2.53,2.53,2.22e-15,116,115,116,114,NA,0.0111,"ppm",NA,NA,NA,NA,NA,0.0386,0.000314,0.0978,21.5,0.175,5.2,NA,NA,NA,NA,NA,NA,NA,NA,NA,NA,NA,"0.15","0.0337","0.224666666666667",0,0,0,NA,NA,""
3374,3378,94388,531,47,2025-05-04 11:26:49.338,2025-05-04 13:58:44.371,"1746358009.338","1746358009.338",2.53,2.53,-1.78e-15,119,118,119,116,NA,0.0171,"ppm",NA,NA,NA,NA,NA,0.0565,0.000459,0.143,21.7,0.176,6.71,NA,NA,NA,NA,NA,NA,NA,NA,NA,NA,NA,"0.15","0.0337","0.224666666666667",0,0,0,NA,NA,""
3374,3378,94389,532,48,2025-05-04 13:58:44.371,2025-05-04 16:30:40.081,"1746367124.371","1746367124.371",2.53,2.53,-6.62e-11,122,120,122,119,NA,0.0224,"ppm",NA,NA,NA,NA,NA,0.071,0.000577,0.18,21.8,0.178,8.88,NA,NA,NA,NA,NA,NA,NA,NA,NA,NA,NA,"0.15","0.0337","0.224666666666667",0,0,0,NA,NA,""
3374,3378,94390,533,49,2025-05-04 16:30:40.081,2025-05-04 19:02:35.776,"1746376240.081","1746376240.081",2.53,2.53,6.62e-11,124,123,124,122,NA,0.0195,"ppm",NA,NA,NA,NA,NA,0.0638,0.000519,0.162,22,0.179,9.15,NA,NA,NA,NA,NA,NA,NA,NA,NA,NA,NA,"0.15","0.0337","0.224666666666667",0,0,0,NA,NA,""
3374,3378,94391,534,50,2025-05-04 19:02:35.776,2025-05-04 21:34:30.515,"1746385355.776","1746385355.776",2.53,2.53,-6.62e-11,127,125,127,124,NA,0.0132,"ppm",NA,NA,NA,NA,NA,0.0461,0.000375,0.117,22.1,0.18,8.45,NA,NA,NA,NA,NA,NA,NA,NA,NA,NA,NA,"0.15","0.0337","0.224666666666667",0,0,0,NA,NA,""
3374,3378,94392,535,51,2025-05-04 21:34:30.515,2025-05-05 00:06:26.023,"1746394470.515","1746394470.515",2.53,2.53,6.62e-11,129,128,129,127,NA,0.00714,"ppm",NA,NA,NA,NA,NA,0.0241,0.000196,0.0609,22.2,0.18,0.51,NA,NA,NA,NA,NA,NA,NA,NA,NA,NA,NA,"0.15","0.0337","0.224666666666667",0,0,0,NA,NA,""
3374,3378,94393,536,52,2025-05-05 00:06:26.023,2025-05-05 02:38:20.953,"1746403586.023","1746403586.023",2.53,2.53,-3.55e-15,132,130,132,129,NA,0.00513,"ppm",NA,NA,NA,NA,NA,0.00844,6.86e-05,0.0214,22.2,0.18,0.12,NA,NA,NA,NA,NA,NA,NA,NA,NA,NA,NA,"0.15","0.0337","0.224666666666667",0,0,0,NA,NA,""
3374,3378,94394,537,53,2025-05-05 02:38:20.953,2025-05-05 05:10:15.869,"1746412700.953","1746412700.953",2.53,2.53,-1.33e-15,134,133,134,132,NA,0.00494,"ppm",NA,NA,NA,NA,NA,0.00387,3.14e-05,0.00979,22.2,0.181,-1.99,NA,NA,NA,NA,NA,NA,NA,NA,NA,NA,NA,"0.15","0.0337","0.224666666666667",0,0,0,NA,NA,""
3374,3378,94395,538,54,2025-05-05 05:10:15.869,2025-05-05 07:42:10.545,"1746421815.869","1746421815.869",2.53,2.53,-3.11e-15,137,135,137,134,NA,0.00526,"ppm",NA,NA,NA,NA,NA,0.00321,2.61e-05,0.00813,22.2,0.181,-1.72,NA,NA,NA,NA,NA,NA,NA,NA,NA,NA,NA,"0.15","0.0337","0.224666666666667",0,0,0,NA,NA,""
3375,3379,94396,539,1,2025-04-29 15:06:17.092,2025-04-29 17:38:14.562,"1745939177.092","1745939177.092",2.53,2.53,-3.11e-15,2.53,1.27,2.53,0,NA,0.137,"ppm",NA,NA,NA,NA,NA,0.873,0.0144,2.21,2.21,0.0364,17.9,NA,NA,NA,NA,NA,NA,NA,NA,NA,NA,NA,"0.15","0.0337","0.224666666666667",0,0,0,NA,NA,""
3375,3379,94397,540,2,2025-04-29 17:38:14.562,2025-04-29 20:10:11.141,"1745948294.562","1745948294.562",2.53,2.53,4e-15,5.07,3.8,5.07,2.53,NA,0.0854,"ppm",NA,NA,NA,NA,NA,0.487,0.00801,1.23,3.44,0.0567,15.5,NA,NA,NA,NA,NA,NA,NA,NA,NA,NA,NA,"0.15","0.0337","0.224666666666667",0,0,0,NA,NA,""
3375,3379,94398,541,3,2025-04-29 20:10:11.141,2025-04-29 22:42:08.872,"1745957411.141","1745957411.141",2.53,2.53,-4.44e-16,7.6,6.33,7.6,5.07,NA,0.0419,"ppm",NA,NA,NA,NA,NA,0.325,0.00534,0.822,4.27,0.0702,11.3,NA,NA,NA,NA,NA,NA,NA,NA,NA,NA,NA,"0.15","0.0337","0.224666666666667",0,0,0,NA,NA,""
3375,3379,94399,542,4,2025-04-29 22:42:08.872,2025-04-30 01:14:06.173,"1745966528.872","1745966528.872",2.53,2.53,-6.62e-11,10.1,8.86,10.1,7.6,NA,0.038,"ppm",NA,NA,NA,NA,NA,0.201,0.00331,0.509,4.77,0.0786,9.42,NA,NA,NA,NA,NA,NA,NA,NA,NA,NA,NA,"0.15","0.0337","0.224666666666667",0,0,0,NA,NA,""
3375,3379,94400,543,5,2025-04-30 01:14:06.173,2025-04-30 03:46:02.546,"1745975646.173","1745975646.173",2.53,2.53,6.62e-11,12.7,11.4,12.7,10.1,NA,0.0281,"ppm",NA,NA,NA,NA,NA,0.142,0.00234,0.36,5.13,0.0845,8.02,NA,NA,NA,NA,NA,NA,NA,NA,NA,NA,NA,"0.15","0.0337","0.224666666666667",0,0,0,NA,NA,""
3375,3379,94401,544,6,2025-04-30 03:46:02.546,2025-04-30 06:18:00.647,"1745984762.546","1745984762.546",2.53,2.53,-6.62e-11,15.2,13.9,15.2,12.7,NA,0.024,"ppm",NA,NA,NA,NA,NA,0.107,0.00177,0.272,5.41,0.089,7.7,NA,NA,NA,NA,NA,NA,NA,NA,NA,NA,NA,"0.15","0.0337","0.224666666666667",0,0,0,NA,NA,""
3375,3379,94402,545,7,2025-04-30 06:18:00.647,2025-04-30 08:49:56.621,"1745993880.647","1745993880.647",2.53,2.53,6.62e-11,17.7,16.5,17.7,15.2,NA,0.0288,"ppm",NA,NA,NA,NA,NA,0.138,0.00227,0.35,5.76,0.0947,9.75,NA,NA,NA,NA,NA,NA,NA,NA,NA,NA,NA,"0.15","0.0337","0.224666666666667",0,0,0,NA,NA,""
3375,3379,94403,546,8,2025-04-30 08:49:56.621,2025-04-30 11:21:53.003,"1746002996.621","1746002996.621",2.53,2.53,3.55e-15,20.3,19,20.3,17.7,NA,0.0299,"ppm",NA,NA,NA,NA,NA,0.16,0.00263,0.404,6.16,0.101,12.8,NA,NA,NA,NA,NA,NA,NA,NA,NA,NA,NA,"0.15","0.0337","0.224666666666667",0,0,0,NA,NA,""
3375,3379,94404,547,9,2025-04-30 11:21:53.003,2025-04-30 13:53:47.655,"1746012113.003","1746012113.003",2.53,2.53,-2.66e-15,22.8,21.5,22.8,20.3,NA,0.0365,"ppm",NA,NA,NA,NA,NA,0.14,0.0023,0.354,6.51,0.107,14.4,NA,NA,NA,NA,NA,NA,NA,NA,NA,NA,NA,"0.15","0.0337","0.224666666666667",0,0,0,NA,NA,""
3375,3379,94405,548,10,2025-04-30 13:53:47.655,2025-04-30 16:25:42.46,"1746021227.655","1746021227.655",2.53,2.53,-1.33e-15,25.3,24.1,25.3,22.8,NA,0.0542,"ppm",NA,NA,NA,NA,NA,0.122,0.00201,0.309,6.82,0.112,15.7,NA,NA,NA,NA,NA,NA,NA,NA,NA,NA,NA,"0.15","0.0337","0.224666666666667",0,0,0,NA,NA,""
3375,3379,94406,549,11,2025-04-30 16:25:42.46,2025-04-30 18:57:37.877,"1746030342.46","1746030342.46",2.53,2.53,-6.62e-11,27.9,26.6,27.9,25.3,NA,0.0488,"ppm",NA,NA,NA,NA,NA,0.107,0.00176,0.271,7.09,0.117,16.1,NA,NA,NA,NA,NA,NA,NA,NA,NA,NA,NA,"0.15","0.0337","0.224666666666667",0,0,0,NA,NA,""
3375,3379,94407,550,12,2025-04-30 18:57:37.877,2025-04-30 21:29:33.391,"1746039457.877","1746039457.877",2.53,2.53,6.62e-11,30.4,29.1,30.4,27.9,NA,0.0324,"ppm",NA,NA,NA,NA,NA,0.0949,0.00156,0.24,7.34,0.121,13.7,NA,NA,NA,NA,NA,NA,NA,NA,NA,NA,NA,"0.15","0.0337","0.224666666666667",0,0,0,NA,NA,""
3375,3379,94408,551,13,2025-04-30 21:29:33.391,2025-05-01 00:01:28.552,"1746048573.391","1746048573.391",2.53,2.53,4.44e-15,32.9,31.7,32.9,30.4,NA,0.0186,"ppm",NA,NA,NA,NA,NA,0.0577,0.000949,0.146,7.48,0.123,7.68,NA,NA,NA,NA,NA,NA,NA,NA,NA,NA,NA,"0.15","0.0337","0.224666666666667",0,0,0,NA,NA,""
3375,3379,94409,552,14,2025-05-01 00:01:28.552,2025-05-01 02:33:23.49,"1746057688.552","1746057688.552",2.53,2.53,4e-15,35.5,34.2,35.5,32.9,NA,0.0121,"ppm",NA,NA,NA,NA,NA,0.0265,0.000436,0.0671,7.55,0.124,4.28,NA,NA,NA,NA,NA,NA,NA,NA,NA,NA,NA,"0.15","0.0337","0.224666666666667",0,0,0,NA,NA,""
3375,3379,94410,553,15,2025-05-01 02:33:23.49,2025-05-01 05:05:17.628,"1746066803.49","1746066803.49",2.53,2.53,1.33e-15,38,36.7,38,35.5,NA,0.0119,"ppm",NA,NA,NA,NA,NA,0.0247,0.000406,0.0625,7.61,0.125,3.5,NA,NA,NA,NA,NA,NA,NA,NA,NA,NA,NA,"0.15","0.0337","0.224666666666667",0,0,0,NA,NA,""
3375,3379,94411,554,16,2025-05-01 05:05:17.628,2025-05-01 07:37:13.857,"1746075917.628","1746075917.628",2.53,2.53,-6.62e-11,40.5,39.2,40.5,38,NA,0.0114,"ppm",NA,NA,NA,NA,NA,0.0263,0.000432,0.0665,7.68,0.126,4.25,NA,NA,NA,NA,NA,NA,NA,NA,NA,NA,NA,"0.15","0.0337","0.224666666666667",0,0,0,NA,NA,""
3375,3379,94412,555,17,2025-05-01 07:37:13.857,2025-05-01 10:09:09.105,"1746085033.857","1746085033.857",2.53,2.53,6.62e-11,43,41.8,43,40.5,NA,0.0201,"ppm",NA,NA,NA,NA,NA,0.044,0.000724,0.111,7.79,0.128,12.6,NA,NA,NA,NA,NA,NA,NA,NA,NA,NA,NA,"0.15","0.0337","0.224666666666667",0,0,0,NA,NA,""
3375,3379,94413,556,18,2025-05-01 10:09:09.105,2025-05-01 12:41:03.944,"1746094149.105","1746094149.105",2.53,2.53,-3.55e-15,45.6,44.3,45.6,43,NA,0.0374,"ppm",NA,NA,NA,NA,NA,0.0853,0.0014,0.216,8,0.132,16.1,NA,NA,NA,NA,NA,NA,NA,NA,NA,NA,NA,"0.15","0.0337","0.224666666666667",0,0,0,NA,NA,""
3375,3379,94414,557,19,2025-05-01 12:41:03.944,2025-05-01 15:12:59.23,"1746103263.944","1746103263.944",2.53,2.53,2.66e-15,48.1,46.8,48.1,45.6,NA,0.0446,"ppm",NA,NA,NA,NA,NA,0.0988,0.00163,0.25,8.25,0.136,19,NA,NA,NA,NA,NA,NA,NA,NA,NA,NA,NA,"0.15","0.0337","0.224666666666667",0,0,0,NA,NA,""
3375,3379,94415,558,20,2025-05-01 15:12:59.23,2025-05-01 17:44:53.555,"1746112379.23","1746112379.23",2.53,2.53,-6.62e-11,50.6,49.4,50.6,48.1,NA,0.0439,"ppm",NA,NA,NA,NA,NA,0.0842,0.00139,0.213,8.47,0.139,19,NA,NA,NA,NA,NA,NA,NA,NA,NA,NA,NA,"0.15","0.0337","0.224666666666667",0,0,0,NA,NA,""
3375,3379,94416,559,21,2025-05-01 17:44:53.555,2025-05-01 20:16:49.01,"1746121493.555","1746121493.555",2.53,2.53,6.62e-11,53.2,51.9,53.2,50.6,NA,0.0371,"ppm",NA,NA,NA,NA,NA,0.0729,0.0012,0.185,8.65,0.142,16.5,NA,NA,NA,NA,NA,NA,NA,NA,NA,NA,NA,"0.15","0.0337","0.224666666666667",0,0,0,NA,NA,""
3375,3379,94417,560,22,2025-05-01 20:16:49.01,2025-05-01 22:48:43.586,"1746130609.01","1746130609.01",2.53,2.53,8.88e-16,55.7,54.4,55.7,53.2,NA,0.0259,"ppm",NA,NA,NA,NA,NA,0.0539,0.000887,0.136,8.79,0.145,13.2,NA,NA,NA,NA,NA,NA,NA,NA,NA,NA,NA,"0.15","0.0337","0.224666666666667",0,0,0,NA,NA,""
3375,3379,94418,561,23,2025-05-01 22:48:43.586,2025-05-02 01:20:39.634,"1746139723.586","1746139723.586",2.53,2.53,-6.62e-11,58.2,57,58.2,55.7,NA,0.0184,"ppm",NA,NA,NA,NA,NA,0.0272,0.000447,0.0688,8.86,0.146,11.6,NA,NA,NA,NA,NA,NA,NA,NA,NA,NA,NA,"0.15","0.0337","0.224666666666667",0,0,0,NA,NA,""
3375,3379,94419,562,24,2025-05-02 01:20:39.634,2025-05-02 03:52:34.529,"1746148839.634","1746148839.634",2.53,2.53,6.62e-11,60.8,59.5,60.8,58.2,NA,0.0186,"ppm",NA,NA,NA,NA,NA,0.0176,0.00029,0.0446,8.9,0.147,10.9,NA,NA,NA,NA,NA,NA,NA,NA,NA,NA,NA,"0.15","0.0337","0.224666666666667",0,0,0,NA,NA,""
3375,3379,94420,563,25,2025-05-02 03:52:34.529,2025-05-02 06:24:28.898,"1746157954.529","1746157954.529",2.53,2.53,-8.88e-16,63.3,62,63.3,60.8,NA,0.0192,"ppm",NA,NA,NA,NA,NA,0.0236,0.000388,0.0597,8.96,0.148,11.6,NA,NA,NA,NA,NA,NA,NA,NA,NA,NA,NA,"0.15","0.0337","0.224666666666667",0,0,0,NA,NA,""
3375,3379,94421,564,26,2025-05-02 06:24:28.898,2025-05-02 08:56:25.214,"1746167068.898","1746167068.898",2.53,2.53,-1.33e-15,65.8,64.6,65.8,63.3,NA,0.0206,"ppm",NA,NA,NA,NA,NA,0.0257,0.000423,0.0651,9.03,0.149,11.4,NA,NA,NA,NA,NA,NA,NA,NA,NA,NA,NA,"0.15","0.0337","0.224666666666667",0,0,0,NA,NA,""
3375,3379,94422,565,27,2025-05-02 08:56:25.214,2025-05-02 11:28:20.028,"1746176185.214","1746176185.214",2.53,2.53,-6.62e-11,68.4,67.1,68.4,65.8,NA,0.0205,"ppm",NA,NA,NA,NA,NA,0.023,0.000379,0.0583,9.09,0.15,10.9,NA,NA,NA,NA,NA,NA,NA,NA,NA,NA,NA,"0.15","0.0337","0.224666666666667",0,0,0,NA,NA,""
3375,3379,94423,566,28,2025-05-02 11:28:20.028,2025-05-02 14:00:14.874,"1746185300.028","1746185300.028",2.53,2.53,6.62e-11,70.9,69.6,70.9,68.4,NA,0.025,"ppm",NA,NA,NA,NA,NA,0.0414,0.000681,0.105,9.19,0.151,12.3,NA,NA,NA,NA,NA,NA,NA,NA,NA,NA,NA,"0.15","0.0337","0.224666666666667",0,0,0,NA,NA,""
3375,3379,94424,567,29,2025-05-02 14:00:14.874,2025-05-02 16:32:10.872,"1746194414.874","1746194414.874",2.53,2.53,4.44e-15,73.4,72.2,73.4,70.9,NA,0.03,"ppm",NA,NA,NA,NA,NA,0.0508,0.000837,0.129,9.32,0.153,13.6,NA,NA,NA,NA,NA,NA,NA,NA,NA,NA,NA,"0.15","0.0337","0.224666666666667",0,0,0,NA,NA,""
3375,3379,94425,568,30,2025-05-02 16:32:10.872,2025-05-02 19:04:05.505,"1746203530.872","1746203530.872",2.53,2.53,2.66e-15,76,74.7,76,73.4,NA,0.0275,"ppm",NA,NA,NA,NA,NA,0.0443,0.00073,0.112,9.43,0.155,14.6,NA,NA,NA,NA,NA,NA,NA,NA,NA,NA,NA,"0.15","0.0337","0.224666666666667",0,0,0,NA,NA,""
3375,3379,94426,569,31,2025-05-02 19:04:05.505,2025-05-02 21:36:00.875,"1746212645.505","1746212645.505",2.53,2.53,-3.11e-15,78.5,77.2,78.5,76,NA,0.02,"ppm",NA,NA,NA,NA,NA,0.0417,0.000686,0.106,9.54,0.157,12.7,NA,NA,NA,NA,NA,NA,NA,NA,NA,NA,NA,"0.15","0.0337","0.224666666666667",0,0,0,NA,NA,""
3375,3379,94427,570,32,2025-05-02 21:36:00.875,2025-05-03 00:07:56.105,"1746221760.875","1746221760.875",2.53,2.53,-1.78e-15,81,79.8,81,78.5,NA,0.0134,"ppm",NA,NA,NA,NA,NA,0.0227,0.000374,0.0575,9.59,0.158,8.47,NA,NA,NA,NA,NA,NA,NA,NA,NA,NA,NA,"0.15","0.0337","0.224666666666667",0,0,0,NA,NA,""
3375,3379,94428,571,33,2025-05-03 00:07:56.105,2025-05-03 02:39:51.331,"1746230876.105","1746230876.105",2.53,2.53,-6.62e-11,83.6,82.3,83.6,81,NA,0.0117,"ppm",NA,NA,NA,NA,NA,0.00892,0.000147,0.0226,9.62,0.158,7.2,NA,NA,NA,NA,NA,NA,NA,NA,NA,NA,NA,"0.15","0.0337","0.224666666666667",0,0,0,NA,NA,""
3375,3379,94429,572,34,2025-05-03 02:39:51.331,2025-05-03 05:11:46.371,"1746239991.331","1746239991.331",2.53,2.53,6.62e-11,86.1,84.8,86.1,83.6,NA,0.0107,"ppm",NA,NA,NA,NA,NA,0.00504,8.3e-05,0.0128,9.63,0.159,5.03,NA,NA,NA,NA,NA,NA,NA,NA,NA,NA,NA,"0.15","0.0337","0.224666666666667",0,0,0,NA,NA,""
3375,3379,94430,573,35,2025-05-03 05:11:46.371,2025-05-03 07:43:41.855,"1746249106.371","1746249106.371",2.53,2.53,-1.78e-15,88.6,87.4,88.6,86.1,NA,0.011,"ppm",NA,NA,NA,NA,NA,0.00437,7.19e-05,0.0111,9.64,0.159,5.47,NA,NA,NA,NA,NA,NA,NA,NA,NA,NA,NA,"0.15","0.0337","0.224666666666667",0,0,0,NA,NA,""
3375,3379,94431,574,36,2025-05-03 07:43:41.855,2025-05-03 10:15:37.608,"1746258221.855","1746258221.855",2.53,2.53,8.88e-16,91.2,89.9,91.2,88.6,NA,0.0155,"ppm",NA,NA,NA,NA,NA,0.0138,0.000227,0.0349,9.68,0.159,9.11,NA,NA,NA,NA,NA,NA,NA,NA,NA,NA,NA,"0.15","0.0337","0.224666666666667",0,0,0,NA,NA,""
3375,3379,94432,575,37,2025-05-03 10:15:37.608,2025-05-03 12:47:32.072,"1746267337.608","1746267337.608",2.53,2.53,3.11e-15,93.7,92.4,93.7,91.2,NA,0.0261,"ppm",NA,NA,NA,NA,NA,0.034,0.00056,0.0862,9.76,0.161,12.1,NA,NA,NA,NA,NA,NA,NA,NA,NA,NA,NA,"0.15","0.0337","0.224666666666667",0,0,0,NA,NA,""
3375,3379,94433,576,38,2025-05-03 12:47:32.072,2025-05-03 15:19:27.269,"1746276452.072","1746276452.072",2.53,2.53,-4e-15,96.2,95,96.2,93.7,NA,0.0312,"ppm",NA,NA,NA,NA,NA,0.0353,0.000581,0.0894,9.85,0.162,13.9,NA,NA,NA,NA,NA,NA,NA,NA,NA,NA,NA,"0.15","0.0337","0.224666666666667",0,0,0,NA,NA,""
3375,3379,94434,577,39,2025-05-03 15:19:27.269,2025-05-03 17:51:22.165,"1746285567.269","1746285567.269",2.53,2.53,-4.44e-15,98.8,97.5,98.8,96.2,NA,0.0287,"ppm",NA,NA,NA,NA,NA,0.0292,0.00048,0.0739,9.93,0.163,14.3,NA,NA,NA,NA,NA,NA,NA,NA,NA,NA,NA,"0.15","0.0337","0.224666666666667",0,0,0,NA,NA,""
3375,3379,94435,578,40,2025-05-03 17:51:22.165,2025-05-03 20:23:17.913,"1746294682.165","1746294682.165",2.53,2.53,1.78e-15,101,100,101,98.8,NA,0.0226,"ppm",NA,NA,NA,NA,NA,0.03,0.000494,0.0761,10,0.165,12.9,NA,NA,NA,NA,NA,NA,NA,NA,NA,NA,NA,"0.15","0.0337","0.224666666666667",0,0,0,NA,NA,""
3375,3379,94436,579,41,2025-05-03 20:23:17.913,2025-05-03 22:55:12.688,"1746303797.913","1746303797.913",2.53,2.53,1.78e-15,104,103,104,101,NA,0.0146,"ppm",NA,NA,NA,NA,NA,0.0188,0.00031,0.0477,10,0.165,10.6,NA,NA,NA,NA,NA,NA,NA,NA,NA,NA,NA,"0.15","0.0337","0.224666666666667",0,0,0,NA,NA,""
3375,3379,94437,580,42,2025-05-03 22:55:12.688,2025-05-04 01:27:07.654,"1746312912.688","1746312912.688",2.53,2.53,-2.22e-15,106,105,106,104,NA,0.0113,"ppm",NA,NA,NA,NA,NA,0.00709,0.000117,0.018,10.1,0.166,7.28,NA,NA,NA,NA,NA,NA,NA,NA,NA,NA,NA,"0.15","0.0337","0.224666666666667",0,0,0,NA,NA,""
3375,3379,94438,581,43,2025-05-04 01:27:07.654,2025-05-04 03:59:03.867,"1746322027.654","1746322027.654",2.53,2.53,-3.11e-15,109,108,109,106,NA,0.00964,"ppm",NA,NA,NA,NA,NA,0.00342,5.63e-05,0.00866,10.1,0.166,4.83,NA,NA,NA,NA,NA,NA,NA,NA,NA,NA,NA,"0.15","0.0337","0.224666666666667",0,0,0,NA,NA,""
3375,3379,94439,582,44,2025-05-04 03:59:03.867,2025-05-04 06:30:59.302,"1746331143.867","1746331143.867",2.53,2.53,-3.11e-15,111,110,111,109,NA,0.00952,"ppm",NA,NA,NA,NA,NA,0.00686,0.000113,0.0174,10.1,0.166,6.93,NA,NA,NA,NA,NA,NA,NA,NA,NA,NA,NA,"0.15","0.0337","0.224666666666667",0,0,0,NA,NA,""
3375,3379,94440,583,45,2025-05-04 06:30:59.302,2025-05-04 09:02:54.21,"1746340259.302","1746340259.302",2.53,2.53,4.44e-16,114,113,114,111,NA,0.00854,"ppm",NA,NA,NA,NA,NA,0.0109,0.000179,0.0276,10.1,0.167,5.12,NA,NA,NA,NA,NA,NA,NA,NA,NA,NA,NA,"0.15","0.0337","0.224666666666667",0,0,0,NA,NA,""
3375,3379,94441,584,46,2025-05-04 09:02:54.21,2025-05-04 11:34:48.888,"1746349374.21","1746349374.21",2.53,2.53,-2.66e-15,116,115,116,114,NA,0.0111,"ppm",NA,NA,NA,NA,NA,0.0128,0.000211,0.0325,10.2,0.167,5.2,NA,NA,NA,NA,NA,NA,NA,NA,NA,NA,NA,"0.15","0.0337","0.224666666666667",0,0,0,NA,NA,""
3375,3379,94442,585,47,2025-05-04 11:34:48.888,2025-05-04 14:06:44.453,"1746358488.888","1746358488.888",2.53,2.53,-3.55e-15,119,118,119,116,NA,0.0171,"ppm",NA,NA,NA,NA,NA,0.0216,0.000356,0.0547,10.2,0.168,7.72,NA,NA,NA,NA,NA,NA,NA,NA,NA,NA,NA,"0.15","0.0337","0.224666666666667",0,0,0,NA,NA,""
3375,3379,94443,586,48,2025-05-04 14:06:44.453,2025-05-04 16:38:39.253,"1746367604.453","1746367604.453",2.53,2.53,-3.11e-15,122,120,122,119,NA,0.0224,"ppm",NA,NA,NA,NA,NA,0.0258,0.000425,0.0653,10.3,0.169,8.88,NA,NA,NA,NA,NA,NA,NA,NA,NA,NA,NA,"0.15","0.0337","0.224666666666667",0,0,0,NA,NA,""
3375,3379,94444,587,49,2025-05-04 16:38:39.253,2025-05-04 19:10:34.762,"1746376719.253","1746376719.253",2.53,2.53,2.66e-15,124,123,124,122,NA,0.0195,"ppm",NA,NA,NA,NA,NA,0.02,0.000329,0.0507,10.3,0.17,9.15,NA,NA,NA,NA,NA,NA,NA,NA,NA,NA,NA,"0.15","0.0337","0.224666666666667",0,0,0,NA,NA,""
3375,3379,94445,588,50,2025-05-04 19:10:34.762,2025-05-04 21:42:30.625,"1746385834.762","1746385834.762",2.53,2.53,5.33e-15,127,125,127,124,NA,0.0132,"ppm",NA,NA,NA,NA,NA,0.0142,0.000234,0.0361,10.4,0.171,8.45,NA,NA,NA,NA,NA,NA,NA,NA,NA,NA,NA,"0.15","0.0337","0.224666666666667",0,0,0,NA,NA,""
3375,3379,94446,589,51,2025-05-04 21:42:30.625,2025-05-05 00:14:25.016,"1746394950.625","1746394950.625",2.53,2.53,5.33e-15,129,128,129,127,NA,0.00714,"ppm",NA,NA,NA,NA,NA,0.00716,0.000118,0.0181,10.4,0.171,0.51,NA,NA,NA,NA,NA,NA,NA,NA,NA,NA,NA,"0.15","0.0337","0.224666666666667",0,0,0,NA,NA,""
3375,3379,94447,590,52,2025-05-05 00:14:25.016,2025-05-05 02:46:20.704,"1746404065.016","1746404065.016",2.53,2.53,8.88e-16,132,130,132,129,NA,0.00513,"ppm",NA,NA,NA,NA,NA,0.00218,3.59e-05,0.00553,10.4,0.171,0.12,NA,NA,NA,NA,NA,NA,NA,NA,NA,NA,NA,"0.15","0.0337","0.224666666666667",0,0,0,NA,NA,""
3375,3379,94448,591,53,2025-05-05 02:46:20.704,2025-05-05 05:18:16.539,"1746413180.704","1746413180.704",2.53,2.53,4.89e-15,134,133,134,132,NA,0.00494,"ppm",NA,NA,NA,NA,NA,0.00112,1.84e-05,0.00282,10.4,0.171,-1.99,NA,NA,NA,NA,NA,NA,NA,NA,NA,NA,NA,"0.15","0.0337","0.224666666666667",0,0,0,NA,NA,""
3375,3379,94449,592,54,2025-05-05 05:18:16.539,2025-05-05 07:50:10.407,"1746422296.539","1746422296.539",2.53,2.53,3.11e-15,137,135,137,134,NA,0.00526,"ppm",NA,NA,NA,NA,NA,0.000679,1.12e-05,0.00172,10.4,0.171,-1.72,NA,NA,NA,NA,NA,NA,NA,NA,NA,NA,NA,"0.15","0.0337","0.224666666666667",0,0,0,NA,NA,""
3376,3380,94450,593,1,2025-04-29 15:14:16.894,2025-04-29 17:46:13.608,"1745939656.894","1745939656.894",2.53,2.53,3.11e-15,2.53,1.27,2.53,0,NA,0.137,"ppm",NA,NA,NA,NA,NA,1.14,0.0188,2.9,2.9,0.0477,17.9,NA,NA,NA,NA,NA,NA,NA,NA,NA,NA,NA,"0.15","0.0337","0.224666666666667",0,0,0,NA,NA,""
3376,3380,94451,594,2,2025-04-29 17:46:13.608,2025-04-29 20:18:10.526,"1745948773.608","1745948773.608",2.53,2.53,-4e-15,5.06,3.8,5.06,2.53,NA,0.0854,"ppm",NA,NA,NA,NA,NA,0.54,0.0089,1.37,4.27,0.0703,15.5,NA,NA,NA,NA,NA,NA,NA,NA,NA,NA,NA,"0.15","0.0337","0.224666666666667",0,0,0,NA,NA,""
3376,3380,94452,595,3,2025-04-29 20:18:10.526,2025-04-29 22:50:07.901,"1745957890.526","1745957890.526",2.53,2.53,3.11e-15,7.6,6.33,7.6,5.06,NA,0.0419,"ppm",NA,NA,NA,NA,NA,0.256,0.00422,0.649,4.92,0.0809,11.3,NA,NA,NA,NA,NA,NA,NA,NA,NA,NA,NA,"0.15","0.0337","0.224666666666667",0,0,0,NA,NA,""
3376,3380,94453,596,4,2025-04-29 22:50:07.901,2025-04-30 01:22:05.515,"1745967007.901","1745967007.901",2.53,2.53,-6.62e-11,10.1,8.86,10.1,7.6,NA,0.038,"ppm",NA,NA,NA,NA,NA,0.123,0.00203,0.312,5.23,0.0861,9.42,NA,NA,NA,NA,NA,NA,NA,NA,NA,NA,NA,"0.15","0.0337","0.224666666666667",0,0,0,NA,NA,""
3376,3380,94454,597,5,2025-04-30 01:22:05.515,2025-04-30 03:54:02.796,"1745976125.515","1745976125.515",2.53,2.53,6.62e-11,12.7,11.4,12.7,10.1,NA,0.0281,"ppm",NA,NA,NA,NA,NA,0.0778,0.00128,0.197,5.43,0.0893,8.02,NA,NA,NA,NA,NA,NA,NA,NA,NA,NA,NA,"0.15","0.0337","0.224666666666667",0,0,0,NA,NA,""
3376,3380,94455,598,6,2025-04-30 03:54:02.796,2025-04-30 06:26:00.881,"1745985242.796","1745985242.796",2.53,2.53,4.89e-15,15.2,13.9,15.2,12.7,NA,0.024,"ppm",NA,NA,NA,NA,NA,0.0542,0.000892,0.137,5.56,0.0916,7.7,NA,NA,NA,NA,NA,NA,NA,NA,NA,NA,NA,"0.15","0.0337","0.224666666666667",0,0,0,NA,NA,""
3376,3380,94456,599,7,2025-04-30 06:26:00.881,2025-04-30 08:57:57.055,"1745994360.881","1745994360.881",2.53,2.53,-6.62e-11,17.7,16.5,17.7,15.2,NA,0.0288,"ppm",NA,NA,NA,NA,NA,0.0889,0.00146,0.225,5.79,0.0953,9.75,NA,NA,NA,NA,NA,NA,NA,NA,NA,NA,NA,"0.15","0.0337","0.224666666666667",0,0,0,NA,NA,""
3376,3380,94457,600,8,2025-04-30 08:57:57.055,2025-04-30 11:29:52.986,"1746003477.055","1746003477.055",2.53,2.53,6.62e-11,20.3,19,20.3,17.7,NA,0.0299,"ppm",NA,NA,NA,NA,NA,0.132,0.00217,0.334,6.12,0.101,12.8,NA,NA,NA,NA,NA,NA,NA,NA,NA,NA,NA,"0.15","0.0337","0.224666666666667",0,0,0,NA,NA,""
3376,3380,94458,601,9,2025-04-30 11:29:52.986,2025-04-30 14:01:47.697,"1746012592.986","1746012592.986",2.53,2.53,0,22.8,21.5,22.8,20.3,NA,0.0365,"ppm",NA,NA,NA,NA,NA,0.129,0.00212,0.327,6.45,0.106,14.4,NA,NA,NA,NA,NA,NA,NA,NA,NA,NA,NA,"0.15","0.0337","0.224666666666667",0,0,0,NA,NA,""
3376,3380,94459,602,10,2025-04-30 14:01:47.697,2025-04-30 16:33:42.109,"1746021707.697","1746021707.697",2.53,2.53,3.11e-15,25.3,24.1,25.3,22.8,NA,0.0542,"ppm",NA,NA,NA,NA,NA,0.115,0.00189,0.29,6.74,0.111,15.7,NA,NA,NA,NA,NA,NA,NA,NA,NA,NA,NA,"0.15","0.0337","0.224666666666667",0,0,0,NA,NA,""
3376,3380,94460,603,11,2025-04-30 16:33:42.109,2025-04-30 19:05:37.986,"1746030822.109","1746030822.109",2.53,2.53,3.11e-15,27.9,26.6,27.9,25.3,NA,0.0488,"ppm",NA,NA,NA,NA,NA,0.106,0.00174,0.268,7.01,0.115,15.9,NA,NA,NA,NA,NA,NA,NA,NA,NA,NA,NA,"0.15","0.0337","0.224666666666667",0,0,0,NA,NA,""
3376,3380,94461,604,12,2025-04-30 19:05:37.986,2025-04-30 21:37:32.739,"1746039937.986","1746039937.986",2.53,2.53,-6.62e-11,30.4,29.1,30.4,27.9,NA,0.0324,"ppm",NA,NA,NA,NA,NA,0.084,0.00138,0.213,7.22,0.119,13.7,NA,NA,NA,NA,NA,NA,NA,NA,NA,NA,NA,"0.15","0.0337","0.224666666666667",0,0,0,NA,NA,""
3376,3380,94462,605,13,2025-04-30 21:37:32.739,2025-05-01 00:09:28.506,"1746049052.739","1746049052.739",2.53,2.53,6.62e-11,32.9,31.7,32.9,30.4,NA,0.0186,"ppm",NA,NA,NA,NA,NA,0.0419,0.000689,0.106,7.33,0.121,6.1,NA,NA,NA,NA,NA,NA,NA,NA,NA,NA,NA,"0.15","0.0337","0.224666666666667",0,0,0,NA,NA,""
3376,3380,94463,606,14,2025-05-01 00:09:28.506,2025-05-01 02:41:23.723,"1746058168.506","1746058168.506",2.53,2.53,-1.33e-15,35.5,34.2,35.5,32.9,NA,0.0121,"ppm",NA,NA,NA,NA,NA,0.0133,0.000219,0.0336,7.36,0.121,4.28,NA,NA,NA,NA,NA,NA,NA,NA,NA,NA,NA,"0.15","0.0337","0.224666666666667",0,0,0,NA,NA,""
3376,3380,94464,607,15,2025-05-01 02:41:23.723,2025-05-01 05:13:18.148,"1746067283.723","1746067283.723",2.53,2.53,3.55e-15,38,36.7,38,35.5,NA,0.0119,"ppm",NA,NA,NA,NA,NA,0.0127,0.00021,0.0323,7.39,0.122,3.5,NA,NA,NA,NA,NA,NA,NA,NA,NA,NA,NA,"0.15","0.0337","0.224666666666667",0,0,0,NA,NA,""
3376,3380,94465,608,16,2025-05-01 05:13:18.148,2025-05-01 07:45:13.349,"1746076398.148","1746076398.148",2.53,2.53,-4.44e-16,40.5,39.2,40.5,38,NA,0.0114,"ppm",NA,NA,NA,NA,NA,0.0141,0.000231,0.0356,7.43,0.122,4.25,NA,NA,NA,NA,NA,NA,NA,NA,NA,NA,NA,"0.15","0.0337","0.224666666666667",0,0,0,NA,NA,""
3376,3380,94466,609,17,2025-05-01 07:45:13.349,2025-05-01 10:17:08.532,"1746085513.349","1746085513.349",2.53,2.53,4.44e-16,43,41.8,43,40.5,NA,0.0201,"ppm",NA,NA,NA,NA,NA,0.0311,0.000512,0.0788,7.51,0.124,12.6,NA,NA,NA,NA,NA,NA,NA,NA,NA,NA,NA,"0.15","0.0337","0.224666666666667",0,0,0,NA,NA,""
3376,3380,94467,610,18,2025-05-01 10:17:08.532,2025-05-01 12:49:03.694,"1746094628.532","1746094628.532",2.53,2.53,0,45.6,44.3,45.6,43,NA,0.0374,"ppm",NA,NA,NA,NA,NA,0.073,0.0012,0.185,7.69,0.127,16.1,NA,NA,NA,NA,NA,NA,NA,NA,NA,NA,NA,"0.15","0.0337","0.224666666666667",0,0,0,NA,NA,""
3376,3380,94468,611,19,2025-05-01 12:49:03.694,2025-05-01 15:20:59.299,"1746103743.694","1746103743.694",2.53,2.53,1.78e-15,48.1,46.8,48.1,45.6,NA,0.0446,"ppm",NA,NA,NA,NA,NA,0.0883,0.00145,0.224,7.92,0.13,19,NA,NA,NA,NA,NA,NA,NA,NA,NA,NA,NA,"0.15","0.0337","0.224666666666667",0,0,0,NA,NA,""
3376,3380,94469,612,20,2025-05-01 15:20:59.299,2025-05-01 17:52:54.269,"1746112859.299","1746112859.299",2.53,2.53,1.78e-15,50.6,49.4,50.6,48.1,NA,0.0439,"ppm",NA,NA,NA,NA,NA,0.0757,0.00125,0.192,8.11,0.133,19,NA,NA,NA,NA,NA,NA,NA,NA,NA,NA,NA,"0.15","0.0337","0.224666666666667",0,0,0,NA,NA,""
3376,3380,94470,613,21,2025-05-01 17:52:54.269,2025-05-01 20:24:49.499,"1746121974.269","1746121974.269",2.53,2.53,-1.78e-15,53.2,51.9,53.2,50.6,NA,0.0371,"ppm",NA,NA,NA,NA,NA,0.0611,0.00101,0.155,8.26,0.136,16.5,NA,NA,NA,NA,NA,NA,NA,NA,NA,NA,NA,"0.15","0.0337","0.224666666666667",0,0,0,NA,NA,""
3376,3380,94471,614,22,2025-05-01 20:24:49.499,2025-05-01 22:56:42.661,"1746131089.499","1746131089.499",2.53,2.53,-4.44e-15,55.7,54.4,55.7,53.2,NA,0.0259,"ppm",NA,NA,NA,NA,NA,0.0387,0.000637,0.098,8.36,0.138,13.2,NA,NA,NA,NA,NA,NA,NA,NA,NA,NA,NA,"0.15","0.0337","0.224666666666667",0,0,0,NA,NA,""
3376,3380,94472,615,23,2025-05-01 22:56:42.661,2025-05-02 01:28:39.085,"1746140202.661","1746140202.661",2.53,2.53,2.22e-15,58.2,57,58.2,55.7,NA,0.0184,"ppm",NA,NA,NA,NA,NA,0.0178,0.000293,0.045,8.4,0.138,11.6,NA,NA,NA,NA,NA,NA,NA,NA,NA,NA,NA,"0.15","0.0337","0.224666666666667",0,0,0,NA,NA,""
3376,3380,94473,616,24,2025-05-02 01:28:39.085,2025-05-02 04:00:32.964,"1746149319.085","1746149319.085",2.53,2.53,-4.44e-16,60.8,59.5,60.8,58.2,NA,0.0186,"ppm",NA,NA,NA,NA,NA,0.00996,0.000164,0.0252,8.43,0.139,10.9,NA,NA,NA,NA,NA,NA,NA,NA,NA,NA,NA,"0.15","0.0337","0.224666666666667",0,0,0,NA,NA,""
3376,3380,94474,617,25,2025-05-02 04:00:32.964,2025-05-02 06:32:28.971,"1746158432.964","1746158432.964",2.53,2.53,4.44e-16,63.3,62,63.3,60.8,NA,0.0192,"ppm",NA,NA,NA,NA,NA,0.0132,0.000218,0.0335,8.46,0.139,11.6,NA,NA,NA,NA,NA,NA,NA,NA,NA,NA,NA,"0.15","0.0337","0.224666666666667",0,0,0,NA,NA,""
3376,3380,94475,618,26,2025-05-02 06:32:28.971,2025-05-02 09:04:24.767,"1746167548.971","1746167548.971",2.53,2.53,4.44e-15,65.8,64.6,65.8,63.3,NA,0.0206,"ppm",NA,NA,NA,NA,NA,0.0162,0.000267,0.0411,8.5,0.14,11.5,NA,NA,NA,NA,NA,NA,NA,NA,NA,NA,NA,"0.15","0.0337","0.224666666666667",0,0,0,NA,NA,""
3376,3380,94476,619,27,2025-05-02 09:04:24.767,2025-05-02 11:36:19.006,"1746176664.767","1746176664.767",2.53,2.53,2.22e-15,68.4,67.1,68.4,65.8,NA,0.0205,"ppm",NA,NA,NA,NA,NA,0.0151,0.000249,0.0383,8.54,0.141,10.9,NA,NA,NA,NA,NA,NA,NA,NA,NA,NA,NA,"0.15","0.0337","0.224666666666667",0,0,0,NA,NA,""
3376,3380,94477,620,28,2025-05-02 11:36:19.006,2025-05-02 14:08:14.632,"1746185779.006","1746185779.006",2.53,2.53,-4.44e-16,70.9,69.6,70.9,68.4,NA,0.025,"ppm",NA,NA,NA,NA,NA,0.0352,0.00058,0.0891,8.63,0.142,13.3,NA,NA,NA,NA,NA,NA,NA,NA,NA,NA,NA,"0.15","0.0337","0.224666666666667",0,0,0,NA,NA,""
3376,3380,94478,621,29,2025-05-02 14:08:14.632,2025-05-02 16:40:09.716,"1746194894.632","1746194894.632",2.53,2.53,2.66e-15,73.4,72.2,73.4,70.9,NA,0.03,"ppm",NA,NA,NA,NA,NA,0.0498,0.00082,0.126,8.76,0.144,13.6,NA,NA,NA,NA,NA,NA,NA,NA,NA,NA,NA,"0.15","0.0337","0.224666666666667",0,0,0,NA,NA,""
3376,3380,94479,622,30,2025-05-02 16:40:09.716,2025-05-02 19:12:04.938,"1746204009.716","1746204009.716",2.53,2.53,-2.22e-15,76,74.7,76,73.4,NA,0.0275,"ppm",NA,NA,NA,NA,NA,0.0489,0.000806,0.124,8.88,0.146,14.6,NA,NA,NA,NA,NA,NA,NA,NA,NA,NA,NA,"0.15","0.0337","0.224666666666667",0,0,0,NA,NA,""
3376,3380,94480,623,31,2025-05-02 19:12:04.938,2025-05-02 21:44:00.898,"1746213124.938","1746213124.938",2.53,2.53,2.22e-15,78.5,77.2,78.5,76,NA,0.02,"ppm",NA,NA,NA,NA,NA,0.043,0.000707,0.109,8.99,0.148,12.7,NA,NA,NA,NA,NA,NA,NA,NA,NA,NA,NA,"0.15","0.0337","0.224666666666667",0,0,0,NA,NA,""
3376,3380,94481,624,32,2025-05-02 21:44:00.898,2025-05-03 00:15:56.532,"1746222240.898","1746222240.898",2.53,2.53,4.44e-16,81,79.8,81,78.5,NA,0.0134,"ppm",NA,NA,NA,NA,NA,0.02,0.00033,0.0508,9.04,0.149,8.47,NA,NA,NA,NA,NA,NA,NA,NA,NA,NA,NA,"0.15","0.0337","0.224666666666667",0,0,0,NA,NA,""
3376,3380,94482,625,33,2025-05-03 00:15:56.532,2025-05-03 02:47:51.394,"1746231356.532","1746231356.532",2.53,2.53,-2.22e-15,83.6,82.3,83.6,81,NA,0.0117,"ppm",NA,NA,NA,NA,NA,0.00751,0.000124,0.019,9.06,0.149,7.2,NA,NA,NA,NA,NA,NA,NA,NA,NA,NA,NA,"0.15","0.0337","0.224666666666667",0,0,0,NA,NA,""
3376,3380,94483,626,34,2025-05-03 02:47:51.394,2025-05-03 05:19:46.421,"1746240471.394","1746240471.394",2.53,2.53,8.88e-16,86.1,84.8,86.1,83.6,NA,0.0107,"ppm",NA,NA,NA,NA,NA,0.00439,7.23e-05,0.0111,9.07,0.149,5.03,NA,NA,NA,NA,NA,NA,NA,NA,NA,NA,NA,"0.15","0.0337","0.224666666666667",0,0,0,NA,NA,""
3376,3380,94484,627,35,2025-05-03 05:19:46.421,2025-05-03 07:51:42.285,"1746249586.421","1746249586.421",2.53,2.53,-6.62e-11,88.6,87.4,88.6,86.1,NA,0.011,"ppm",NA,NA,NA,NA,NA,0.00362,5.95e-05,0.00916,9.08,0.149,5.47,NA,NA,NA,NA,NA,NA,NA,NA,NA,NA,NA,"0.15","0.0337","0.224666666666667",0,0,0,NA,NA,""
3376,3380,94485,628,36,2025-05-03 07:51:42.285,2025-05-03 10:23:36.95,"1746258702.285","1746258702.285",2.53,2.53,6.62e-11,91.2,89.9,91.2,88.6,NA,0.0155,"ppm",NA,NA,NA,NA,NA,0.014,0.00023,0.0354,9.12,0.15,9.11,NA,NA,NA,NA,NA,NA,NA,NA,NA,NA,NA,"0.15","0.0337","0.224666666666667",0,0,0,NA,NA,""
3376,3380,94486,629,37,2025-05-03 10:23:36.95,2025-05-03 12:55:31.512,"1746267816.95","1746267816.95",2.53,2.53,-4.44e-15,93.7,92.4,93.7,91.2,NA,0.0261,"ppm",NA,NA,NA,NA,NA,0.0403,0.000664,0.102,9.22,0.152,12.1,NA,NA,NA,NA,NA,NA,NA,NA,NA,NA,NA,"0.15","0.0337","0.224666666666667",0,0,0,NA,NA,""
3376,3380,94487,630,38,2025-05-03 12:55:31.512,2025-05-03 15:27:27.753,"1746276931.512","1746276931.512",2.53,2.53,-2.66e-15,96.2,95,96.2,93.7,NA,0.0312,"ppm",NA,NA,NA,NA,NA,0.0487,0.000802,0.123,9.34,0.154,13.9,NA,NA,NA,NA,NA,NA,NA,NA,NA,NA,NA,"0.15","0.0337","0.224666666666667",0,0,0,NA,NA,""
3376,3380,94488,631,39,2025-05-03 15:27:27.753,2025-05-03 17:59:23.114,"1746286047.753","1746286047.753",2.53,2.53,-6.62e-11,98.8,97.5,98.8,96.2,NA,0.0287,"ppm",NA,NA,NA,NA,NA,0.0324,0.000533,0.082,9.42,0.155,14.3,NA,NA,NA,NA,NA,NA,NA,NA,NA,NA,NA,"0.15","0.0337","0.224666666666667",0,0,0,NA,NA,""
3376,3380,94489,632,40,2025-05-03 17:59:23.114,2025-05-03 20:31:16.957,"1746295163.114","1746295163.114",2.53,2.53,6.62e-11,101,100,101,98.8,NA,0.0226,"ppm",NA,NA,NA,NA,NA,0.0284,0.000467,0.0718,9.5,0.156,12.9,NA,NA,NA,NA,NA,NA,NA,NA,NA,NA,NA,"0.15","0.0337","0.224666666666667",0,0,0,NA,NA,""
3376,3380,94490,633,41,2025-05-03 20:31:16.957,2025-05-03 23:03:12.398,"1746304276.957","1746304276.957",2.53,2.53,4e-15,104,103,104,101,NA,0.0146,"ppm",NA,NA,NA,NA,NA,0.0212,0.000348,0.0536,9.55,0.157,9.08,NA,NA,NA,NA,NA,NA,NA,NA,NA,NA,NA,"0.15","0.0337","0.224666666666667",0,0,0,NA,NA,""
3376,3380,94491,634,42,2025-05-03 23:03:12.398,2025-05-04 01:35:07.474,"1746313392.398","1746313392.398",2.53,2.53,2.22e-15,106,105,106,104,NA,0.0113,"ppm",NA,NA,NA,NA,NA,0.00696,0.000114,0.0176,9.57,0.157,7.28,NA,NA,NA,NA,NA,NA,NA,NA,NA,NA,NA,"0.15","0.0337","0.224666666666667",0,0,0,NA,NA,""
3376,3380,94492,635,43,2025-05-04 01:35:07.474,2025-05-04 04:07:03.27,"1746322507.474","1746322507.474",2.53,2.53,4.44e-15,109,108,109,106,NA,0.00964,"ppm",NA,NA,NA,NA,NA,0.00392,6.45e-05,0.00993,9.58,0.158,7,NA,NA,NA,NA,NA,NA,NA,NA,NA,NA,NA,"0.15","0.0337","0.224666666666667",0,0,0,NA,NA,""
3376,3380,94493,636,44,2025-05-04 04:07:03.27,2025-05-04 06:38:59.158,"1746331623.27","1746331623.27",2.53,2.53,0,111,110,111,109,NA,0.00952,"ppm",NA,NA,NA,NA,NA,0.00567,9.33e-05,0.0143,9.59,0.158,6.93,NA,NA,NA,NA,NA,NA,NA,NA,NA,NA,NA,"0.15","0.0337","0.224666666666667",0,0,0,NA,NA,""
3376,3380,94494,637,45,2025-05-04 06:38:59.158,2025-05-04 09:10:53.841,"1746340739.158","1746340739.158",2.53,2.53,-4.44e-16,114,113,114,111,NA,0.00854,"ppm",NA,NA,NA,NA,NA,0.00865,0.000142,0.0219,9.61,0.158,5.12,NA,NA,NA,NA,NA,NA,NA,NA,NA,NA,NA,"0.15","0.0337","0.224666666666667",0,0,0,NA,NA,""
3376,3380,94495,638,46,2025-05-04 09:10:53.841,2025-05-04 11:42:48.509,"1746349853.841","1746349853.841",2.53,2.53,-6.62e-11,116,115,116,114,NA,0.0111,"ppm",NA,NA,NA,NA,NA,0.0122,0.000201,0.0309,9.64,0.159,5.2,NA,NA,NA,NA,NA,NA,NA,NA,NA,NA,NA,"0.15","0.0337","0.224666666666667",0,0,0,NA,NA,""
3376,3380,94496,639,47,2025-05-04 11:42:48.509,2025-05-04 14:14:43.832,"1746358968.509","1746358968.509",2.53,2.53,6.62e-11,119,118,119,116,NA,0.0171,"ppm",NA,NA,NA,NA,NA,0.0241,0.000397,0.0611,9.7,0.16,7.72,NA,NA,NA,NA,NA,NA,NA,NA,NA,NA,NA,"0.15","0.0337","0.224666666666667",0,0,0,NA,NA,""
3376,3380,94497,640,48,2025-05-04 14:14:43.832,2025-05-04 16:46:39.279,"1746368083.832","1746368083.832",2.53,2.53,1.78e-15,122,120,122,119,NA,0.0224,"ppm",NA,NA,NA,NA,NA,0.0297,0.000489,0.0752,9.78,0.161,8.88,NA,NA,NA,NA,NA,NA,NA,NA,NA,NA,NA,"0.15","0.0337","0.224666666666667",0,0,0,NA,NA,""
3376,3380,94498,641,49,2025-05-04 16:46:39.279,2025-05-04 19:18:34.598,"1746377199.279","1746377199.279",2.53,2.53,5.33e-15,124,123,124,122,NA,0.0195,"ppm",NA,NA,NA,NA,NA,0.024,0.000395,0.0608,9.84,0.162,9.15,NA,NA,NA,NA,NA,NA,NA,NA,NA,NA,NA,"0.15","0.0337","0.224666666666667",0,0,0,NA,NA,""
3376,3380,94499,642,50,2025-05-04 19:18:34.598,2025-05-04 21:50:30.792,"1746386314.598","1746386314.598",2.53,2.53,-8.88e-16,127,125,127,124,NA,0.0132,"ppm",NA,NA,NA,NA,NA,0.0175,0.000288,0.0443,9.89,0.163,8.45,NA,NA,NA,NA,NA,NA,NA,NA,NA,NA,NA,"0.15","0.0337","0.224666666666667",0,0,0,NA,NA,""
3376,3380,94500,643,51,2025-05-04 21:50:30.792,2025-05-05 00:22:24.865,"1746395430.792","1746395430.792",2.53,2.53,8.88e-16,129,128,129,127,NA,0.00714,"ppm",NA,NA,NA,NA,NA,0.00804,0.000132,0.0204,9.91,0.163,0.51,NA,NA,NA,NA,NA,NA,NA,NA,NA,NA,NA,"0.15","0.0337","0.224666666666667",0,0,0,NA,NA,""
3376,3380,94501,644,52,2025-05-05 00:22:24.865,2025-05-05 02:54:20.628,"1746404544.865","1746404544.865",2.53,2.53,2.22e-15,132,130,132,129,NA,0.00513,"ppm",NA,NA,NA,NA,NA,0.00219,3.61e-05,0.00556,9.91,0.163,0.12,NA,NA,NA,NA,NA,NA,NA,NA,NA,NA,NA,"0.15","0.0337","0.224666666666667",0,0,0,NA,NA,""
3376,3380,94502,645,53,2025-05-05 02:54:20.628,2025-05-05 05:26:15.447,"1746413660.628","1746413660.628",2.53,2.53,4e-15,134,133,134,132,NA,0.00494,"ppm",NA,NA,NA,NA,NA,0.00168,2.76e-05,0.00425,9.92,0.163,-1.99,NA,NA,NA,NA,NA,NA,NA,NA,NA,NA,NA,"0.15","0.0337","0.224666666666667",0,0,0,NA,NA,""
3376,3380,94503,646,54,2025-05-05 05:26:15.447,2025-05-05 07:58:11.082,"1746422775.447","1746422775.447",2.53,2.53,-4.44e-15,137,135,137,134,NA,0.00526,"ppm",NA,NA,NA,NA,NA,0.00137,2.25e-05,0.00347,9.92,0.163,-1.72,NA,NA,NA,NA,NA,NA,NA,NA,NA,NA,NA,"0.15","0.0337","0.224666666666667",0,0,0,NA,NA,""
3377,3381,94504,647,1,2025-04-29 15:22:17.94,2025-04-29 17:54:14.358,"1745940137.94","1745940137.94",2.53,2.53,4.89e-15,2.53,1.27,2.53,0,NA,0.137,"ppm",NA,NA,NA,NA,NA,0.535,0.00881,1.35,1.35,0.0223,17.9,NA,NA,NA,NA,NA,NA,NA,NA,NA,NA,NA,"0.15","0.0337","0.224666666666667",0,0,0,NA,NA,""
3377,3381,94505,648,2,2025-04-29 17:54:14.358,2025-04-29 20:26:11.482,"1745949254.358","1745949254.358",2.53,2.53,-6.62e-11,5.06,3.8,5.06,2.53,NA,0.0854,"ppm",NA,NA,NA,NA,NA,0.322,0.00531,0.816,2.17,0.0357,15.5,NA,NA,NA,NA,NA,NA,NA,NA,NA,NA,NA,"0.15","0.0337","0.224666666666667",0,0,0,NA,NA,""
3377,3381,94506,649,3,2025-04-29 20:26:11.482,2025-04-29 22:58:07.778,"1745958371.482","1745958371.482",2.53,2.53,-4.44e-15,7.6,6.33,7.6,5.06,NA,0.0419,"ppm",NA,NA,NA,NA,NA,0.207,0.00341,0.525,2.7,0.0444,11.3,NA,NA,NA,NA,NA,NA,NA,NA,NA,NA,NA,"0.15","0.0337","0.224666666666667",0,0,0,NA,NA,""
3377,3381,94507,650,4,2025-04-29 22:58:07.778,2025-04-30 01:30:05.878,"1745967487.778","1745967487.778",2.53,2.53,6.62e-11,10.1,8.86,10.1,7.6,NA,0.038,"ppm",NA,NA,NA,NA,NA,0.133,0.00219,0.337,3.03,0.0499,9.42,NA,NA,NA,NA,NA,NA,NA,NA,NA,NA,NA,"0.15","0.0337","0.224666666666667",0,0,0,NA,NA,""
3377,3381,94508,651,5,2025-04-30 01:30:05.878,2025-04-30 04:02:02.805,"1745976605.878","1745976605.878",2.53,2.53,-6.62e-11,12.7,11.4,12.7,10.1,NA,0.0281,"ppm",NA,NA,NA,NA,NA,0.095,0.00156,0.241,3.27,0.0539,7.73,NA,NA,NA,NA,NA,NA,NA,NA,NA,NA,NA,"0.15","0.0337","0.224666666666667",0,0,0,NA,NA,""
3377,3381,94509,652,6,2025-04-30 04:02:02.805,2025-04-30 06:34:00.217,"1745985722.805","1745985722.805",2.53,2.53,6.62e-11,15.2,13.9,15.2,12.7,NA,0.024,"ppm",NA,NA,NA,NA,NA,0.0617,0.00102,0.156,3.43,0.0565,7.7,NA,NA,NA,NA,NA,NA,NA,NA,NA,NA,NA,"0.15","0.0337","0.224666666666667",0,0,0,NA,NA,""
3377,3381,94510,653,7,2025-04-30 06:34:00.217,2025-04-30 09:05:56.411,"1745994840.217","1745994840.217",2.53,2.53,-8.88e-16,17.7,16.5,17.7,15.2,NA,0.0288,"ppm",NA,NA,NA,NA,NA,0.0899,0.00148,0.228,3.66,0.0602,11,NA,NA,NA,NA,NA,NA,NA,NA,NA,NA,NA,"0.15","0.0337","0.224666666666667",0,0,0,NA,NA,""
3377,3381,94511,654,8,2025-04-30 09:05:56.411,2025-04-30 11:37:51.802,"1746003956.411","1746003956.411",2.53,2.53,-2.66e-15,20.3,19,20.3,17.7,NA,0.0299,"ppm",NA,NA,NA,NA,NA,0.121,0.00199,0.307,3.96,0.0653,12.8,NA,NA,NA,NA,NA,NA,NA,NA,NA,NA,NA,"0.15","0.0337","0.224666666666667",0,0,0,NA,NA,""
3377,3381,94512,655,9,2025-04-30 11:37:51.802,2025-04-30 14:09:47.644,"1746013071.802","1746013071.802",2.53,2.53,-2.66e-15,22.8,21.5,22.8,20.3,NA,0.0365,"ppm",NA,NA,NA,NA,NA,0.12,0.00198,0.304,4.27,0.0703,14.7,NA,NA,NA,NA,NA,NA,NA,NA,NA,NA,NA,"0.15","0.0337","0.224666666666667",0,0,0,NA,NA,""
3377,3381,94513,656,10,2025-04-30 14:09:47.644,2025-04-30 16:41:42.697,"1746022187.644","1746022187.644",2.53,2.53,8.88e-16,25.3,24.1,25.3,22.8,NA,0.0542,"ppm",NA,NA,NA,NA,NA,0.114,0.00187,0.288,4.56,0.075,15.7,NA,NA,NA,NA,NA,NA,NA,NA,NA,NA,NA,"0.15","0.0337","0.224666666666667",0,0,0,NA,NA,""
3377,3381,94514,657,11,2025-04-30 16:41:42.697,2025-04-30 19:13:37.961,"1746031302.697","1746031302.697",2.53,2.53,-3.55e-15,27.9,26.6,27.9,25.3,NA,0.0488,"ppm",NA,NA,NA,NA,NA,0.105,0.00173,0.266,4.82,0.0794,15.9,NA,NA,NA,NA,NA,NA,NA,NA,NA,NA,NA,"0.15","0.0337","0.224666666666667",0,0,0,NA,NA,""
3377,3381,94515,658,12,2025-04-30 19:13:37.961,2025-04-30 21:45:32.255,"1746040417.961","1746040417.961",2.53,2.53,8.88e-16,30.4,29.1,30.4,27.9,NA,0.0324,"ppm",NA,NA,NA,NA,NA,0.0834,0.00137,0.211,5.03,0.0828,13.7,NA,NA,NA,NA,NA,NA,NA,NA,NA,NA,NA,"0.15","0.0337","0.224666666666667",0,0,0,NA,NA,""
3377,3381,94516,659,13,2025-04-30 21:45:32.255,2025-05-01 00:17:28.269,"1746049532.255","1746049532.255",2.53,2.53,3.11e-15,32.9,31.7,32.9,30.4,NA,0.0186,"ppm",NA,NA,NA,NA,NA,0.0392,0.000646,0.0994,5.13,0.0845,6.1,NA,NA,NA,NA,NA,NA,NA,NA,NA,NA,NA,"0.15","0.0337","0.224666666666667",0,0,0,NA,NA,""
3377,3381,94517,660,14,2025-05-01 00:17:28.269,2025-05-01 02:49:22.348,"1746058648.269","1746058648.269",2.53,2.53,-1.33e-15,35.5,34.2,35.5,32.9,NA,0.0121,"ppm",NA,NA,NA,NA,NA,0.01,0.000165,0.0254,5.16,0.0849,4.28,NA,NA,NA,NA,NA,NA,NA,NA,NA,NA,NA,"0.15","0.0337","0.224666666666667",0,0,0,NA,NA,""
3377,3381,94518,661,15,2025-05-01 02:49:22.348,2025-05-01 05:21:17.467,"1746067762.348","1746067762.348",2.53,2.53,-4e-15,38,36.7,38,35.5,NA,0.0119,"ppm",NA,NA,NA,NA,NA,0.0145,0.000239,0.0367,5.19,0.0855,3.5,NA,NA,NA,NA,NA,NA,NA,NA,NA,NA,NA,"0.15","0.0337","0.224666666666667",0,0,0,NA,NA,""
3377,3381,94519,662,16,2025-05-01 05:21:17.467,2025-05-01 07:53:12.743,"1746076877.467","1746076877.467",2.53,2.53,1.33e-15,40.5,39.2,40.5,38,NA,0.0114,"ppm",NA,NA,NA,NA,NA,0.0174,0.000286,0.0439,5.24,0.0862,4.25,NA,NA,NA,NA,NA,NA,NA,NA,NA,NA,NA,"0.15","0.0337","0.224666666666667",0,0,0,NA,NA,""
3377,3381,94520,663,17,2025-05-01 07:53:12.743,2025-05-01 10:25:08.023,"1746085992.743","1746085992.743",2.53,2.53,4.89e-15,43,41.8,43,40.5,NA,0.0201,"ppm",NA,NA,NA,NA,NA,0.0386,0.000636,0.0978,5.34,0.0878,12.6,NA,NA,NA,NA,NA,NA,NA,NA,NA,NA,NA,"0.15","0.0337","0.224666666666667",0,0,0,NA,NA,""
3377,3381,94521,664,18,2025-05-01 10:25:08.023,2025-05-01 12:57:03.328,"1746095108.023","1746095108.023",2.53,2.53,0,45.6,44.3,45.6,43,NA,0.0374,"ppm",NA,NA,NA,NA,NA,0.0771,0.00127,0.195,5.53,0.0911,16.1,NA,NA,NA,NA,NA,NA,NA,NA,NA,NA,NA,"0.15","0.0337","0.224666666666667",0,0,0,NA,NA,""
3377,3381,94522,665,19,2025-05-01 12:57:03.328,2025-05-01 15:28:59.032,"1746104223.328","1746104223.328",2.53,2.53,-4.44e-16,48.1,46.8,48.1,45.6,NA,0.0446,"ppm",NA,NA,NA,NA,NA,0.0927,0.00153,0.235,5.77,0.0949,19,NA,NA,NA,NA,NA,NA,NA,NA,NA,NA,NA,"0.15","0.0337","0.224666666666667",0,0,0,NA,NA,""
3377,3381,94523,666,20,2025-05-01 15:28:59.032,2025-05-01 18:00:53.525,"1746113339.032","1746113339.032",2.53,2.53,1.78e-15,50.6,49.4,50.6,48.1,NA,0.0439,"ppm",NA,NA,NA,NA,NA,0.0929,0.00153,0.235,6,0.0988,19,NA,NA,NA,NA,NA,NA,NA,NA,NA,NA,NA,"0.15","0.0337","0.224666666666667",0,0,0,NA,NA,""
3377,3381,94524,667,21,2025-05-01 18:00:53.525,2025-05-01 20:32:48.226,"1746122453.525","1746122453.525",2.53,2.53,-6.62e-11,53.2,51.9,53.2,50.6,NA,0.0371,"ppm",NA,NA,NA,NA,NA,0.0755,0.00124,0.191,6.19,0.102,16.5,NA,NA,NA,NA,NA,NA,NA,NA,NA,NA,NA,"0.15","0.0337","0.224666666666667",0,0,0,NA,NA,""
3377,3381,94525,668,22,2025-05-01 20:32:48.226,2025-05-01 23:04:42.694,"1746131568.226","1746131568.226",2.53,2.53,6.62e-11,55.7,54.4,55.7,53.2,NA,0.0259,"ppm",NA,NA,NA,NA,NA,0.0426,0.000702,0.108,6.3,0.104,11.9,NA,NA,NA,NA,NA,NA,NA,NA,NA,NA,NA,"0.15","0.0337","0.224666666666667",0,0,0,NA,NA,""
3377,3381,94526,669,23,2025-05-01 23:04:42.694,2025-05-02 01:36:38.223,"1746140682.694","1746140682.694",2.53,2.53,5.33e-15,58.2,57,58.2,55.7,NA,0.0184,"ppm",NA,NA,NA,NA,NA,0.0188,0.00031,0.0477,6.35,0.104,11.6,NA,NA,NA,NA,NA,NA,NA,NA,NA,NA,NA,"0.15","0.0337","0.224666666666667",0,0,0,NA,NA,""
3377,3381,94527,670,24,2025-05-02 01:36:38.223,2025-05-02 04:08:33.947,"1746149798.223","1746149798.223",2.53,2.53,2.22e-15,60.8,59.5,60.8,58.2,NA,0.0186,"ppm",NA,NA,NA,NA,NA,0.0131,0.000215,0.0331,6.38,0.105,11.4,NA,NA,NA,NA,NA,NA,NA,NA,NA,NA,NA,"0.15","0.0337","0.224666666666667",0,0,0,NA,NA,""
3377,3381,94528,671,25,2025-05-02 04:08:33.947,2025-05-02 06:40:29.253,"1746158913.947","1746158913.947",2.53,2.53,4.89e-15,63.3,62,63.3,60.8,NA,0.0192,"ppm",NA,NA,NA,NA,NA,0.0175,0.000289,0.0444,6.43,0.106,11.6,NA,NA,NA,NA,NA,NA,NA,NA,NA,NA,NA,"0.15","0.0337","0.224666666666667",0,0,0,NA,NA,""
3377,3381,94529,672,26,2025-05-02 06:40:29.253,2025-05-02 09:12:24.21,"1746168029.253","1746168029.253",2.53,2.53,1.33e-15,65.8,64.6,65.8,63.3,NA,0.0206,"ppm",NA,NA,NA,NA,NA,0.0204,0.000336,0.0518,6.48,0.107,11.5,NA,NA,NA,NA,NA,NA,NA,NA,NA,NA,NA,"0.15","0.0337","0.224666666666667",0,0,0,NA,NA,""
3377,3381,94530,673,27,2025-05-02 09:12:24.21,2025-05-02 11:44:19.625,"1746177144.21","1746177144.21",2.53,2.53,4e-15,68.4,67.1,68.4,65.8,NA,0.0205,"ppm",NA,NA,NA,NA,NA,0.0193,0.000317,0.0488,6.53,0.107,10.9,NA,NA,NA,NA,NA,NA,NA,NA,NA,NA,NA,"0.15","0.0337","0.224666666666667",0,0,0,NA,NA,""
3377,3381,94531,674,28,2025-05-02 11:44:19.625,2025-05-02 14:16:15.203,"1746186259.625","1746186259.625",2.53,2.53,-3.55e-15,70.9,69.6,70.9,68.4,NA,0.025,"ppm",NA,NA,NA,NA,NA,0.0412,0.000679,0.104,6.63,0.109,13.3,NA,NA,NA,NA,NA,NA,NA,NA,NA,NA,NA,"0.15","0.0337","0.224666666666667",0,0,0,NA,NA,""
3377,3381,94532,675,29,2025-05-02 14:16:15.203,2025-05-02 16:48:09.825,"1746195375.203","1746195375.203",2.53,2.53,3.55e-15,73.4,72.2,73.4,70.9,NA,0.03,"ppm",NA,NA,NA,NA,NA,0.0645,0.00106,0.163,6.79,0.112,13.6,NA,NA,NA,NA,NA,NA,NA,NA,NA,NA,NA,"0.15","0.0337","0.224666666666667",0,0,0,NA,NA,""
3377,3381,94533,676,30,2025-05-02 16:48:09.825,2025-05-02 19:20:05.438,"1746204489.825","1746204489.825",2.53,2.53,0,76,74.7,76,73.4,NA,0.0275,"ppm",NA,NA,NA,NA,NA,0.0624,0.00103,0.158,6.95,0.114,14.6,NA,NA,NA,NA,NA,NA,NA,NA,NA,NA,NA,"0.15","0.0337","0.224666666666667",0,0,0,NA,NA,""
3377,3381,94534,677,31,2025-05-02 19:20:05.438,2025-05-02 21:51:59.954,"1746213605.438","1746213605.438",2.53,2.53,2.66e-15,78.5,77.2,78.5,76,NA,0.02,"ppm",NA,NA,NA,NA,NA,0.0431,0.00071,0.109,7.06,0.116,12.7,NA,NA,NA,NA,NA,NA,NA,NA,NA,NA,NA,"0.15","0.0337","0.224666666666667",0,0,0,NA,NA,""
3377,3381,94535,678,32,2025-05-02 21:51:59.954,2025-05-03 00:23:56.005,"1746222719.954","1746222719.954",2.53,2.53,2.22e-15,81,79.8,81,78.5,NA,0.0134,"ppm",NA,NA,NA,NA,NA,0.0178,0.000292,0.045,7.11,0.117,8.47,NA,NA,NA,NA,NA,NA,NA,NA,NA,NA,NA,"0.15","0.0337","0.224666666666667",0,0,0,NA,NA,""
3377,3381,94536,679,33,2025-05-03 00:23:56.005,2025-05-03 02:55:50.49,"1746231836.005","1746231836.005",2.53,2.53,8.88e-16,83.6,82.3,83.6,81,NA,0.0117,"ppm",NA,NA,NA,NA,NA,0.00748,0.000123,0.0189,7.12,0.117,7.2,NA,NA,NA,NA,NA,NA,NA,NA,NA,NA,NA,"0.15","0.0337","0.224666666666667",0,0,0,NA,NA,""
3377,3381,94537,680,34,2025-05-03 02:55:50.49,2025-05-03 05:27:45.522,"1746240950.49","1746240950.49",2.53,2.53,-6.62e-11,86.1,84.8,86.1,83.6,NA,0.0107,"ppm",NA,NA,NA,NA,NA,0.00468,7.71e-05,0.0119,7.14,0.117,5.03,NA,NA,NA,NA,NA,NA,NA,NA,NA,NA,NA,"0.15","0.0337","0.224666666666667",0,0,0,NA,NA,""
3377,3381,94538,681,35,2025-05-03 05:27:45.522,2025-05-03 07:59:40.552,"1746250065.522","1746250065.522",2.53,2.53,6.62e-11,88.6,87.4,88.6,86.1,NA,0.011,"ppm",NA,NA,NA,NA,NA,0.00409,6.73e-05,0.0104,7.15,0.118,5.47,NA,NA,NA,NA,NA,NA,NA,NA,NA,NA,NA,"0.15","0.0337","0.224666666666667",0,0,0,NA,NA,""
3377,3381,94539,682,36,2025-05-03 07:59:40.552,2025-05-03 10:31:37.298,"1746259180.552","1746259180.552",2.53,2.53,-6.62e-11,91.2,89.9,91.2,88.6,NA,0.0155,"ppm",NA,NA,NA,NA,NA,0.0138,0.000227,0.0348,7.18,0.118,9.11,NA,NA,NA,NA,NA,NA,NA,NA,NA,NA,NA,"0.15","0.0337","0.224666666666667",0,0,0,NA,NA,""
3377,3381,94540,683,37,2025-05-03 10:31:37.298,2025-05-03 13:03:31.592,"1746268297.298","1746268297.298",2.53,2.53,6.62e-11,93.7,92.4,93.7,91.2,NA,0.0261,"ppm",NA,NA,NA,NA,NA,0.0421,0.000693,0.107,7.29,0.12,13.1,NA,NA,NA,NA,NA,NA,NA,NA,NA,NA,NA,"0.15","0.0337","0.224666666666667",0,0,0,NA,NA,""
3377,3381,94541,684,38,2025-05-03 13:03:31.592,2025-05-03 15:35:27.121,"1746277411.592","1746277411.592",2.53,2.53,5.33e-15,96.2,95,96.2,93.7,NA,0.0312,"ppm",NA,NA,NA,NA,NA,0.0533,0.000878,0.135,7.42,0.122,13.9,NA,NA,NA,NA,NA,NA,NA,NA,NA,NA,NA,"0.15","0.0337","0.224666666666667",0,0,0,NA,NA,""
3377,3381,94542,685,39,2025-05-03 15:35:27.121,2025-05-03 18:07:22.569,"1746286527.121","1746286527.121",2.53,2.53,-3.11e-15,98.8,97.5,98.8,96.2,NA,0.0287,"ppm",NA,NA,NA,NA,NA,0.0443,0.00073,0.112,7.54,0.124,13.5,NA,NA,NA,NA,NA,NA,NA,NA,NA,NA,NA,"0.15","0.0337","0.224666666666667",0,0,0,NA,NA,""
3377,3381,94543,686,40,2025-05-03 18:07:22.569,2025-05-03 20:39:16.756,"1746295642.569","1746295642.569",2.53,2.53,2.22e-15,101,100,101,98.8,NA,0.0226,"ppm",NA,NA,NA,NA,NA,0.0383,0.00063,0.0969,7.63,0.126,12.9,NA,NA,NA,NA,NA,NA,NA,NA,NA,NA,NA,"0.15","0.0337","0.224666666666667",0,0,0,NA,NA,""
3377,3381,94544,687,41,2025-05-03 20:39:16.756,2025-05-03 23:11:12.065,"1746304756.756","1746304756.756",2.53,2.53,3.55e-15,104,103,104,101,NA,0.0146,"ppm",NA,NA,NA,NA,NA,0.0215,0.000353,0.0544,7.69,0.127,9.08,NA,NA,NA,NA,NA,NA,NA,NA,NA,NA,NA,"0.15","0.0337","0.224666666666667",0,0,0,NA,NA,""
3377,3381,94545,688,42,2025-05-03 23:11:12.065,2025-05-04 01:43:07.618,"1746313872.065","1746313872.065",2.53,2.53,1.78e-15,106,105,106,104,NA,0.0113,"ppm",NA,NA,NA,NA,NA,0.00729,0.00012,0.0185,7.71,0.127,7.28,NA,NA,NA,NA,NA,NA,NA,NA,NA,NA,NA,"0.15","0.0337","0.224666666666667",0,0,0,NA,NA,""
3377,3381,94546,689,43,2025-05-04 01:43:07.618,2025-05-04 04:15:03.282,"1746322987.618","1746322987.618",2.53,2.53,4.44e-15,109,108,109,106,NA,0.00964,"ppm",NA,NA,NA,NA,NA,0.00464,7.63e-05,0.0117,7.72,0.127,7,NA,NA,NA,NA,NA,NA,NA,NA,NA,NA,NA,"0.15","0.0337","0.224666666666667",0,0,0,NA,NA,""
3377,3381,94547,690,44,2025-05-04 04:15:03.282,2025-05-04 06:46:58.153,"1746332103.282","1746332103.282",2.53,2.53,-6.62e-11,111,110,111,109,NA,0.00952,"ppm",NA,NA,NA,NA,NA,0.00526,8.66e-05,0.0133,7.73,0.127,6.93,NA,NA,NA,NA,NA,NA,NA,NA,NA,NA,NA,"0.15","0.0337","0.224666666666667",0,0,0,NA,NA,""
3377,3381,94548,691,45,2025-05-04 06:46:58.153,2025-05-04 09:18:53.732,"1746341218.153","1746341218.153",2.53,2.53,1.78e-15,114,113,114,111,NA,0.00854,"ppm",NA,NA,NA,NA,NA,0.00695,0.000114,0.0176,7.75,0.128,5.12,NA,NA,NA,NA,NA,NA,NA,NA,NA,NA,NA,"0.15","0.0337","0.224666666666667",0,0,0,NA,NA,""
3377,3381,94549,692,46,2025-05-04 09:18:53.732,2025-05-04 11:50:48.894,"1746350333.732","1746350333.732",2.53,2.53,6.62e-11,116,115,116,114,NA,0.0111,"ppm",NA,NA,NA,NA,NA,0.0103,0.00017,0.0261,7.77,0.128,5.2,NA,NA,NA,NA,NA,NA,NA,NA,NA,NA,NA,"0.15","0.0337","0.224666666666667",0,0,0,NA,NA,""
3377,3381,94550,693,47,2025-05-04 11:50:48.894,2025-05-04 14:22:44.039,"1746359448.894","1746359448.894",2.53,2.53,-4e-15,119,118,119,116,NA,0.0171,"ppm",NA,NA,NA,NA,NA,0.024,0.000395,0.0607,7.84,0.129,7.72,NA,NA,NA,NA,NA,NA,NA,NA,NA,NA,NA,"0.15","0.0337","0.224666666666667",0,0,0,NA,NA,""
3377,3381,94551,694,48,2025-05-04 14:22:44.039,2025-05-04 16:54:39.29,"1746368564.039","1746368564.039",2.53,2.53,-3.55e-15,122,120,122,119,NA,0.0224,"ppm",NA,NA,NA,NA,NA,0.0352,0.00058,0.0892,7.92,0.13,8.88,NA,NA,NA,NA,NA,NA,NA,NA,NA,NA,NA,"0.15","0.0337","0.224666666666667",0,0,0,NA,NA,""
3377,3381,94552,695,49,2025-05-04 16:54:39.29,2025-05-04 19:26:34.625,"1746377679.29","1746377679.29",2.53,2.53,3.55e-15,124,123,124,122,NA,0.0195,"ppm",NA,NA,NA,NA,NA,0.0316,0.000519,0.0799,8,0.132,9.15,NA,NA,NA,NA,NA,NA,NA,NA,NA,NA,NA,"0.15","0.0337","0.224666666666667",0,0,0,NA,NA,""
3377,3381,94553,696,50,2025-05-04 19:26:34.625,2025-05-04 21:58:29.99,"1746386794.625","1746386794.625",2.53,2.53,-2.66e-15,127,125,127,124,NA,0.0132,"ppm",NA,NA,NA,NA,NA,0.0204,0.000336,0.0517,8.06,0.133,8.45,NA,NA,NA,NA,NA,NA,NA,NA,NA,NA,NA,"0.15","0.0337","0.224666666666667",0,0,0,NA,NA,""
3377,3381,94554,697,51,2025-05-04 21:58:29.99,2025-05-05 00:30:25.601,"1746395909.99","1746395909.99",2.53,2.53,-6.62e-11,129,128,129,127,NA,0.00714,"ppm",NA,NA,NA,NA,NA,0.00791,0.00013,0.02,8.08,0.133,0.51,NA,NA,NA,NA,NA,NA,NA,NA,NA,NA,NA,"0.15","0.0337","0.224666666666667",0,0,0,NA,NA,""
3377,3381,94555,698,52,2025-05-05 00:30:25.601,2025-05-05 03:02:20.448,"1746405025.601","1746405025.601",2.53,2.53,6.62e-11,132,130,132,129,NA,0.00513,"ppm",NA,NA,NA,NA,NA,0.00188,3.09e-05,0.00475,8.08,0.133,-1.22,NA,NA,NA,NA,NA,NA,NA,NA,NA,NA,NA,"0.15","0.0337","0.224666666666667",0,0,0,NA,NA,""
3377,3381,94556,699,53,2025-05-05 03:02:20.448,2025-05-05 05:34:15.273,"1746414140.448","1746414140.448",2.53,2.53,1.33e-15,134,133,134,132,NA,0.00494,"ppm",NA,NA,NA,NA,NA,0.00146,2.41e-05,0.0037,8.08,0.133,-1.99,NA,NA,NA,NA,NA,NA,NA,NA,NA,NA,NA,"0.15","0.0337","0.224666666666667",0,0,0,NA,NA,""
3377,3381,94557,700,54,2025-05-05 05:34:15.273,2025-05-05 08:06:09.992,"1746423255.273","1746423255.273",2.53,2.53,8.88e-16,137,135,137,134,NA,0.00526,"ppm",NA,NA,NA,NA,NA,0.00112,1.84e-05,0.00283,8.09,0.133,-0.25,NA,NA,NA,NA,NA,NA,NA,NA,NA,NA,NA,"0.15","0.0337","0.224666666666667",0,0,0,NA,NA,""
3378,3382,94558,701,1,2025-04-29 15:38:15.608,2025-04-29 18:10:13.796,"1745941095.608","1745941095.608",2.53,2.53,-3.55e-15,2.53,1.27,2.53,0,NA,0.137,"ppm",NA,NA,NA,NA,NA,2.04,0.0255,5.16,5.16,0.0647,17.8,NA,NA,NA,NA,NA,NA,NA,NA,NA,NA,NA,"0.15","0.0337","0.224666666666667",0,0,0,NA,NA,""
3378,3382,94559,702,2,2025-04-29 18:10:13.796,2025-04-29 20:42:10.936,"1745950213.796","1745950213.796",2.53,2.53,-6.62e-11,5.07,3.8,5.07,2.53,NA,0.0854,"ppm",NA,NA,NA,NA,NA,1.28,0.0161,3.24,8.4,0.105,15.5,NA,NA,NA,NA,NA,NA,NA,NA,NA,NA,NA,"0.15","0.0337","0.224666666666667",0,0,0,NA,NA,""
3378,3382,94560,703,3,2025-04-29 20:42:10.936,2025-04-29 23:14:07.648,"1745959330.936","1745959330.936",2.53,2.53,6.62e-11,7.6,6.33,7.6,5.07,NA,0.0419,"ppm",NA,NA,NA,NA,NA,0.805,0.0101,2.04,10.4,0.131,10.3,NA,NA,NA,NA,NA,NA,NA,NA,NA,NA,NA,"0.15","0.0337","0.224666666666667",0,0,0,NA,NA,""
3378,3382,94561,704,4,2025-04-29 23:14:07.648,2025-04-30 01:46:05.664,"1745968447.648","1745968447.648",2.53,2.53,8.88e-16,10.1,8.86,10.1,7.6,NA,0.038,"ppm",NA,NA,NA,NA,NA,0.499,0.00626,1.26,11.7,0.147,9.42,NA,NA,NA,NA,NA,NA,NA,NA,NA,NA,NA,"0.15","0.0337","0.224666666666667",0,0,0,NA,NA,""
3378,3382,94562,705,5,2025-04-30 01:46:05.664,2025-04-30 04:18:02.483,"1745977565.664","1745977565.664",2.53,2.53,-1.78e-15,12.7,11.4,12.7,10.1,NA,0.0281,"ppm",NA,NA,NA,NA,NA,0.343,0.0043,0.868,12.6,0.158,7.73,NA,NA,NA,NA,NA,NA,NA,NA,NA,NA,NA,"0.15","0.0337","0.224666666666667",0,0,0,NA,NA,""
3378,3382,94563,706,6,2025-04-30 04:18:02.483,2025-04-30 06:50:00.437,"1745986682.483","1745986682.483",2.53,2.53,-4.44e-16,15.2,13.9,15.2,12.7,NA,0.024,"ppm",NA,NA,NA,NA,NA,0.237,0.00298,0.601,13.2,0.165,7.7,NA,NA,NA,NA,NA,NA,NA,NA,NA,NA,NA,"0.15","0.0337","0.224666666666667",0,0,0,NA,NA,""
3378,3382,94564,707,7,2025-04-30 06:50:00.437,2025-04-30 09:21:56.973,"1745995800.437","1745995800.437",2.53,2.53,0,17.7,16.5,17.7,15.2,NA,0.0288,"ppm",NA,NA,NA,NA,NA,0.269,0.00338,0.682,13.9,0.174,11,NA,NA,NA,NA,NA,NA,NA,NA,NA,NA,NA,"0.15","0.0337","0.224666666666667",0,0,0,NA,NA,""
3378,3382,94565,708,8,2025-04-30 09:21:56.973,2025-04-30 11:53:52.249,"1746004916.973","1746004916.973",2.53,2.53,1.33e-15,20.3,19,20.3,17.7,NA,0.0299,"ppm",NA,NA,NA,NA,NA,0.307,0.00385,0.778,14.6,0.184,12.8,NA,NA,NA,NA,NA,NA,NA,NA,NA,NA,NA,"0.15","0.0337","0.224666666666667",0,0,0,NA,NA,""
3378,3382,94566,709,9,2025-04-30 11:53:52.249,2025-04-30 14:25:47.026,"1746014032.249","1746014032.249",2.53,2.53,5.33e-15,22.8,21.5,22.8,20.3,NA,0.0365,"ppm",NA,NA,NA,NA,NA,0.305,0.00382,0.771,15.4,0.193,14.7,NA,NA,NA,NA,NA,NA,NA,NA,NA,NA,NA,"0.15","0.0337","0.224666666666667",0,0,0,NA,NA,""
3378,3382,94567,710,10,2025-04-30 14:25:47.026,2025-04-30 16:57:41.884,"1746023147.026","1746023147.026",2.53,2.53,-6.62e-11,25.3,24.1,25.3,22.8,NA,0.0542,"ppm",NA,NA,NA,NA,NA,0.314,0.00393,0.794,16.2,0.203,15.7,NA,NA,NA,NA,NA,NA,NA,NA,NA,NA,NA,"0.15","0.0337","0.224666666666667",0,0,0,NA,NA,""
3378,3382,94568,711,11,2025-04-30 16:57:41.884,2025-04-30 19:29:37.23,"1746032261.884","1746032261.884",2.53,2.53,6.62e-11,27.9,26.6,27.9,25.3,NA,0.0488,"ppm",NA,NA,NA,NA,NA,0.289,0.00363,0.732,16.9,0.212,15.9,NA,NA,NA,NA,NA,NA,NA,NA,NA,NA,NA,"0.15","0.0337","0.224666666666667",0,0,0,NA,NA,""
3378,3382,94569,712,12,2025-04-30 19:29:37.23,2025-04-30 22:01:31.776,"1746041377.23","1746041377.23",2.53,2.53,-2.66e-15,30.4,29.1,30.4,27.9,NA,0.0324,"ppm",NA,NA,NA,NA,NA,0.223,0.0028,0.565,17.5,0.219,13.7,NA,NA,NA,NA,NA,NA,NA,NA,NA,NA,NA,"0.15","0.0337","0.224666666666667",0,0,0,NA,NA,""
3378,3382,94570,713,13,2025-04-30 22:01:31.776,2025-05-01 00:33:27.569,"1746050491.776","1746050491.776",2.53,2.53,-3.55e-15,32.9,31.7,32.9,30.4,NA,0.0186,"ppm",NA,NA,NA,NA,NA,0.126,0.00158,0.319,17.8,0.223,6.1,NA,NA,NA,NA,NA,NA,NA,NA,NA,NA,NA,"0.15","0.0337","0.224666666666667",0,0,0,NA,NA,""
3378,3382,94571,714,14,2025-05-01 00:33:27.569,2025-05-01 03:05:22.934,"1746059607.569","1746059607.569",2.53,2.53,-2.66e-15,35.5,34.2,35.5,32.9,NA,0.0121,"ppm",NA,NA,NA,NA,NA,0.0531,0.000666,0.134,18,0.225,3.58,NA,NA,NA,NA,NA,NA,NA,NA,NA,NA,NA,"0.15","0.0337","0.224666666666667",0,0,0,NA,NA,""
3378,3382,94572,715,15,2025-05-01 03:05:22.934,2025-05-01 05:37:16.46,"1746068722.934","1746068722.934",2.53,2.53,2.22e-15,38,36.7,38,35.5,NA,0.0119,"ppm",NA,NA,NA,NA,NA,0.0572,0.000717,0.145,18.1,0.227,3.5,NA,NA,NA,NA,NA,NA,NA,NA,NA,NA,NA,"0.15","0.0337","0.224666666666667",0,0,0,NA,NA,""
3378,3382,94573,716,16,2025-05-01 05:37:16.46,2025-05-01 08:09:12.157,"1746077836.46","1746077836.46",2.53,2.53,-3.11e-15,40.5,39.2,40.5,38,NA,0.0114,"ppm",NA,NA,NA,NA,NA,0.0586,0.000735,0.148,18.2,0.229,6.76,NA,NA,NA,NA,NA,NA,NA,NA,NA,NA,NA,"0.15","0.0337","0.224666666666667",0,0,0,NA,NA,""
3378,3382,94574,717,17,2025-05-01 08:09:12.157,2025-05-01 10:41:07.803,"1746086952.157","1746086952.157",2.53,2.53,2.66e-15,43,41.8,43,40.5,NA,0.0201,"ppm",NA,NA,NA,NA,NA,0.0999,0.00125,0.253,18.5,0.232,12.6,NA,NA,NA,NA,NA,NA,NA,NA,NA,NA,NA,"0.15","0.0337","0.224666666666667",0,0,0,NA,NA,""
3378,3382,94575,718,18,2025-05-01 10:41:07.803,2025-05-01 13:13:02.782,"1746096067.803","1746096067.803",2.53,2.53,-2.66e-15,45.6,44.3,45.6,43,NA,0.0374,"ppm",NA,NA,NA,NA,NA,0.161,0.00202,0.407,18.9,0.237,17,NA,NA,NA,NA,NA,NA,NA,NA,NA,NA,NA,"0.15","0.0337","0.224666666666667",0,0,0,NA,NA,""
3378,3382,94576,719,19,2025-05-01 13:13:02.782,2025-05-01 15:44:58.174,"1746105182.782","1746105182.782",2.53,2.53,3.11e-15,48.1,46.8,48.1,45.6,NA,0.0446,"ppm",NA,NA,NA,NA,NA,0.177,0.00222,0.449,19.4,0.243,19,NA,NA,NA,NA,NA,NA,NA,NA,NA,NA,NA,"0.15","0.0337","0.224666666666667",0,0,0,NA,NA,""
3378,3382,94577,720,20,2025-05-01 15:44:58.174,2025-05-01 18:16:52.966,"1746114298.174","1746114298.174",2.53,2.53,-1.33e-15,50.6,49.4,50.6,48.1,NA,0.0439,"ppm",NA,NA,NA,NA,NA,0.176,0.00221,0.446,19.8,0.248,18.4,NA,NA,NA,NA,NA,NA,NA,NA,NA,NA,NA,"0.15","0.0337","0.224666666666667",0,0,0,NA,NA,""
3378,3382,94578,721,21,2025-05-01 18:16:52.966,2025-05-01 20:48:47.805,"1746123412.966","1746123412.966",2.53,2.53,-6.62e-11,53.2,51.9,53.2,50.6,NA,0.0371,"ppm",NA,NA,NA,NA,NA,0.145,0.00181,0.366,20.2,0.253,16.5,NA,NA,NA,NA,NA,NA,NA,NA,NA,NA,NA,"0.15","0.0337","0.224666666666667",0,0,0,NA,NA,""
3378,3382,94579,722,22,2025-05-01 20:48:47.805,2025-05-01 23:20:43.122,"1746132527.805","1746132527.805",2.53,2.53,6.62e-11,55.7,54.4,55.7,53.2,NA,0.0259,"ppm",NA,NA,NA,NA,NA,0.0861,0.00108,0.218,20.4,0.256,11.9,NA,NA,NA,NA,NA,NA,NA,NA,NA,NA,NA,"0.15","0.0337","0.224666666666667",0,0,0,NA,NA,""
3378,3382,94580,723,23,2025-05-01 23:20:43.122,2025-05-02 01:52:37.378,"1746141643.122","1746141643.122",2.53,2.53,-4e-15,58.2,57,58.2,55.7,NA,0.0184,"ppm",NA,NA,NA,NA,NA,0.0435,0.000545,0.11,20.5,0.257,11.6,NA,NA,NA,NA,NA,NA,NA,NA,NA,NA,NA,"0.15","0.0337","0.224666666666667",0,0,0,NA,NA,""
3378,3382,94581,724,24,2025-05-02 01:52:37.378,2025-05-02 04:24:32.95,"1746150757.378","1746150757.378",2.53,2.53,-8.88e-16,60.8,59.5,60.8,58.2,NA,0.0186,"ppm",NA,NA,NA,NA,NA,0.0443,0.000555,0.112,20.6,0.258,11.4,NA,NA,NA,NA,NA,NA,NA,NA,NA,NA,NA,"0.15","0.0337","0.224666666666667",0,0,0,NA,NA,""
3378,3382,94582,725,25,2025-05-02 04:24:32.95,2025-05-02 06:56:28.638,"1746159872.95","1746159872.95",2.53,2.53,8.88e-16,63.3,62,63.3,60.8,NA,0.0192,"ppm",NA,NA,NA,NA,NA,0.0519,0.000651,0.131,20.7,0.26,11.6,NA,NA,NA,NA,NA,NA,NA,NA,NA,NA,NA,"0.15","0.0337","0.224666666666667",0,0,0,NA,NA,""
3378,3382,94583,726,26,2025-05-02 06:56:28.638,2025-05-02 09:28:24.098,"1746168988.638","1746168988.638",2.53,2.53,1.33e-15,65.8,64.6,65.8,63.3,NA,0.0206,"ppm",NA,NA,NA,NA,NA,0.0574,0.00072,0.145,20.9,0.262,11.5,NA,NA,NA,NA,NA,NA,NA,NA,NA,NA,NA,"0.15","0.0337","0.224666666666667",0,0,0,NA,NA,""
3378,3382,94584,727,27,2025-05-02 09:28:24.098,2025-05-02 12:00:19.141,"1746178104.098","1746178104.098",2.53,2.53,-4.44e-16,68.4,67.1,68.4,65.8,NA,0.0205,"ppm",NA,NA,NA,NA,NA,0.0615,0.000772,0.156,21,0.264,10.9,NA,NA,NA,NA,NA,NA,NA,NA,NA,NA,NA,"0.15","0.0337","0.224666666666667",0,0,0,NA,NA,""
3378,3382,94585,728,28,2025-05-02 12:00:19.141,2025-05-02 14:32:14.26,"1746187219.141","1746187219.141",2.53,2.53,-4e-15,70.9,69.6,70.9,68.4,NA,0.025,"ppm",NA,NA,NA,NA,NA,0.0936,0.00117,0.237,21.3,0.267,13.3,NA,NA,NA,NA,NA,NA,NA,NA,NA,NA,NA,"0.15","0.0337","0.224666666666667",0,0,0,NA,NA,""
3378,3382,94586,729,29,2025-05-02 14:32:14.26,2025-05-02 17:04:10.049,"1746196334.26","1746196334.26",2.53,2.53,1.78e-15,73.4,72.2,73.4,70.9,NA,0.03,"ppm",NA,NA,NA,NA,NA,0.119,0.0015,0.302,21.6,0.271,14.2,NA,NA,NA,NA,NA,NA,NA,NA,NA,NA,NA,"0.15","0.0337","0.224666666666667",0,0,0,NA,NA,""
3378,3382,94587,730,30,2025-05-02 17:04:10.049,2025-05-02 19:36:04.609,"1746205450.049","1746205450.049",2.53,2.53,2.22e-15,76,74.7,76,73.4,NA,0.0275,"ppm",NA,NA,NA,NA,NA,0.107,0.00135,0.272,21.8,0.274,14.6,NA,NA,NA,NA,NA,NA,NA,NA,NA,NA,NA,"0.15","0.0337","0.224666666666667",0,0,0,NA,NA,""
3378,3382,94588,731,31,2025-05-02 19:36:04.609,2025-05-02 22:07:59.114,"1746214564.609","1746214564.609",2.53,2.53,-6.62e-11,78.5,77.2,78.5,76,NA,0.02,"ppm",NA,NA,NA,NA,NA,0.0782,0.00098,0.198,22,0.276,11.5,NA,NA,NA,NA,NA,NA,NA,NA,NA,NA,NA,"0.15","0.0337","0.224666666666667",0,0,0,NA,NA,""
3378,3382,94589,732,32,2025-05-02 22:07:59.114,2025-05-03 00:39:56.121,"1746223679.114","1746223679.114",2.53,2.53,6.62e-11,81,79.8,81,78.5,NA,0.0134,"ppm",NA,NA,NA,NA,NA,0.0415,0.000521,0.105,22.2,0.278,8.47,NA,NA,NA,NA,NA,NA,NA,NA,NA,NA,NA,"0.15","0.0337","0.224666666666667",0,0,0,NA,NA,""
3378,3382,94590,733,33,2025-05-03 00:39:56.121,2025-05-03 03:11:51.007,"1746232796.121","1746232796.121",2.53,2.53,4.44e-15,83.6,82.3,83.6,81,NA,0.0117,"ppm",NA,NA,NA,NA,NA,0.0228,0.000286,0.0577,22.2,0.278,6.47,NA,NA,NA,NA,NA,NA,NA,NA,NA,NA,NA,"0.15","0.0337","0.224666666666667",0,0,0,NA,NA,""
3378,3382,94591,734,34,2025-05-03 03:11:51.007,2025-05-03 05:43:44.993,"1746241911.007","1746241911.007",2.53,2.53,-2.22e-15,86.1,84.8,86.1,83.6,NA,0.0107,"ppm",NA,NA,NA,NA,NA,0.0166,0.000208,0.042,22.3,0.279,5.03,NA,NA,NA,NA,NA,NA,NA,NA,NA,NA,NA,"0.15","0.0337","0.224666666666667",0,0,0,NA,NA,""
3378,3382,94592,735,35,2025-05-03 05:43:44.993,2025-05-03 08:15:41.358,"1746251024.993","1746251024.993",2.53,2.53,-4.44e-16,88.6,87.4,88.6,86.1,NA,0.011,"ppm",NA,NA,NA,NA,NA,0.0164,0.000206,0.0416,22.3,0.28,6.26,NA,NA,NA,NA,NA,NA,NA,NA,NA,NA,NA,"0.15","0.0337","0.224666666666667",0,0,0,NA,NA,""
3378,3382,94593,736,36,2025-05-03 08:15:41.358,2025-05-03 10:47:36.651,"1746260141.358","1746260141.358",2.53,2.53,5.33e-15,91.2,89.9,91.2,88.6,NA,0.0155,"ppm",NA,NA,NA,NA,NA,0.0427,0.000535,0.108,22.4,0.281,9.11,NA,NA,NA,NA,NA,NA,NA,NA,NA,NA,NA,"0.15","0.0337","0.224666666666667",0,0,0,NA,NA,""
3378,3382,94594,737,37,2025-05-03 10:47:36.651,2025-05-03 13:19:31.184,"1746269256.651","1746269256.651",2.53,2.53,-3.11e-15,93.7,92.4,93.7,91.2,NA,0.0261,"ppm",NA,NA,NA,NA,NA,0.082,0.00103,0.208,22.6,0.283,13.1,NA,NA,NA,NA,NA,NA,NA,NA,NA,NA,NA,"0.15","0.0337","0.224666666666667",0,0,0,NA,NA,""
3378,3382,94595,738,38,2025-05-03 13:19:31.184,2025-05-03 15:51:26.296,"1746278371.184","1746278371.184",2.53,2.53,3.55e-15,96.2,95,96.2,93.7,NA,0.0312,"ppm",NA,NA,NA,NA,NA,0.0814,0.00102,0.206,22.8,0.286,13.9,NA,NA,NA,NA,NA,NA,NA,NA,NA,NA,NA,"0.15","0.0337","0.224666666666667",0,0,0,NA,NA,""
3378,3382,94596,739,39,2025-05-03 15:51:26.296,2025-05-03 18:23:21.676,"1746287486.296","1746287486.296",2.53,2.53,8.88e-16,98.8,97.5,98.8,96.2,NA,0.0287,"ppm",NA,NA,NA,NA,NA,0.0647,0.000812,0.164,23,0.288,13.5,NA,NA,NA,NA,NA,NA,NA,NA,NA,NA,NA,"0.15","0.0337","0.224666666666667",0,0,0,NA,NA,""
3378,3382,94597,740,40,2025-05-03 18:23:21.676,2025-05-03 20:55:15.769,"1746296601.676","1746296601.676",2.53,2.53,4e-15,101,100,101,98.8,NA,0.0226,"ppm",NA,NA,NA,NA,NA,0.0551,0.000691,0.14,23.1,0.29,12.9,NA,NA,NA,NA,NA,NA,NA,NA,NA,NA,NA,"0.15","0.0337","0.224666666666667",0,0,0,NA,NA,""
3378,3382,94598,741,41,2025-05-03 20:55:15.769,2025-05-03 23:27:11.559,"1746305715.769","1746305715.769",2.53,2.53,-2.66e-15,104,103,104,101,NA,0.0146,"ppm",NA,NA,NA,NA,NA,0.0354,0.000444,0.0896,23.2,0.291,9.08,NA,NA,NA,NA,NA,NA,NA,NA,NA,NA,NA,"0.15","0.0337","0.224666666666667",0,0,0,NA,NA,""
3378,3382,94599,742,42,2025-05-03 23:27:11.559,2025-05-04 01:59:06.907,"1746314831.559","1746314831.559",2.53,2.53,3.55e-15,106,105,106,104,NA,0.0113,"ppm",NA,NA,NA,NA,NA,0.0197,0.000247,0.0498,23.3,0.292,7.28,NA,NA,NA,NA,NA,NA,NA,NA,NA,NA,NA,"0.15","0.0337","0.224666666666667",0,0,0,NA,NA,""
3378,3382,94600,743,43,2025-05-04 01:59:06.907,2025-05-04 04:31:02.828,"1746323946.907","1746323946.907",2.53,2.53,2.66e-15,109,108,109,106,NA,0.00964,"ppm",NA,NA,NA,NA,NA,0.0169,0.000211,0.0427,23.3,0.292,7,NA,NA,NA,NA,NA,NA,NA,NA,NA,NA,NA,"0.15","0.0337","0.224666666666667",0,0,0,NA,NA,""
3378,3382,94601,744,44,2025-05-04 04:31:02.828,2025-05-04 07:02:57.95,"1746333062.828","1746333062.828",2.53,2.53,4.89e-15,111,110,111,109,NA,0.00952,"ppm",NA,NA,NA,NA,NA,0.0256,0.000321,0.0649,23.4,0.293,6.43,NA,NA,NA,NA,NA,NA,NA,NA,NA,NA,NA,"0.15","0.0337","0.224666666666667",0,0,0,NA,NA,""
3378,3382,94602,745,45,2025-05-04 07:02:57.95,2025-05-04 09:34:52.808,"1746342177.95","1746342177.95",2.53,2.53,3.55e-15,114,113,114,111,NA,0.00854,"ppm",NA,NA,NA,NA,NA,0.0327,0.00041,0.0828,23.4,0.294,5.12,NA,NA,NA,NA,NA,NA,NA,NA,NA,NA,NA,"0.15","0.0337","0.224666666666667",0,0,0,NA,NA,""
3378,3382,94603,746,46,2025-05-04 09:34:52.808,2025-05-04 12:06:49.002,"1746351292.808","1746351292.808",2.53,2.53,-6.62e-11,116,115,116,114,NA,0.0111,"ppm",NA,NA,NA,NA,NA,0.0371,0.000465,0.094,23.5,0.295,5.42,NA,NA,NA,NA,NA,NA,NA,NA,NA,NA,NA,"0.15","0.0337","0.224666666666667",0,0,0,NA,NA,""
3378,3382,94604,747,47,2025-05-04 12:06:49.002,2025-05-04 14:38:42.697,"1746360409.002","1746360409.002",2.53,2.53,6.62e-11,119,118,119,116,NA,0.0171,"ppm",NA,NA,NA,NA,NA,0.0544,0.000683,0.138,23.7,0.297,7.72,NA,NA,NA,NA,NA,NA,NA,NA,NA,NA,NA,"0.15","0.0337","0.224666666666667",0,0,0,NA,NA,""
3378,3382,94605,748,48,2025-05-04 14:38:42.697,2025-05-04 17:10:38.545,"1746369522.697","1746369522.697",2.53,2.53,4.89e-15,122,120,122,119,NA,0.0224,"ppm",NA,NA,NA,NA,NA,0.0627,0.000786,0.159,23.8,0.299,9.11,NA,NA,NA,NA,NA,NA,NA,NA,NA,NA,NA,"0.15","0.0337","0.224666666666667",0,0,0,NA,NA,""
3378,3382,94606,749,49,2025-05-04 17:10:38.545,2025-05-04 19:42:34.048,"1746378638.545","1746378638.545",2.53,2.53,-6.62e-11,124,123,124,122,NA,0.0195,"ppm",NA,NA,NA,NA,NA,0.0531,0.000666,0.135,24,0.301,9.15,NA,NA,NA,NA,NA,NA,NA,NA,NA,NA,NA,"0.15","0.0337","0.224666666666667",0,0,0,NA,NA,""
3378,3382,94607,750,50,2025-05-04 19:42:34.048,2025-05-04 22:14:29.296,"1746387754.048","1746387754.048",2.53,2.53,6.62e-11,127,125,127,124,NA,0.0132,"ppm",NA,NA,NA,NA,NA,0.0382,0.000478,0.0966,24.1,0.302,7.27,NA,NA,NA,NA,NA,NA,NA,NA,NA,NA,NA,"0.15","0.0337","0.224666666666667",0,0,0,NA,NA,""
3378,3382,94608,751,51,2025-05-04 22:14:29.296,2025-05-05 00:46:24.552,"1746396869.296","1746396869.296",2.53,2.53,-1.78e-15,129,128,129,127,NA,0.00714,"ppm",NA,NA,NA,NA,NA,0.0177,0.000222,0.0449,24.1,0.302,0.51,NA,NA,NA,NA,NA,NA,NA,NA,NA,NA,NA,"0.15","0.0337","0.224666666666667",0,0,0,NA,NA,""
3378,3382,94609,752,52,2025-05-05 00:46:24.552,2025-05-05 03:18:19.259,"1746405984.552","1746405984.552",2.53,2.53,-6.62e-11,132,130,132,129,NA,0.00513,"ppm",NA,NA,NA,NA,NA,0.00627,7.86e-05,0.0159,24.1,0.303,-1.22,NA,NA,NA,NA,NA,NA,NA,NA,NA,NA,NA,"0.15","0.0337","0.224666666666667",0,0,0,NA,NA,""
3378,3382,94610,753,53,2025-05-05 03:18:19.259,2025-05-05 05:50:14.101,"1746415099.259","1746415099.259",2.53,2.53,5.33e-15,134,133,134,132,NA,0.00494,"ppm",NA,NA,NA,NA,NA,0.00643,8.06e-05,0.0163,24.1,0.303,-1.99,NA,NA,NA,NA,NA,NA,NA,NA,NA,NA,NA,"0.15","0.0337","0.224666666666667",0,0,0,NA,NA,""
3378,3382,94611,754,54,2025-05-05 05:50:14.101,2025-05-05 08:22:09.826,"1746424214.101","1746424214.101",2.53,2.53,6.62e-11,137,135,137,134,NA,0.00526,"ppm",NA,NA,NA,NA,NA,0.00718,9e-05,0.0182,24.2,0.303,-0.25,NA,NA,NA,NA,NA,NA,NA,NA,NA,NA,NA,"0.15","0.0337","0.224666666666667",0,0,0,NA,NA,""
3379,3383,94612,755,1,2025-04-29 15:54:16.016,2025-04-29 18:26:14.694,"1745942056.016","1745942056.016",2.53,2.53,-4e-15,2.53,1.27,2.53,0,NA,0.137,"ppm",NA,NA,NA,NA,NA,1.62,0.0203,4.11,4.11,0.0515,17.8,NA,NA,NA,NA,NA,NA,NA,NA,NA,NA,NA,"0.15","0.0337","0.224666666666667",0,0,0,NA,NA,""
3379,3383,94613,756,2,2025-04-29 18:26:14.694,2025-04-29 20:58:10.405,"1745951174.694","1745951174.694",2.53,2.53,2.22e-15,5.07,3.8,5.07,2.53,NA,0.0854,"ppm",NA,NA,NA,NA,NA,1.11,0.0139,2.8,6.91,0.0867,15.5,NA,NA,NA,NA,NA,NA,NA,NA,NA,NA,NA,"0.15","0.0337","0.224666666666667",0,0,0,NA,NA,""
3379,3383,94614,757,3,2025-04-29 20:58:10.405,2025-04-29 23:30:07.762,"1745960290.405","1745960290.405",2.53,2.53,4e-15,7.6,6.33,7.6,5.07,NA,0.0419,"ppm",NA,NA,NA,NA,NA,0.642,0.00805,1.63,8.54,0.107,10.3,NA,NA,NA,NA,NA,NA,NA,NA,NA,NA,NA,"0.15","0.0337","0.224666666666667",0,0,0,NA,NA,""
3379,3383,94615,758,4,2025-04-29 23:30:07.762,2025-04-30 02:02:04.355,"1745969407.762","1745969407.762",2.53,2.53,-4.44e-16,10.1,8.86,10.1,7.6,NA,0.038,"ppm",NA,NA,NA,NA,NA,0.358,0.00449,0.906,9.44,0.118,8.68,NA,NA,NA,NA,NA,NA,NA,NA,NA,NA,NA,"0.15","0.0337","0.224666666666667",0,0,0,NA,NA,""
3379,3383,94616,759,5,2025-04-30 02:02:04.355,2025-04-30 04:34:01.934,"1745978524.355","1745978524.355",2.53,2.53,-3.55e-15,12.7,11.4,12.7,10.1,NA,0.0281,"ppm",NA,NA,NA,NA,NA,0.255,0.0032,0.646,10.1,0.127,7.73,NA,NA,NA,NA,NA,NA,NA,NA,NA,NA,NA,"0.15","0.0337","0.224666666666667",0,0,0,NA,NA,""
3379,3383,94617,760,6,2025-04-30 04:34:01.934,2025-04-30 07:06:00.236,"1745987641.934","1745987641.934",2.53,2.53,-2.22e-15,15.2,13.9,15.2,12.7,NA,0.024,"ppm",NA,NA,NA,NA,NA,0.166,0.00208,0.419,10.5,0.132,8.02,NA,NA,NA,NA,NA,NA,NA,NA,NA,NA,NA,"0.15","0.0337","0.224666666666667",0,0,0,NA,NA,""
3379,3383,94618,761,7,2025-04-30 07:06:00.236,2025-04-30 09:37:55.795,"1745996760.236","1745996760.236",2.53,2.53,-8.88e-16,17.7,16.5,17.7,15.2,NA,0.0288,"ppm",NA,NA,NA,NA,NA,0.19,0.00238,0.481,11,0.138,11,NA,NA,NA,NA,NA,NA,NA,NA,NA,NA,NA,"0.15","0.0337","0.224666666666667",0,0,0,NA,NA,""
3379,3383,94619,762,8,2025-04-30 09:37:55.795,2025-04-30 12:09:51.426,"1746005875.795","1746005875.795",2.53,2.53,1.78e-15,20.3,19,20.3,17.7,NA,0.0299,"ppm",NA,NA,NA,NA,NA,0.243,0.00304,0.614,11.6,0.146,13.6,NA,NA,NA,NA,NA,NA,NA,NA,NA,NA,NA,"0.15","0.0337","0.224666666666667",0,0,0,NA,NA,""
3379,3383,94620,763,9,2025-04-30 12:09:51.426,2025-04-30 14:41:46.996,"1746014991.426","1746014991.426",2.53,2.53,-4e-15,22.8,21.5,22.8,20.3,NA,0.0365,"ppm",NA,NA,NA,NA,NA,0.276,0.00347,0.7,12.3,0.154,14.7,NA,NA,NA,NA,NA,NA,NA,NA,NA,NA,NA,"0.15","0.0337","0.224666666666667",0,0,0,NA,NA,""
3379,3383,94621,764,10,2025-04-30 14:41:46.996,2025-04-30 17:13:40.703,"1746024106.996","1746024106.996",2.53,2.53,4e-15,25.3,24.1,25.3,22.8,NA,0.0542,"ppm",NA,NA,NA,NA,NA,0.276,0.00346,0.698,13,0.163,16.4,NA,NA,NA,NA,NA,NA,NA,NA,NA,NA,NA,"0.15","0.0337","0.224666666666667",0,0,0,NA,NA,""
3379,3383,94622,765,11,2025-04-30 17:13:40.703,2025-04-30 19:45:36.181,"1746033220.703","1746033220.703",2.53,2.53,8.88e-16,27.9,26.6,27.9,25.3,NA,0.0488,"ppm",NA,NA,NA,NA,NA,0.231,0.00289,0.584,13.6,0.17,15.9,NA,NA,NA,NA,NA,NA,NA,NA,NA,NA,NA,"0.15","0.0337","0.224666666666667",0,0,0,NA,NA,""
3379,3383,94623,766,12,2025-04-30 19:45:36.181,2025-04-30 22:17:31.69,"1746042336.181","1746042336.181",2.53,2.53,2.66e-15,30.4,29.1,30.4,27.9,NA,0.0324,"ppm",NA,NA,NA,NA,NA,0.176,0.0022,0.444,14,0.176,10.6,NA,NA,NA,NA,NA,NA,NA,NA,NA,NA,NA,"0.15","0.0337","0.224666666666667",0,0,0,NA,NA,""
3379,3383,94624,767,13,2025-04-30 22:17:31.69,2025-05-01 00:49:26.566,"1746051451.69","1746051451.69",2.53,2.53,3.55e-15,32.9,31.7,32.9,30.4,NA,0.0186,"ppm",NA,NA,NA,NA,NA,0.0942,0.00118,0.239,14.3,0.179,6.1,NA,NA,NA,NA,NA,NA,NA,NA,NA,NA,NA,"0.15","0.0337","0.224666666666667",0,0,0,NA,NA,""
3379,3383,94625,768,14,2025-05-01 00:49:26.566,2025-05-01 03:21:21.924,"1746060566.566","1746060566.566",2.53,2.53,4.89e-15,35.5,34.2,35.5,32.9,NA,0.0121,"ppm",NA,NA,NA,NA,NA,0.0373,0.000467,0.0944,14.4,0.18,3.58,NA,NA,NA,NA,NA,NA,NA,NA,NA,NA,NA,"0.15","0.0337","0.224666666666667",0,0,0,NA,NA,""
3379,3383,94626,769,15,2025-05-01 03:21:21.924,2025-05-01 05:53:17.191,"1746069681.924","1746069681.924",2.53,2.53,5.33e-15,38,36.7,38,35.5,NA,0.0119,"ppm",NA,NA,NA,NA,NA,0.0376,0.000471,0.0951,14.5,0.181,3.5,NA,NA,NA,NA,NA,NA,NA,NA,NA,NA,NA,"0.15","0.0337","0.224666666666667",0,0,0,NA,NA,""
3379,3383,94627,770,16,2025-05-01 05:53:17.191,2025-05-01 08:25:12.322,"1746078797.191","1746078797.191",2.53,2.53,4.44e-16,40.5,39.2,40.5,38,NA,0.0114,"ppm",NA,NA,NA,NA,NA,0.0414,0.000519,0.105,14.6,0.183,6.76,NA,NA,NA,NA,NA,NA,NA,NA,NA,NA,NA,"0.15","0.0337","0.224666666666667",0,0,0,NA,NA,""
3379,3383,94628,771,17,2025-05-01 08:25:12.322,2025-05-01 10:57:07.953,"1746087912.322","1746087912.322",2.53,2.53,1.78e-15,43,41.8,43,40.5,NA,0.0201,"ppm",NA,NA,NA,NA,NA,0.0895,0.00112,0.227,14.8,0.185,12.6,NA,NA,NA,NA,NA,NA,NA,NA,NA,NA,NA,"0.15","0.0337","0.224666666666667",0,0,0,NA,NA,""
3379,3383,94629,772,18,2025-05-01 10:57:07.953,2025-05-01 13:29:02.371,"1746097027.953","1746097027.953",2.53,2.53,8.88e-16,45.6,44.3,45.6,43,NA,0.0374,"ppm",NA,NA,NA,NA,NA,0.158,0.00198,0.399,15.2,0.19,17,NA,NA,NA,NA,NA,NA,NA,NA,NA,NA,NA,"0.15","0.0337","0.224666666666667",0,0,0,NA,NA,""
3379,3383,94630,773,19,2025-05-01 13:29:02.371,2025-05-01 16:00:58.164,"1746106142.371","1746106142.371",2.53,2.53,-3.55e-15,48.1,46.8,48.1,45.6,NA,0.0446,"ppm",NA,NA,NA,NA,NA,0.177,0.00222,0.449,15.6,0.196,19,NA,NA,NA,NA,NA,NA,NA,NA,NA,NA,NA,"0.15","0.0337","0.224666666666667",0,0,0,NA,NA,""
3379,3383,94631,774,20,2025-05-01 16:00:58.164,2025-05-01 18:32:53.015,"1746115258.164","1746115258.164",2.53,2.53,-6.62e-11,50.6,49.4,50.6,48.1,NA,0.0439,"ppm",NA,NA,NA,NA,NA,0.172,0.00215,0.435,16.1,0.202,18.4,NA,NA,NA,NA,NA,NA,NA,NA,NA,NA,NA,"0.15","0.0337","0.224666666666667",0,0,0,NA,NA,""
3379,3383,94632,775,21,2025-05-01 18:32:53.015,2025-05-01 21:04:47.737,"1746124373.015","1746124373.015",2.53,2.53,6.62e-11,53.2,51.9,53.2,50.6,NA,0.0371,"ppm",NA,NA,NA,NA,NA,0.145,0.00182,0.367,16.4,0.206,15.6,NA,NA,NA,NA,NA,NA,NA,NA,NA,NA,NA,"0.15","0.0337","0.224666666666667",0,0,0,NA,NA,""
3379,3383,94633,776,22,2025-05-01 21:04:47.737,2025-05-01 23:36:42.319,"1746133487.737","1746133487.737",2.53,2.53,-1.33e-15,55.7,54.4,55.7,53.2,NA,0.0259,"ppm",NA,NA,NA,NA,NA,0.0883,0.00111,0.224,16.7,0.209,11.9,NA,NA,NA,NA,NA,NA,NA,NA,NA,NA,NA,"0.15","0.0337","0.224666666666667",0,0,0,NA,NA,""
3379,3383,94634,777,23,2025-05-01 23:36:42.319,2025-05-02 02:08:37.756,"1746142602.319","1746142602.319",2.53,2.53,0,58.2,57,58.2,55.7,NA,0.0184,"ppm",NA,NA,NA,NA,NA,0.0454,0.00057,0.115,16.8,0.21,11.6,NA,NA,NA,NA,NA,NA,NA,NA,NA,NA,NA,"0.15","0.0337","0.224666666666667",0,0,0,NA,NA,""
3379,3383,94635,778,24,2025-05-02 02:08:37.756,2025-05-02 04:40:31.516,"1746151717.756","1746151717.756",2.53,2.53,-8.88e-16,60.8,59.5,60.8,58.2,NA,0.0186,"ppm",NA,NA,NA,NA,NA,0.0443,0.000555,0.112,16.9,0.212,11.4,NA,NA,NA,NA,NA,NA,NA,NA,NA,NA,NA,"0.15","0.0337","0.224666666666667",0,0,0,NA,NA,""
3379,3383,94636,779,25,2025-05-02 04:40:31.516,2025-05-02 07:12:28.117,"1746160831.516","1746160831.516",2.53,2.53,0,63.3,62,63.3,60.8,NA,0.0192,"ppm",NA,NA,NA,NA,NA,0.0476,0.000597,0.121,17,0.213,11.7,NA,NA,NA,NA,NA,NA,NA,NA,NA,NA,NA,"0.15","0.0337","0.224666666666667",0,0,0,NA,NA,""
3379,3383,94637,780,26,2025-05-02 07:12:28.117,2025-05-02 09:44:23.098,"1746169948.117","1746169948.117",2.53,2.53,-1.78e-15,65.8,64.6,65.8,63.3,NA,0.0206,"ppm",NA,NA,NA,NA,NA,0.0501,0.000629,0.127,17.1,0.215,11.5,NA,NA,NA,NA,NA,NA,NA,NA,NA,NA,NA,"0.15","0.0337","0.224666666666667",0,0,0,NA,NA,""
3379,3383,94638,781,27,2025-05-02 09:44:23.098,2025-05-02 12:16:18.454,"1746179063.098","1746179063.098",2.53,2.53,1.78e-15,68.4,67.1,68.4,65.8,NA,0.0205,"ppm",NA,NA,NA,NA,NA,0.0572,0.000717,0.145,17.3,0.217,11.6,NA,NA,NA,NA,NA,NA,NA,NA,NA,NA,NA,"0.15","0.0337","0.224666666666667",0,0,0,NA,NA,""
3379,3383,94639,782,28,2025-05-02 12:16:18.454,2025-05-02 14:48:14.244,"1746188178.454","1746188178.454",2.53,2.53,-2.66e-15,70.9,69.6,70.9,68.4,NA,0.025,"ppm",NA,NA,NA,NA,NA,0.1,0.00126,0.254,17.5,0.22,13.3,NA,NA,NA,NA,NA,NA,NA,NA,NA,NA,NA,"0.15","0.0337","0.224666666666667",0,0,0,NA,NA,""
3379,3383,94640,783,29,2025-05-02 14:48:14.244,2025-05-02 17:20:09.609,"1746197294.244","1746197294.244",2.53,2.53,-2.66e-15,73.4,72.2,73.4,70.9,NA,0.03,"ppm",NA,NA,NA,NA,NA,0.124,0.00155,0.314,17.8,0.224,14.2,NA,NA,NA,NA,NA,NA,NA,NA,NA,NA,NA,"0.15","0.0337","0.224666666666667",0,0,0,NA,NA,""
3379,3383,94641,784,30,2025-05-02 17:20:09.609,2025-05-02 19:52:04.444,"1746206409.609","1746206409.609",2.53,2.53,2.66e-15,76,74.7,76,73.4,NA,0.0275,"ppm",NA,NA,NA,NA,NA,0.103,0.0013,0.262,18.1,0.227,14.6,NA,NA,NA,NA,NA,NA,NA,NA,NA,NA,NA,"0.15","0.0337","0.224666666666667",0,0,0,NA,NA,""
3379,3383,94642,785,31,2025-05-02 19:52:04.444,2025-05-02 22:23:58.878,"1746215524.444","1746215524.444",2.53,2.53,-8.88e-16,78.5,77.2,78.5,76,NA,0.02,"ppm",NA,NA,NA,NA,NA,0.0736,0.000922,0.186,18.3,0.229,11.5,NA,NA,NA,NA,NA,NA,NA,NA,NA,NA,NA,"0.15","0.0337","0.224666666666667",0,0,0,NA,NA,""
3379,3383,94643,786,32,2025-05-02 22:23:58.878,2025-05-03 00:55:54.79,"1746224638.878","1746224638.878",2.53,2.53,-3.55e-15,81,79.8,81,78.5,NA,0.0134,"ppm",NA,NA,NA,NA,NA,0.0376,0.000471,0.0951,18.4,0.231,8.47,NA,NA,NA,NA,NA,NA,NA,NA,NA,NA,NA,"0.15","0.0337","0.224666666666667",0,0,0,NA,NA,""
3379,3383,94644,787,33,2025-05-03 00:55:54.79,2025-05-03 03:27:50.318,"1746233754.79","1746233754.79",2.53,2.53,-6.62e-11,83.6,82.3,83.6,81,NA,0.0117,"ppm",NA,NA,NA,NA,NA,0.0206,0.000258,0.0521,18.4,0.231,6.47,NA,NA,NA,NA,NA,NA,NA,NA,NA,NA,NA,"0.15","0.0337","0.224666666666667",0,0,0,NA,NA,""
3379,3383,94645,788,34,2025-05-03 03:27:50.318,2025-05-03 05:59:45.059,"1746242870.318","1746242870.318",2.53,2.53,6.62e-11,86.1,84.8,86.1,83.6,NA,0.0107,"ppm",NA,NA,NA,NA,NA,0.0146,0.000183,0.037,18.5,0.232,5.03,NA,NA,NA,NA,NA,NA,NA,NA,NA,NA,NA,"0.15","0.0337","0.224666666666667",0,0,0,NA,NA,""
3379,3383,94646,789,35,2025-05-03 05:59:45.059,2025-05-03 08:31:39.924,"1746251985.059","1746251985.059",2.53,2.53,-3.55e-15,88.6,87.4,88.6,86.1,NA,0.011,"ppm",NA,NA,NA,NA,NA,0.0169,0.000211,0.0427,18.5,0.232,6.26,NA,NA,NA,NA,NA,NA,NA,NA,NA,NA,NA,"0.15","0.0337","0.224666666666667",0,0,0,NA,NA,""
3379,3383,94647,790,36,2025-05-03 08:31:39.924,2025-05-03 11:03:35.605,"1746261099.924","1746261099.924",2.53,2.53,-1.78e-15,91.2,89.9,91.2,88.6,NA,0.0155,"ppm",NA,NA,NA,NA,NA,0.0537,0.000674,0.136,18.7,0.234,10.8,NA,NA,NA,NA,NA,NA,NA,NA,NA,NA,NA,"0.15","0.0337","0.224666666666667",0,0,0,NA,NA,""
3379,3383,94648,791,37,2025-05-03 11:03:35.605,2025-05-03 13:35:30.953,"1746270215.605","1746270215.605",2.53,2.53,3.55e-15,93.7,92.4,93.7,91.2,NA,0.0261,"ppm",NA,NA,NA,NA,NA,0.102,0.00129,0.26,18.9,0.237,13.1,NA,NA,NA,NA,NA,NA,NA,NA,NA,NA,NA,"0.15","0.0337","0.224666666666667",0,0,0,NA,NA,""
3379,3383,94649,792,38,2025-05-03 13:35:30.953,2025-05-03 16:07:25.336,"1746279330.953","1746279330.953",2.53,2.53,4.44e-15,96.2,95,96.2,93.7,NA,0.0312,"ppm",NA,NA,NA,NA,NA,0.111,0.00139,0.282,19.2,0.241,14.3,NA,NA,NA,NA,NA,NA,NA,NA,NA,NA,NA,"0.15","0.0337","0.224666666666667",0,0,0,NA,NA,""
3379,3383,94650,793,39,2025-05-03 16:07:25.336,2025-05-03 18:39:20.242,"1746288445.336","1746288445.336",2.53,2.53,-4.44e-16,98.8,97.5,98.8,96.2,NA,0.0287,"ppm",NA,NA,NA,NA,NA,0.0926,0.00116,0.234,19.4,0.244,13.5,NA,NA,NA,NA,NA,NA,NA,NA,NA,NA,NA,"0.15","0.0337","0.224666666666667",0,0,0,NA,NA,""
3379,3383,94651,794,40,2025-05-03 18:39:20.242,2025-05-03 21:11:16.24,"1746297560.242","1746297560.242",2.53,2.53,4.44e-15,101,100,101,98.8,NA,0.0226,"ppm",NA,NA,NA,NA,NA,0.0609,0.000763,0.154,19.6,0.246,12,NA,NA,NA,NA,NA,NA,NA,NA,NA,NA,NA,"0.15","0.0337","0.224666666666667",0,0,0,NA,NA,""
3379,3383,94652,795,41,2025-05-03 21:11:16.24,2025-05-03 23:43:11.273,"1746306676.24","1746306676.24",2.53,2.53,-1.78e-15,104,103,104,101,NA,0.0146,"ppm",NA,NA,NA,NA,NA,0.0323,0.000405,0.0818,19.7,0.247,9.08,NA,NA,NA,NA,NA,NA,NA,NA,NA,NA,NA,"0.15","0.0337","0.224666666666667",0,0,0,NA,NA,""
3379,3383,94653,796,42,2025-05-03 23:43:11.273,2025-05-04 02:15:05.839,"1746315791.273","1746315791.273",2.53,2.53,-4.44e-16,106,105,106,104,NA,0.0113,"ppm",NA,NA,NA,NA,NA,0.0201,0.000252,0.0509,19.7,0.247,5.86,NA,NA,NA,NA,NA,NA,NA,NA,NA,NA,NA,"0.15","0.0337","0.224666666666667",0,0,0,NA,NA,""
3379,3383,94654,797,43,2025-05-04 02:15:05.839,2025-05-04 04:47:02.28,"1746324905.839","1746324905.839",2.53,2.53,-4e-15,109,108,109,106,NA,0.00964,"ppm",NA,NA,NA,NA,NA,0.019,0.000238,0.0481,19.8,0.248,7,NA,NA,NA,NA,NA,NA,NA,NA,NA,NA,NA,"0.15","0.0337","0.224666666666667",0,0,0,NA,NA,""
3379,3383,94655,798,44,2025-05-04 04:47:02.28,2025-05-04 07:18:56.115,"1746334022.28","1746334022.28",2.53,2.53,4.44e-16,111,110,111,109,NA,0.00952,"ppm",NA,NA,NA,NA,NA,0.0253,0.000317,0.0639,19.8,0.249,6.43,NA,NA,NA,NA,NA,NA,NA,NA,NA,NA,NA,"0.15","0.0337","0.224666666666667",0,0,0,NA,NA,""
3379,3383,94656,799,45,2025-05-04 07:18:56.115,2025-05-04 09:50:52.621,"1746343136.115","1746343136.115",2.53,2.53,-3.55e-15,114,113,114,111,NA,0.00854,"ppm",NA,NA,NA,NA,NA,0.0277,0.000348,0.0703,19.9,0.25,5.12,NA,NA,NA,NA,NA,NA,NA,NA,NA,NA,NA,"0.15","0.0337","0.224666666666667",0,0,0,NA,NA,""
3379,3383,94657,800,46,2025-05-04 09:50:52.621,2025-05-04 12:22:48.178,"1746352252.621","1746352252.621",2.53,2.53,-4e-15,116,115,116,114,NA,0.0111,"ppm",NA,NA,NA,NA,NA,0.0296,0.000371,0.0748,20,0.251,5.42,NA,NA,NA,NA,NA,NA,NA,NA,NA,NA,NA,"0.15","0.0337","0.224666666666667",0,0,0,NA,NA,""
3379,3383,94658,801,47,2025-05-04 12:22:48.178,2025-05-04 14:54:42.755,"1746361368.178","1746361368.178",2.53,2.53,-8.88e-16,119,118,119,116,NA,0.0171,"ppm",NA,NA,NA,NA,NA,0.0533,0.000669,0.135,20.1,0.252,7.72,NA,NA,NA,NA,NA,NA,NA,NA,NA,NA,NA,"0.15","0.0337","0.224666666666667",0,0,0,NA,NA,""
3379,3383,94659,802,48,2025-05-04 14:54:42.755,2025-05-04 17:26:38.579,"1746370482.755","1746370482.755",2.53,2.53,-4.44e-15,122,120,122,119,NA,0.0224,"ppm",NA,NA,NA,NA,NA,0.063,0.00079,0.16,20.3,0.254,9.11,NA,NA,NA,NA,NA,NA,NA,NA,NA,NA,NA,"0.15","0.0337","0.224666666666667",0,0,0,NA,NA,""
3379,3383,94660,803,49,2025-05-04 17:26:38.579,2025-05-04 19:58:33.684,"1746379598.579","1746379598.579",2.53,2.53,8.88e-16,124,123,124,122,NA,0.0195,"ppm",NA,NA,NA,NA,NA,0.0481,0.000604,0.122,20.4,0.256,9.15,NA,NA,NA,NA,NA,NA,NA,NA,NA,NA,NA,"0.15","0.0337","0.224666666666667",0,0,0,NA,NA,""
3379,3383,94661,804,50,2025-05-04 19:58:33.684,2025-05-04 22:30:27.802,"1746388713.684","1746388713.684",2.53,2.53,-1.78e-15,127,125,127,124,NA,0.0132,"ppm",NA,NA,NA,NA,NA,0.0333,0.000418,0.0843,20.5,0.257,7.27,NA,NA,NA,NA,NA,NA,NA,NA,NA,NA,NA,"0.15","0.0337","0.224666666666667",0,0,0,NA,NA,""
3379,3383,94662,805,51,2025-05-04 22:30:27.802,2025-05-05 01:02:24.187,"1746397827.802","1746397827.802",2.53,2.53,2.66e-15,129,128,129,127,NA,0.00714,"ppm",NA,NA,NA,NA,NA,0.0138,0.000173,0.035,20.5,0.257,0.46,NA,NA,NA,NA,NA,NA,NA,NA,NA,NA,NA,"0.15","0.0337","0.224666666666667",0,0,0,NA,NA,""
3379,3383,94663,806,52,2025-05-05 01:02:24.187,2025-05-05 03:34:18.996,"1746406944.187","1746406944.187",2.53,2.53,2.66e-15,132,130,132,129,NA,0.00513,"ppm",NA,NA,NA,NA,NA,0.00511,6.41e-05,0.0129,20.5,0.257,-1.22,NA,NA,NA,NA,NA,NA,NA,NA,NA,NA,NA,"0.15","0.0337","0.224666666666667",0,0,0,NA,NA,""
3379,3383,94664,807,53,2025-05-05 03:34:18.996,2025-05-05 06:06:14.469,"1746416058.996","1746416058.996",2.53,2.53,-6.62e-11,134,133,134,132,NA,0.00494,"ppm",NA,NA,NA,NA,NA,0.00467,5.86e-05,0.0118,20.5,0.258,-1.21,NA,NA,NA,NA,NA,NA,NA,NA,NA,NA,NA,"0.15","0.0337","0.224666666666667",0,0,0,NA,NA,""
3379,3383,94665,808,54,2025-05-05 06:06:14.469,2025-05-05 08:38:09.862,"1746425174.469","1746425174.469",2.53,2.53,6.62e-11,137,135,137,134,NA,0.00526,"ppm",NA,NA,NA,NA,NA,0.00679,8.52e-05,0.0172,20.6,0.258,-0.25,NA,NA,NA,NA,NA,NA,NA,NA,NA,NA,NA,"0.15","0.0337","0.224666666666667",0,0,0,NA,NA,""
3380,3384,94666,809,1,2025-04-29 16:10:15.904,2025-04-29 18:42:13.653,"1745943015.904","1745943015.904",2.53,2.53,-6.62e-11,2.53,1.27,2.53,0,NA,0.137,"ppm",NA,NA,NA,NA,NA,1.57,0.0197,3.99,3.99,0.05,17.8,NA,NA,NA,NA,NA,NA,NA,NA,NA,NA,NA,"0.15","0.0337","0.224666666666667",0,0,0,NA,NA,""
3380,3384,94667,810,2,2025-04-29 18:42:13.653,2025-04-29 21:14:09.293,"1745952133.653","1745952133.653",2.53,2.53,6.62e-11,5.06,3.8,5.06,2.53,NA,0.0854,"ppm",NA,NA,NA,NA,NA,1.11,0.0139,2.82,6.8,0.0853,13.5,NA,NA,NA,NA,NA,NA,NA,NA,NA,NA,NA,"0.15","0.0337","0.224666666666667",0,0,0,NA,NA,""
3380,3384,94668,811,3,2025-04-29 21:14:09.293,2025-04-29 23:46:06.973,"1745961249.293","1745961249.293",2.53,2.53,-2.22e-15,7.6,6.33,7.6,5.06,NA,0.0419,"ppm",NA,NA,NA,NA,NA,0.71,0.0089,1.8,8.6,0.108,10.3,NA,NA,NA,NA,NA,NA,NA,NA,NA,NA,NA,"0.15","0.0337","0.224666666666667",0,0,0,NA,NA,""
3380,3384,94669,812,4,2025-04-29 23:46:06.973,2025-04-30 02:18:04.055,"1745970366.973","1745970366.973",2.53,2.53,-6.62e-11,10.1,8.86,10.1,7.6,NA,0.038,"ppm",NA,NA,NA,NA,NA,0.465,0.00583,1.18,9.78,0.123,8.68,NA,NA,NA,NA,NA,NA,NA,NA,NA,NA,NA,"0.15","0.0337","0.224666666666667",0,0,0,NA,NA,""
3380,3384,94670,813,5,2025-04-30 02:18:04.055,2025-04-30 04:50:01.257,"1745979484.055","1745979484.055",2.53,2.53,6.62e-11,12.7,11.4,12.7,10.1,NA,0.0281,"ppm",NA,NA,NA,NA,NA,0.292,0.00367,0.741,10.5,0.132,7.73,NA,NA,NA,NA,NA,NA,NA,NA,NA,NA,NA,"0.15","0.0337","0.224666666666667",0,0,0,NA,NA,""
3380,3384,94671,814,6,2025-04-30 04:50:01.257,2025-04-30 07:21:59.167,"1745988601.257","1745988601.257",2.53,2.53,4.44e-16,15.2,13.9,15.2,12.7,NA,0.024,"ppm",NA,NA,NA,NA,NA,0.189,0.00237,0.479,11,0.138,8.02,NA,NA,NA,NA,NA,NA,NA,NA,NA,NA,NA,"0.15","0.0337","0.224666666666667",0,0,0,NA,NA,""
3380,3384,94672,815,7,2025-04-30 07:21:59.167,2025-04-30 09:53:56.079,"1745997719.167","1745997719.167",2.53,2.53,-8.88e-16,17.7,16.5,17.7,15.2,NA,0.0288,"ppm",NA,NA,NA,NA,NA,0.266,0.00333,0.672,11.7,0.146,11,NA,NA,NA,NA,NA,NA,NA,NA,NA,NA,NA,"0.15","0.0337","0.224666666666667",0,0,0,NA,NA,""
3380,3384,94673,816,8,2025-04-30 09:53:56.079,2025-04-30 12:25:50.049,"1746006836.079","1746006836.079",2.53,2.53,-4.44e-16,20.3,19,20.3,17.7,NA,0.0299,"ppm",NA,NA,NA,NA,NA,0.317,0.00398,0.803,12.5,0.156,13.6,NA,NA,NA,NA,NA,NA,NA,NA,NA,NA,NA,"0.15","0.0337","0.224666666666667",0,0,0,NA,NA,""
3380,3384,94674,817,9,2025-04-30 12:25:50.049,2025-04-30 14:57:45.668,"1746015950.049","1746015950.049",2.53,2.53,-3.11e-15,22.8,21.5,22.8,20.3,NA,0.0365,"ppm",NA,NA,NA,NA,NA,0.312,0.00391,0.789,13.3,0.166,14.7,NA,NA,NA,NA,NA,NA,NA,NA,NA,NA,NA,"0.15","0.0337","0.224666666666667",0,0,0,NA,NA,""
3380,3384,94675,818,10,2025-04-30 14:57:45.668,2025-04-30 17:29:40.888,"1746025065.668","1746025065.668",2.53,2.53,-3.11e-15,25.3,24.1,25.3,22.8,NA,0.0542,"ppm",NA,NA,NA,NA,NA,0.288,0.00361,0.729,14,0.175,16.4,NA,NA,NA,NA,NA,NA,NA,NA,NA,NA,NA,"0.15","0.0337","0.224666666666667",0,0,0,NA,NA,""
3380,3384,94676,819,11,2025-04-30 17:29:40.888,2025-04-30 20:01:36.221,"1746034180.888","1746034180.888",2.53,2.53,4.44e-16,27.9,26.6,27.9,25.3,NA,0.0488,"ppm",NA,NA,NA,NA,NA,0.229,0.00287,0.58,14.6,0.183,15.9,NA,NA,NA,NA,NA,NA,NA,NA,NA,NA,NA,"0.15","0.0337","0.224666666666667",0,0,0,NA,NA,""
3380,3384,94677,820,12,2025-04-30 20:01:36.221,2025-04-30 22:33:30.924,"1746043296.221","1746043296.221",2.53,2.53,2.22e-15,30.4,29.1,30.4,27.9,NA,0.0324,"ppm",NA,NA,NA,NA,NA,0.172,0.00216,0.436,15,0.188,10.6,NA,NA,NA,NA,NA,NA,NA,NA,NA,NA,NA,"0.15","0.0337","0.224666666666667",0,0,0,NA,NA,""
3380,3384,94678,821,13,2025-04-30 22:33:30.924,2025-05-01 01:05:25.813,"1746052410.924","1746052410.924",2.53,2.53,3.11e-15,32.9,31.7,32.9,30.4,NA,0.0186,"ppm",NA,NA,NA,NA,NA,0.0938,0.00118,0.237,15.2,0.191,5.08,NA,NA,NA,NA,NA,NA,NA,NA,NA,NA,NA,"0.15","0.0337","0.224666666666667",0,0,0,NA,NA,""
3380,3384,94679,822,14,2025-05-01 01:05:25.813,2025-05-01 03:37:21.673,"1746061525.813","1746061525.813",2.53,2.53,-6.62e-11,35.5,34.2,35.5,32.9,NA,0.0121,"ppm",NA,NA,NA,NA,NA,0.0421,0.000528,0.107,15.4,0.192,3.58,NA,NA,NA,NA,NA,NA,NA,NA,NA,NA,NA,"0.15","0.0337","0.224666666666667",0,0,0,NA,NA,""
3380,3384,94680,823,15,2025-05-01 03:37:21.673,2025-05-01 06:09:15.961,"1746070641.673","1746070641.673",2.53,2.53,6.62e-11,38,36.7,38,35.5,NA,0.0119,"ppm",NA,NA,NA,NA,NA,0.0402,0.000504,0.102,15.5,0.194,3.44,NA,NA,NA,NA,NA,NA,NA,NA,NA,NA,NA,"0.15","0.0337","0.224666666666667",0,0,0,NA,NA,""
3380,3384,94681,824,16,2025-05-01 06:09:15.961,2025-05-01 08:41:11.69,"1746079755.961","1746079755.961",2.53,2.53,4.44e-15,40.5,39.2,40.5,38,NA,0.0114,"ppm",NA,NA,NA,NA,NA,0.054,0.000677,0.137,15.6,0.195,6.76,NA,NA,NA,NA,NA,NA,NA,NA,NA,NA,NA,"0.15","0.0337","0.224666666666667",0,0,0,NA,NA,""
3380,3384,94682,825,17,2025-05-01 08:41:11.69,2025-05-01 11:13:07.457,"1746088871.69","1746088871.69",2.53,2.53,-3.55e-15,43,41.8,43,40.5,NA,0.0201,"ppm",NA,NA,NA,NA,NA,0.117,0.00147,0.297,15.9,0.199,15.2,NA,NA,NA,NA,NA,NA,NA,NA,NA,NA,NA,"0.15","0.0337","0.224666666666667",0,0,0,NA,NA,""
3380,3384,94683,826,18,2025-05-01 11:13:07.457,2025-05-01 13:45:01.914,"1746097987.457","1746097987.457",2.53,2.53,4.44e-16,45.6,44.3,45.6,43,NA,0.0374,"ppm",NA,NA,NA,NA,NA,0.17,0.00214,0.431,16.3,0.205,17,NA,NA,NA,NA,NA,NA,NA,NA,NA,NA,NA,"0.15","0.0337","0.224666666666667",0,0,0,NA,NA,""
3380,3384,94684,827,19,2025-05-01 13:45:01.914,2025-05-01 16:16:57.243,"1746107101.914","1746107101.914",2.53,2.53,-4e-15,48.1,46.8,48.1,45.6,NA,0.0446,"ppm",NA,NA,NA,NA,NA,0.17,0.00213,0.431,16.7,0.21,18.6,NA,NA,NA,NA,NA,NA,NA,NA,NA,NA,NA,"0.15","0.0337","0.224666666666667",0,0,0,NA,NA,""
3380,3384,94685,828,20,2025-05-01 16:16:57.243,2025-05-01 18:48:52.187,"1746116217.243","1746116217.243",2.53,2.53,1.78e-15,50.6,49.4,50.6,48.1,NA,0.0439,"ppm",NA,NA,NA,NA,NA,0.151,0.00189,0.381,17.1,0.215,18.4,NA,NA,NA,NA,NA,NA,NA,NA,NA,NA,NA,"0.15","0.0337","0.224666666666667",0,0,0,NA,NA,""
3380,3384,94686,829,21,2025-05-01 18:48:52.187,2025-05-01 21:20:46.803,"1746125332.187","1746125332.187",2.53,2.53,-4e-15,53.2,51.9,53.2,50.6,NA,0.0371,"ppm",NA,NA,NA,NA,NA,0.114,0.00143,0.288,17.4,0.218,15.6,NA,NA,NA,NA,NA,NA,NA,NA,NA,NA,NA,"0.15","0.0337","0.224666666666667",0,0,0,NA,NA,""
3380,3384,94687,830,22,2025-05-01 21:20:46.803,2025-05-01 23:52:41.456,"1746134446.803","1746134446.803",2.53,2.53,-6.62e-11,55.7,54.4,55.7,53.2,NA,0.0259,"ppm",NA,NA,NA,NA,NA,0.0712,0.000892,0.18,17.6,0.221,11.9,NA,NA,NA,NA,NA,NA,NA,NA,NA,NA,NA,"0.15","0.0337","0.224666666666667",0,0,0,NA,NA,""
3380,3384,94688,831,23,2025-05-01 23:52:41.456,2025-05-02 02:24:36.744,"1746143561.456","1746143561.456",2.53,2.53,6.62e-11,58.2,57,58.2,55.7,NA,0.0184,"ppm",NA,NA,NA,NA,NA,0.0429,0.000538,0.109,17.7,0.222,11.6,NA,NA,NA,NA,NA,NA,NA,NA,NA,NA,NA,"0.15","0.0337","0.224666666666667",0,0,0,NA,NA,""
3380,3384,94689,832,24,2025-05-02 02:24:36.744,2025-05-02 04:56:31.869,"1746152676.744","1746152676.744",2.53,2.53,3.55e-15,60.8,59.5,60.8,58.2,NA,0.0186,"ppm",NA,NA,NA,NA,NA,0.0422,0.00053,0.107,17.8,0.223,11.4,NA,NA,NA,NA,NA,NA,NA,NA,NA,NA,NA,"0.15","0.0337","0.224666666666667",0,0,0,NA,NA,""
3380,3384,94690,833,25,2025-05-02 04:56:31.869,2025-05-02 07:28:27.709,"1746161791.869","1746161791.869",2.53,2.53,-3.11e-15,63.3,62,63.3,60.8,NA,0.0192,"ppm",NA,NA,NA,NA,NA,0.0431,0.00054,0.109,17.9,0.225,11.7,NA,NA,NA,NA,NA,NA,NA,NA,NA,NA,NA,"0.15","0.0337","0.224666666666667",0,0,0,NA,NA,""
3380,3384,94691,834,26,2025-05-02 07:28:27.709,2025-05-02 10:00:22.551,"1746170907.709","1746170907.709",2.53,2.53,5.33e-15,65.8,64.6,65.8,63.3,NA,0.0206,"ppm",NA,NA,NA,NA,NA,0.0428,0.000536,0.108,18,0.226,11.5,NA,NA,NA,NA,NA,NA,NA,NA,NA,NA,NA,"0.15","0.0337","0.224666666666667",0,0,0,NA,NA,""
3380,3384,94692,835,27,2025-05-02 10:00:22.551,2025-05-02 12:32:18.273,"1746180022.551","1746180022.551",2.53,2.53,-8.88e-16,68.4,67.1,68.4,65.8,NA,0.0205,"ppm",NA,NA,NA,NA,NA,0.0538,0.000674,0.136,18.2,0.228,11.6,NA,NA,NA,NA,NA,NA,NA,NA,NA,NA,NA,"0.15","0.0337","0.224666666666667",0,0,0,NA,NA,""
3380,3384,94693,836,28,2025-05-02 12:32:18.273,2025-05-02 15:04:12.191,"1746189138.273","1746189138.273",2.53,2.53,-4.44e-16,70.9,69.6,70.9,68.4,NA,0.025,"ppm",NA,NA,NA,NA,NA,0.0914,0.00115,0.232,18.4,0.231,13.6,NA,NA,NA,NA,NA,NA,NA,NA,NA,NA,NA,"0.15","0.0337","0.224666666666667",0,0,0,NA,NA,""
3380,3384,94694,837,29,2025-05-02 15:04:12.191,2025-05-02 17:36:08.724,"1746198252.191","1746198252.191",2.53,2.53,1.33e-15,73.4,72.2,73.4,70.9,NA,0.03,"ppm",NA,NA,NA,NA,NA,0.101,0.00127,0.256,18.7,0.234,14.2,NA,NA,NA,NA,NA,NA,NA,NA,NA,NA,NA,"0.15","0.0337","0.224666666666667",0,0,0,NA,NA,""
3380,3384,94695,838,30,2025-05-02 17:36:08.724,2025-05-02 20:08:03.46,"1746207368.724","1746207368.724",2.53,2.53,4.89e-15,76,74.7,76,73.4,NA,0.0275,"ppm",NA,NA,NA,NA,NA,0.0796,0.000998,0.202,18.9,0.236,13.9,NA,NA,NA,NA,NA,NA,NA,NA,NA,NA,NA,"0.15","0.0337","0.224666666666667",0,0,0,NA,NA,""
3380,3384,94696,839,31,2025-05-02 20:08:03.46,2025-05-02 22:39:59.493,"1746216483.46","1746216483.46",2.53,2.53,0,78.5,77.2,78.5,76,NA,0.02,"ppm",NA,NA,NA,NA,NA,0.0562,0.000705,0.142,19,0.238,11.5,NA,NA,NA,NA,NA,NA,NA,NA,NA,NA,NA,"0.15","0.0337","0.224666666666667",0,0,0,NA,NA,""
3380,3384,94697,840,32,2025-05-02 22:39:59.493,2025-05-03 01:11:54.588,"1746225599.493","1746225599.493",2.53,2.53,-8.88e-16,81,79.8,81,78.5,NA,0.0134,"ppm",NA,NA,NA,NA,NA,0.0306,0.000384,0.0775,19.1,0.239,7.79,NA,NA,NA,NA,NA,NA,NA,NA,NA,NA,NA,"0.15","0.0337","0.224666666666667",0,0,0,NA,NA,""
3380,3384,94698,841,33,2025-05-03 01:11:54.588,2025-05-03 03:43:50.456,"1746234714.588","1746234714.588",2.53,2.53,-6.62e-11,83.6,82.3,83.6,81,NA,0.0117,"ppm",NA,NA,NA,NA,NA,0.0191,0.000239,0.0484,19.1,0.24,6.47,NA,NA,NA,NA,NA,NA,NA,NA,NA,NA,NA,"0.15","0.0337","0.224666666666667",0,0,0,NA,NA,""
3380,3384,94699,842,34,2025-05-03 03:43:50.456,2025-05-03 06:15:44.483,"1746243830.456","1746243830.456",2.53,2.53,6.62e-11,86.1,84.8,86.1,83.6,NA,0.0107,"ppm",NA,NA,NA,NA,NA,0.0142,0.000178,0.036,19.2,0.24,5.03,NA,NA,NA,NA,NA,NA,NA,NA,NA,NA,NA,"0.15","0.0337","0.224666666666667",0,0,0,NA,NA,""
3380,3384,94700,843,35,2025-05-03 06:15:44.483,2025-05-03 08:47:40.328,"1746252944.483","1746252944.483",2.53,2.53,-4e-15,88.6,87.4,88.6,86.1,NA,0.011,"ppm",NA,NA,NA,NA,NA,0.0167,0.00021,0.0424,19.2,0.241,6.26,NA,NA,NA,NA,NA,NA,NA,NA,NA,NA,NA,"0.15","0.0337","0.224666666666667",0,0,0,NA,NA,""
3380,3384,94701,844,36,2025-05-03 08:47:40.328,2025-05-03 11:19:35.506,"1746262060.328","1746262060.328",2.53,2.53,-1.33e-15,91.2,89.9,91.2,88.6,NA,0.0155,"ppm",NA,NA,NA,NA,NA,0.0463,0.00058,0.117,19.3,0.242,10.8,NA,NA,NA,NA,NA,NA,NA,NA,NA,NA,NA,"0.15","0.0337","0.224666666666667",0,0,0,NA,NA,""
3380,3384,94702,845,37,2025-05-03 11:19:35.506,2025-05-03 13:51:29.785,"1746271175.506","1746271175.506",2.53,2.53,-6.62e-11,93.7,92.4,93.7,91.2,NA,0.0261,"ppm",NA,NA,NA,NA,NA,0.0831,0.00104,0.21,19.5,0.245,13.1,NA,NA,NA,NA,NA,NA,NA,NA,NA,NA,NA,"0.15","0.0337","0.224666666666667",0,0,0,NA,NA,""
3380,3384,94703,846,38,2025-05-03 13:51:29.785,2025-05-03 16:23:25.213,"1746280289.785","1746280289.785",2.53,2.53,6.62e-11,96.2,95,96.2,93.7,NA,0.0312,"ppm",NA,NA,NA,NA,NA,0.0743,0.000932,0.188,19.7,0.247,14.3,NA,NA,NA,NA,NA,NA,NA,NA,NA,NA,NA,"0.15","0.0337","0.224666666666667",0,0,0,NA,NA,""
3380,3384,94704,847,39,2025-05-03 16:23:25.213,2025-05-03 18:55:20.986,"1746289405.213","1746289405.213",2.53,2.53,3.55e-15,98.8,97.5,98.8,96.2,NA,0.0287,"ppm",NA,NA,NA,NA,NA,0.0513,0.000643,0.13,19.8,0.249,13.5,NA,NA,NA,NA,NA,NA,NA,NA,NA,NA,NA,"0.15","0.0337","0.224666666666667",0,0,0,NA,NA,""
3380,3384,94705,848,40,2025-05-03 18:55:20.986,2025-05-03 21:27:15.255,"1746298520.986","1746298520.986",2.53,2.53,-3.55e-15,101,100,101,98.8,NA,0.0226,"ppm",NA,NA,NA,NA,NA,0.0358,0.00045,0.0908,19.9,0.25,12,NA,NA,NA,NA,NA,NA,NA,NA,NA,NA,NA,"0.15","0.0337","0.224666666666667",0,0,0,NA,NA,""
3380,3384,94706,849,41,2025-05-03 21:27:15.255,2025-05-03 23:59:10.947,"1746307635.255","1746307635.255",2.53,2.53,4.89e-15,104,103,104,101,NA,0.0146,"ppm",NA,NA,NA,NA,NA,0.0205,0.000257,0.0518,20,0.251,9.08,NA,NA,NA,NA,NA,NA,NA,NA,NA,NA,NA,"0.15","0.0337","0.224666666666667",0,0,0,NA,NA,""
3380,3384,94707,850,42,2025-05-03 23:59:10.947,2025-05-04 02:31:05.687,"1746316750.947","1746316750.947",2.53,2.53,-1.33e-15,106,105,106,104,NA,0.0113,"ppm",NA,NA,NA,NA,NA,0.0158,0.000198,0.0399,20,0.251,5.86,NA,NA,NA,NA,NA,NA,NA,NA,NA,NA,NA,"0.15","0.0337","0.224666666666667",0,0,0,NA,NA,""
3380,3384,94708,851,43,2025-05-04 02:31:05.687,2025-05-04 05:03:01.598,"1746325865.687","1746325865.687",2.53,2.53,1.33e-15,109,108,109,106,NA,0.00964,"ppm",NA,NA,NA,NA,NA,0.0177,0.000222,0.0449,20.1,0.252,7.06,NA,NA,NA,NA,NA,NA,NA,NA,NA,NA,NA,"0.15","0.0337","0.224666666666667",0,0,0,NA,NA,""
3380,3384,94709,852,44,2025-05-04 05:03:01.598,2025-05-04 07:34:55.819,"1746334981.598","1746334981.598",2.53,2.53,4.44e-16,111,110,111,109,NA,0.00952,"ppm",NA,NA,NA,NA,NA,0.0227,0.000285,0.0575,20.1,0.252,6.43,NA,NA,NA,NA,NA,NA,NA,NA,NA,NA,NA,"0.15","0.0337","0.224666666666667",0,0,0,NA,NA,""
3380,3384,94710,853,45,2025-05-04 07:34:55.819,2025-05-04 10:06:52.378,"1746344095.819","1746344095.819",2.53,2.53,1.78e-15,114,113,114,111,NA,0.00854,"ppm",NA,NA,NA,NA,NA,0.0308,0.000387,0.0781,20.2,0.253,5.37,NA,NA,NA,NA,NA,NA,NA,NA,NA,NA,NA,"0.15","0.0337","0.224666666666667",0,0,0,NA,NA,""
3380,3384,94711,854,46,2025-05-04 10:06:52.378,2025-05-04 12:38:46.351,"1746353212.378","1746353212.378",2.53,2.53,-6.62e-11,116,115,116,114,NA,0.0111,"ppm",NA,NA,NA,NA,NA,0.036,0.000452,0.0913,20.3,0.255,5.42,NA,NA,NA,NA,NA,NA,NA,NA,NA,NA,NA,"0.15","0.0337","0.224666666666667",0,0,0,NA,NA,""
3380,3384,94712,855,47,2025-05-04 12:38:46.351,2025-05-04 15:10:42.98,"1746362326.351","1746362326.351",2.53,2.53,6.62e-11,119,118,119,116,NA,0.0171,"ppm",NA,NA,NA,NA,NA,0.0511,0.000641,0.129,20.4,0.256,8.45,NA,NA,NA,NA,NA,NA,NA,NA,NA,NA,NA,"0.15","0.0337","0.224666666666667",0,0,0,NA,NA,""
3380,3384,94713,856,48,2025-05-04 15:10:42.98,2025-05-04 17:42:38.28,"1746371442.98","1746371442.98",2.53,2.53,-2.22e-15,122,120,122,119,NA,0.0224,"ppm",NA,NA,NA,NA,NA,0.0617,0.000774,0.156,20.6,0.258,9.11,NA,NA,NA,NA,NA,NA,NA,NA,NA,NA,NA,"0.15","0.0337","0.224666666666667",0,0,0,NA,NA,""
3380,3384,94714,857,49,2025-05-04 17:42:38.28,2025-05-04 20:14:32.996,"1746380558.28","1746380558.28",2.53,2.53,1.78e-15,124,123,124,122,NA,0.0195,"ppm",NA,NA,NA,NA,NA,0.047,0.000589,0.119,20.7,0.26,8.92,NA,NA,NA,NA,NA,NA,NA,NA,NA,NA,NA,"0.15","0.0337","0.224666666666667",0,0,0,NA,NA,""
3380,3384,94715,858,50,2025-05-04 20:14:32.996,2025-05-04 22:46:27.858,"1746389672.996","1746389672.996",2.53,2.53,-2.22e-15,127,125,127,124,NA,0.0132,"ppm",NA,NA,NA,NA,NA,0.0275,0.000345,0.0696,20.8,0.261,7.27,NA,NA,NA,NA,NA,NA,NA,NA,NA,NA,NA,"0.15","0.0337","0.224666666666667",0,0,0,NA,NA,""
3380,3384,94716,859,51,2025-05-04 22:46:27.858,2025-05-05 01:18:23.806,"1746398787.858","1746398787.858",2.53,2.53,-2.22e-15,129,128,129,127,NA,0.00714,"ppm",NA,NA,NA,NA,NA,0.0111,0.00014,0.0282,20.8,0.261,0.46,NA,NA,NA,NA,NA,NA,NA,NA,NA,NA,NA,"0.15","0.0337","0.224666666666667",0,0,0,NA,NA,""
3380,3384,94717,860,52,2025-05-05 01:18:23.806,2025-05-05 03:50:18.815,"1746407903.806","1746407903.806",2.53,2.53,1.33e-15,132,130,132,129,NA,0.00513,"ppm",NA,NA,NA,NA,NA,0.00524,6.57e-05,0.0133,20.8,0.261,-1.22,NA,NA,NA,NA,NA,NA,NA,NA,NA,NA,NA,"0.15","0.0337","0.224666666666667",0,0,0,NA,NA,""
3380,3384,94718,861,53,2025-05-05 03:50:18.815,2025-05-05 06:22:14.118,"1746417018.815","1746417018.815",2.53,2.53,-4e-15,134,133,134,132,NA,0.00494,"ppm",NA,NA,NA,NA,NA,0.00519,6.51e-05,0.0131,20.8,0.261,-1.21,NA,NA,NA,NA,NA,NA,NA,NA,NA,NA,NA,"0.15","0.0337","0.224666666666667",0,0,0,NA,NA,""
3380,3384,94719,862,54,2025-05-05 06:22:14.118,2025-05-05 08:54:09.029,"1746426134.118","1746426134.118",2.53,2.53,-8.88e-16,137,135,137,134,NA,0.00526,"ppm",NA,NA,NA,NA,NA,0.00921,0.000115,0.0233,20.9,0.262,-0.25,NA,NA,NA,NA,NA,NA,NA,NA,NA,NA,NA,"0.15","0.0337","0.224666666666667",0,0,0,NA,NA,""
3381,3385,94720,863,1,2025-04-29 13:54:19.367,2025-04-29 16:26:16.009,"1745934859.367","1745934859.367",2.53,2.53,-6.62e-11,2.53,1.27,2.53,0,NA,0.137,"ppm",NA,NA,NA,NA,NA,0.446,0.00399,1.13,1.13,0.0101,17.5,NA,NA,NA,NA,NA,NA,NA,NA,NA,NA,NA,"0.15","0.0337","0.224666666666667",0,0,0,NA,NA,""
3381,3385,94721,864,2,2025-04-29 16:26:16.009,2025-04-29 18:58:12.26,"1745943976.009","1745943976.009",2.53,2.53,6.62e-11,5.06,3.8,5.06,2.53,NA,0.0854,"ppm",NA,NA,NA,NA,NA,0.424,0.0038,1.07,2.2,0.0197,17.8,NA,NA,NA,NA,NA,NA,NA,NA,NA,NA,NA,"0.15","0.0337","0.224666666666667",0,0,0,NA,NA,""
3381,3385,94722,865,3,2025-04-29 18:58:12.26,2025-04-29 21:30:09.931,"1745953092.26","1745953092.26",2.53,2.53,1.33e-15,7.6,6.33,7.6,5.06,NA,0.0419,"ppm",NA,NA,NA,NA,NA,0.273,0.00244,0.69,2.89,0.0259,13.5,NA,NA,NA,NA,NA,NA,NA,NA,NA,NA,NA,"0.15","0.0337","0.224666666666667",0,0,0,NA,NA,""
3381,3385,94723,866,4,2025-04-29 21:30:09.931,2025-04-30 00:02:07.572,"1745962209.931","1745962209.931",2.53,2.53,-2.66e-15,10.1,8.86,10.1,7.6,NA,0.038,"ppm",NA,NA,NA,NA,NA,0.154,0.00138,0.391,3.29,0.0294,9.91,NA,NA,NA,NA,NA,NA,NA,NA,NA,NA,NA,"0.15","0.0337","0.224666666666667",0,0,0,NA,NA,""
3381,3385,94724,867,5,2025-04-30 00:02:07.572,2025-04-30 02:34:04.664,"1745971327.572","1745971327.572",2.53,2.53,5.33e-15,12.7,11.4,12.7,10.1,NA,0.0281,"ppm",NA,NA,NA,NA,NA,0.0806,0.000721,0.204,3.49,0.0312,8.68,NA,NA,NA,NA,NA,NA,NA,NA,NA,NA,NA,"0.15","0.0337","0.224666666666667",0,0,0,NA,NA,""
3381,3385,94725,868,6,2025-04-30 02:34:04.664,2025-04-30 05:06:01.625,"1745980444.664","1745980444.664",2.53,2.53,0,15.2,13.9,15.2,12.7,NA,0.024,"ppm",NA,NA,NA,NA,NA,0.0519,0.000464,0.131,3.62,0.0324,7.81,NA,NA,NA,NA,NA,NA,NA,NA,NA,NA,NA,"0.15","0.0337","0.224666666666667",0,0,0,NA,NA,""
3381,3385,94726,869,7,2025-04-30 05:06:01.625,2025-04-30 07:37:59.957,"1745989561.625","1745989561.625",2.53,2.53,1.33e-15,17.7,16.5,17.7,15.2,NA,0.0288,"ppm",NA,NA,NA,NA,NA,0.0263,0.000235,0.0665,3.69,0.033,8.02,NA,NA,NA,NA,NA,NA,NA,NA,NA,NA,NA,"0.15","0.0337","0.224666666666667",0,0,0,NA,NA,""
3381,3385,94727,870,8,2025-04-30 07:37:59.957,2025-04-30 10:09:55.145,"1745998679.957","1745998679.957",2.53,2.53,0,20.3,19,20.3,17.7,NA,0.0299,"ppm",NA,NA,NA,NA,NA,0.0632,0.000566,0.16,3.85,0.0344,12.4,NA,NA,NA,NA,NA,NA,NA,NA,NA,NA,NA,"0.15","0.0337","0.224666666666667",0,0,0,NA,NA,""
3381,3385,94728,871,9,2025-04-30 10:09:55.145,2025-04-30 12:41:50.456,"1746007795.145","1746007795.145",2.53,2.53,-6.62e-11,22.8,21.5,22.8,20.3,NA,0.0365,"ppm",NA,NA,NA,NA,NA,0.0926,0.000829,0.235,4.08,0.0365,13.6,NA,NA,NA,NA,NA,NA,NA,NA,NA,NA,NA,"0.15","0.0337","0.224666666666667",0,0,0,NA,NA,""
3381,3385,94729,872,10,2025-04-30 12:41:50.456,2025-04-30 15:13:44.805,"1746016910.456","1746016910.456",2.53,2.53,-3.11e-15,25.3,24.1,25.3,22.8,NA,0.0542,"ppm",NA,NA,NA,NA,NA,0.0891,0.000798,0.226,4.31,0.0385,15.6,NA,NA,NA,NA,NA,NA,NA,NA,NA,NA,NA,"0.15","0.0337","0.224666666666667",0,0,0,NA,NA,""
3381,3385,94730,873,11,2025-04-30 15:13:44.805,2025-04-30 17:45:40.234,"1746026024.805","1746026024.805",2.53,2.53,6.62e-11,27.9,26.6,27.9,25.3,NA,0.0488,"ppm",NA,NA,NA,NA,NA,0.109,0.000971,0.275,4.58,0.041,16.4,NA,NA,NA,NA,NA,NA,NA,NA,NA,NA,NA,"0.15","0.0337","0.224666666666667",0,0,0,NA,NA,""
3381,3385,94731,874,12,2025-04-30 17:45:40.234,2025-04-30 20:17:35.463,"1746035140.234","1746035140.234",2.53,2.53,3.11e-15,30.4,29.1,30.4,27.9,NA,0.0324,"ppm",NA,NA,NA,NA,NA,0.109,0.000974,0.276,4.86,0.0435,14.8,NA,NA,NA,NA,NA,NA,NA,NA,NA,NA,NA,"0.15","0.0337","0.224666666666667",0,0,0,NA,NA,""
3381,3385,94732,875,13,2025-04-30 20:17:35.463,2025-04-30 22:49:30.51,"1746044255.463","1746044255.463",2.53,2.53,3.11e-15,32.9,31.7,32.9,30.4,NA,0.0186,"ppm",NA,NA,NA,NA,NA,0.0805,0.000721,0.204,5.06,0.0453,10.6,NA,NA,NA,NA,NA,NA,NA,NA,NA,NA,NA,"0.15","0.0337","0.224666666666667",0,0,0,NA,NA,""
3381,3385,94733,876,14,2025-04-30 22:49:30.51,2025-05-01 01:21:25.986,"1746053370.51","1746053370.51",2.53,2.53,0,35.5,34.2,35.5,32.9,NA,0.0121,"ppm",NA,NA,NA,NA,NA,0.0396,0.000355,0.1,5.16,0.0462,5.08,NA,NA,NA,NA,NA,NA,NA,NA,NA,NA,NA,"0.15","0.0337","0.224666666666667",0,0,0,NA,NA,""
3381,3385,94734,877,15,2025-05-01 01:21:25.986,2025-05-01 03:53:20.43,"1746062485.986","1746062485.986",2.53,2.53,-6.62e-11,38,36.7,38,35.5,NA,0.0119,"ppm",NA,NA,NA,NA,NA,0.0114,0.000102,0.0288,5.19,0.0465,3.58,NA,NA,NA,NA,NA,NA,NA,NA,NA,NA,NA,"0.15","0.0337","0.224666666666667",0,0,0,NA,NA,""
3381,3385,94735,878,16,2025-05-01 03:53:20.43,2025-05-01 06:25:15.533,"1746071600.43","1746071600.43",2.53,2.53,6.62e-11,40.5,39.2,40.5,38,NA,0.0114,"ppm",NA,NA,NA,NA,NA,0.00895,8.01e-05,0.0227,5.21,0.0467,3.44,NA,NA,NA,NA,NA,NA,NA,NA,NA,NA,NA,"0.15","0.0337","0.224666666666667",0,0,0,NA,NA,""
3381,3385,94736,879,17,2025-05-01 06:25:15.533,2025-05-01 08:57:10.117,"1746080715.533","1746080715.533",2.53,2.53,1.78e-15,43,41.8,43,40.5,NA,0.0201,"ppm",NA,NA,NA,NA,NA,0.0113,0.000102,0.0287,5.24,0.0469,6.76,NA,NA,NA,NA,NA,NA,NA,NA,NA,NA,NA,"0.15","0.0337","0.224666666666667",0,0,0,NA,NA,""
3381,3385,94737,880,18,2025-05-01 08:57:10.117,2025-05-01 11:29:06.111,"1746089830.117","1746089830.117",2.53,2.53,4.44e-16,45.6,44.3,45.6,43,NA,0.0374,"ppm",NA,NA,NA,NA,NA,0.0369,0.00033,0.0933,5.34,0.0478,15.2,NA,NA,NA,NA,NA,NA,NA,NA,NA,NA,NA,"0.15","0.0337","0.224666666666667",0,0,0,NA,NA,""
3381,3385,94738,881,19,2025-05-01 11:29:06.111,2025-05-01 14:01:00.993,"1746098946.111","1746098946.111",2.53,2.53,4.44e-16,48.1,46.8,48.1,45.6,NA,0.0446,"ppm",NA,NA,NA,NA,NA,0.0687,0.000615,0.174,5.51,0.0493,17,NA,NA,NA,NA,NA,NA,NA,NA,NA,NA,NA,"0.15","0.0337","0.224666666666667",0,0,0,NA,NA,""
3381,3385,94739,882,20,2025-05-01 14:01:00.993,2025-05-01 16:32:56.283,"1746108060.993","1746108060.993",2.53,2.53,-3.55e-15,50.6,49.4,50.6,48.1,NA,0.0439,"ppm",NA,NA,NA,NA,NA,0.0889,0.000796,0.225,5.74,0.0513,18.6,NA,NA,NA,NA,NA,NA,NA,NA,NA,NA,NA,"0.15","0.0337","0.224666666666667",0,0,0,NA,NA,""
3381,3385,94740,883,21,2025-05-01 16:32:56.283,2025-05-01 19:04:51.18,"1746117176.283","1746117176.283",2.53,2.53,-6.62e-11,53.2,51.9,53.2,50.6,NA,0.0371,"ppm",NA,NA,NA,NA,NA,0.0959,0.000858,0.243,5.98,0.0535,17.1,NA,NA,NA,NA,NA,NA,NA,NA,NA,NA,NA,"0.15","0.0337","0.224666666666667",0,0,0,NA,NA,""
3381,3385,94741,884,22,2025-05-01 19:04:51.18,2025-05-01 21:36:45.937,"1746126291.18","1746126291.18",2.53,2.53,6.62e-11,55.7,54.4,55.7,53.2,NA,0.0259,"ppm",NA,NA,NA,NA,NA,0.0722,0.000646,0.183,6.16,0.0551,15.6,NA,NA,NA,NA,NA,NA,NA,NA,NA,NA,NA,"0.15","0.0337","0.224666666666667",0,0,0,NA,NA,""
3381,3385,94742,885,23,2025-05-01 21:36:45.937,2025-05-02 00:08:41.025,"1746135405.937","1746135405.937",2.53,2.53,-3.55e-15,58.2,57,58.2,55.7,NA,0.0184,"ppm",NA,NA,NA,NA,NA,0.0369,0.00033,0.0934,6.25,0.056,11.8,NA,NA,NA,NA,NA,NA,NA,NA,NA,NA,NA,"0.15","0.0337","0.224666666666667",0,0,0,NA,NA,""
3381,3385,94743,886,24,2025-05-02 00:08:41.025,2025-05-02 02:40:36.49,"1746144521.025","1746144521.025",2.53,2.53,8.88e-16,60.8,59.5,60.8,58.2,NA,0.0186,"ppm",NA,NA,NA,NA,NA,0.0175,0.000156,0.0442,6.3,0.0564,11.6,NA,NA,NA,NA,NA,NA,NA,NA,NA,NA,NA,"0.15","0.0337","0.224666666666667",0,0,0,NA,NA,""
3381,3385,94744,887,25,2025-05-02 02:40:36.49,2025-05-02 05:12:31.503,"1746153636.49","1746153636.49",2.53,2.53,-4.44e-15,63.3,62,63.3,60.8,NA,0.0192,"ppm",NA,NA,NA,NA,NA,0.0164,0.000147,0.0416,6.34,0.0567,11.3,NA,NA,NA,NA,NA,NA,NA,NA,NA,NA,NA,"0.15","0.0337","0.224666666666667",0,0,0,NA,NA,""
3381,3385,94745,888,26,2025-05-02 05:12:31.503,2025-05-02 07:44:26.664,"1746162751.503","1746162751.503",2.53,2.53,4.44e-15,65.8,64.6,65.8,63.3,NA,0.0206,"ppm",NA,NA,NA,NA,NA,0.017,0.000152,0.043,6.38,0.0571,11.7,NA,NA,NA,NA,NA,NA,NA,NA,NA,NA,NA,"0.15","0.0337","0.224666666666667",0,0,0,NA,NA,""
3381,3385,94746,889,27,2025-05-02 07:44:26.664,2025-05-02 10:16:21.523,"1746171866.664","1746171866.664",2.53,2.53,-8.88e-16,68.4,67.1,68.4,65.8,NA,0.0205,"ppm",NA,NA,NA,NA,NA,0.0177,0.000158,0.0448,6.43,0.0575,10.8,NA,NA,NA,NA,NA,NA,NA,NA,NA,NA,NA,"0.15","0.0337","0.224666666666667",0,0,0,NA,NA,""
3381,3385,94747,890,28,2025-05-02 10:16:21.523,2025-05-02 12:48:17.358,"1746180981.523","1746180981.523",2.53,2.53,4.89e-15,70.9,69.6,70.9,68.4,NA,0.025,"ppm",NA,NA,NA,NA,NA,0.0381,0.000341,0.0964,6.52,0.0584,11.6,NA,NA,NA,NA,NA,NA,NA,NA,NA,NA,NA,"0.15","0.0337","0.224666666666667",0,0,0,NA,NA,""
3381,3385,94748,891,29,2025-05-02 12:48:17.358,2025-05-02 15:20:12.233,"1746190097.358","1746190097.358",2.53,2.53,-2.22e-15,73.4,72.2,73.4,70.9,NA,0.03,"ppm",NA,NA,NA,NA,NA,0.0663,0.000593,0.168,6.69,0.0599,13.6,NA,NA,NA,NA,NA,NA,NA,NA,NA,NA,NA,"0.15","0.0337","0.224666666666667",0,0,0,NA,NA,""
3381,3385,94749,892,30,2025-05-02 15:20:12.233,2025-05-02 17:52:07.358,"1746199212.233","1746199212.233",2.53,2.53,3.55e-15,76,74.7,76,73.4,NA,0.0275,"ppm",NA,NA,NA,NA,NA,0.0736,0.000659,0.186,6.88,0.0616,14.2,NA,NA,NA,NA,NA,NA,NA,NA,NA,NA,NA,"0.15","0.0337","0.224666666666667",0,0,0,NA,NA,""
3381,3385,94750,893,31,2025-05-02 17:52:07.358,2025-05-02 20:24:02.918,"1746208327.358","1746208327.358",2.53,2.53,4.44e-15,78.5,77.2,78.5,76,NA,0.02,"ppm",NA,NA,NA,NA,NA,0.066,0.000591,0.167,7.05,0.063,13.9,NA,NA,NA,NA,NA,NA,NA,NA,NA,NA,NA,"0.15","0.0337","0.224666666666667",0,0,0,NA,NA,""
3381,3385,94751,894,32,2025-05-02 20:24:02.918,2025-05-02 22:55:58.326,"1746217442.918","1746217442.918",2.53,2.53,1.33e-15,81,79.8,81,78.5,NA,0.0134,"ppm",NA,NA,NA,NA,NA,0.043,0.000385,0.109,7.15,0.064,11.5,NA,NA,NA,NA,NA,NA,NA,NA,NA,NA,NA,"0.15","0.0337","0.224666666666667",0,0,0,NA,NA,""
3381,3385,94752,895,33,2025-05-02 22:55:58.326,2025-05-03 01:27:53.436,"1746226558.326","1746226558.326",2.53,2.53,-6.62e-11,83.6,82.3,83.6,81,NA,0.0117,"ppm",NA,NA,NA,NA,NA,0.019,0.00017,0.048,7.2,0.0644,7.79,NA,NA,NA,NA,NA,NA,NA,NA,NA,NA,NA,"0.15","0.0337","0.224666666666667",0,0,0,NA,NA,""
3381,3385,94753,896,34,2025-05-03 01:27:53.436,2025-05-03 03:59:48.687,"1746235673.436","1746235673.436",2.53,2.53,6.62e-11,86.1,84.8,86.1,83.6,NA,0.0107,"ppm",NA,NA,NA,NA,NA,0.0102,9.11e-05,0.0258,7.23,0.0647,6.47,NA,NA,NA,NA,NA,NA,NA,NA,NA,NA,NA,"0.15","0.0337","0.224666666666667",0,0,0,NA,NA,""
3381,3385,94754,897,35,2025-05-03 03:59:48.687,2025-05-03 06:31:43.855,"1746244788.687","1746244788.687",2.53,2.53,-3.11e-15,88.6,87.4,88.6,86.1,NA,0.011,"ppm",NA,NA,NA,NA,NA,0.00749,6.7e-05,0.019,7.25,0.0649,5.03,NA,NA,NA,NA,NA,NA,NA,NA,NA,NA,NA,"0.15","0.0337","0.224666666666667",0,0,0,NA,NA,""
3381,3385,94755,898,36,2025-05-03 06:31:43.855,2025-05-03 09:03:39.734,"1746253903.855","1746253903.855",2.53,2.53,4e-15,91.2,89.9,91.2,88.6,NA,0.0155,"ppm",NA,NA,NA,NA,NA,0.00517,4.63e-05,0.0131,7.26,0.065,7.16,NA,NA,NA,NA,NA,NA,NA,NA,NA,NA,NA,"0.15","0.0337","0.224666666666667",0,0,0,NA,NA,""
3381,3385,94756,899,37,2025-05-03 09:03:39.734,2025-05-03 11:35:35.118,"1746263019.734","1746263019.734",2.53,2.53,4.89e-15,93.7,92.4,93.7,91.2,NA,0.0261,"ppm",NA,NA,NA,NA,NA,0.0291,0.000261,0.0738,7.33,0.0656,10.8,NA,NA,NA,NA,NA,NA,NA,NA,NA,NA,NA,"0.15","0.0337","0.224666666666667",0,0,0,NA,NA,""
3381,3385,94757,900,38,2025-05-03 11:35:35.118,2025-05-03 14:07:29.73,"1746272135.118","1746272135.118",2.53,2.53,2.22e-15,96.2,95,96.2,93.7,NA,0.0312,"ppm",NA,NA,NA,NA,NA,0.0533,0.000477,0.135,7.47,0.0668,13.8,NA,NA,NA,NA,NA,NA,NA,NA,NA,NA,NA,"0.15","0.0337","0.224666666666667",0,0,0,NA,NA,""
3381,3385,94758,901,39,2025-05-03 14:07:29.73,2025-05-03 16:39:24.513,"1746281249.73","1746281249.73",2.53,2.53,2.66e-15,98.8,97.5,98.8,96.2,NA,0.0287,"ppm",NA,NA,NA,NA,NA,0.0578,0.000517,0.146,7.62,0.0681,14.3,NA,NA,NA,NA,NA,NA,NA,NA,NA,NA,NA,"0.15","0.0337","0.224666666666667",0,0,0,NA,NA,""
3381,3385,94759,902,40,2025-05-03 16:39:24.513,2025-05-03 19:11:20.214,"1746290364.513","1746290364.513",2.53,2.53,8.88e-16,101,100,101,98.8,NA,0.0226,"ppm",NA,NA,NA,NA,NA,0.0484,0.000433,0.122,7.74,0.0692,13.2,NA,NA,NA,NA,NA,NA,NA,NA,NA,NA,NA,"0.15","0.0337","0.224666666666667",0,0,0,NA,NA,""
3381,3385,94760,903,41,2025-05-03 19:11:20.214,2025-05-03 21:43:14.637,"1746299480.214","1746299480.214",2.53,2.53,2.66e-15,104,103,104,101,NA,0.0146,"ppm",NA,NA,NA,NA,NA,0.036,0.000322,0.0911,7.83,0.0701,12,NA,NA,NA,NA,NA,NA,NA,NA,NA,NA,NA,"0.15","0.0337","0.224666666666667",0,0,0,NA,NA,""
3381,3385,94761,904,42,2025-05-03 21:43:14.637,2025-05-04 00:15:10.871,"1746308594.637","1746308594.637",2.53,2.53,4.89e-15,106,105,106,104,NA,0.0113,"ppm",NA,NA,NA,NA,NA,0.025,0.000223,0.0632,7.89,0.0706,7.36,NA,NA,NA,NA,NA,NA,NA,NA,NA,NA,NA,"0.15","0.0337","0.224666666666667",0,0,0,NA,NA,""
3381,3385,94762,905,43,2025-05-04 00:15:10.871,2025-05-04 02:47:05.204,"1746317710.871","1746317710.871",2.53,2.53,-1.78e-15,109,108,109,106,NA,0.00964,"ppm",NA,NA,NA,NA,NA,0.0107,9.55e-05,0.027,7.92,0.0709,5.86,NA,NA,NA,NA,NA,NA,NA,NA,NA,NA,NA,"0.15","0.0337","0.224666666666667",0,0,0,NA,NA,""
3381,3385,94763,906,44,2025-05-04 02:47:05.204,2025-05-04 05:19:00.259,"1746326825.204","1746326825.204",2.53,2.53,-6.62e-11,111,110,111,109,NA,0.00952,"ppm",NA,NA,NA,NA,NA,0.0106,9.47e-05,0.0268,7.95,0.0711,7.06,NA,NA,NA,NA,NA,NA,NA,NA,NA,NA,NA,"0.15","0.0337","0.224666666666667",0,0,0,NA,NA,""
3381,3385,94764,907,45,2025-05-04 05:19:00.259,2025-05-04 07:50:55.943,"1746335940.259","1746335940.259",2.53,2.53,-2.66e-15,114,113,114,111,NA,0.00854,"ppm",NA,NA,NA,NA,NA,0.0142,0.000127,0.036,7.98,0.0714,6.43,NA,NA,NA,NA,NA,NA,NA,NA,NA,NA,NA,"0.15","0.0337","0.224666666666667",0,0,0,NA,NA,""
3381,3385,94765,908,46,2025-05-04 07:50:55.943,2025-05-04 10:22:51.056,"1746345055.943","1746345055.943",2.53,2.53,6.62e-11,116,115,116,114,NA,0.0111,"ppm",NA,NA,NA,NA,NA,0.0218,0.000195,0.0551,8.04,0.0719,5.37,NA,NA,NA,NA,NA,NA,NA,NA,NA,NA,NA,"0.15","0.0337","0.224666666666667",0,0,0,NA,NA,""
3381,3385,94766,909,47,2025-05-04 10:22:51.056,2025-05-04 12:54:46.536,"1746354171.056","1746354171.056",2.53,2.53,4e-15,119,118,119,116,NA,0.0171,"ppm",NA,NA,NA,NA,NA,0.0207,0.000185,0.0523,8.09,0.0724,5.42,NA,NA,NA,NA,NA,NA,NA,NA,NA,NA,NA,"0.15","0.0337","0.224666666666667",0,0,0,NA,NA,""
3381,3385,94767,910,48,2025-05-04 12:54:46.536,2025-05-04 15:26:41.479,"1746363286.536","1746363286.536",2.53,2.53,-4e-15,122,120,122,119,NA,0.0224,"ppm",NA,NA,NA,NA,NA,0.0275,0.000246,0.0697,8.16,0.073,8.45,NA,NA,NA,NA,NA,NA,NA,NA,NA,NA,NA,"0.15","0.0337","0.224666666666667",0,0,0,NA,NA,""
3381,3385,94768,911,49,2025-05-04 15:26:41.479,2025-05-04 17:58:37.017,"1746372401.479","1746372401.479",2.53,2.53,-1.33e-15,124,123,124,122,NA,0.0195,"ppm",NA,NA,NA,NA,NA,0.0408,0.000365,0.103,8.26,0.0739,9.11,NA,NA,NA,NA,NA,NA,NA,NA,NA,NA,NA,"0.15","0.0337","0.224666666666667",0,0,0,NA,NA,""
3381,3385,94769,912,50,2025-05-04 17:58:37.017,2025-05-04 20:30:33.062,"1746381517.017","1746381517.017",2.53,2.53,4.89e-15,127,125,127,124,NA,0.0132,"ppm",NA,NA,NA,NA,NA,0.0362,0.000324,0.0918,8.35,0.0748,8.92,NA,NA,NA,NA,NA,NA,NA,NA,NA,NA,NA,"0.15","0.0337","0.224666666666667",0,0,0,NA,NA,""
3381,3385,94770,913,51,2025-05-04 20:30:33.062,2025-05-04 23:02:27.578,"1746390633.062","1746390633.062",2.53,2.53,2.66e-15,129,128,129,127,NA,0.00714,"ppm",NA,NA,NA,NA,NA,0.0232,0.000208,0.0589,8.41,0.0753,4.85,NA,NA,NA,NA,NA,NA,NA,NA,NA,NA,NA,"0.15","0.0337","0.224666666666667",0,0,0,NA,NA,""
3381,3385,94771,914,52,2025-05-04 23:02:27.578,2025-05-05 01:34:23.767,"1746399747.578","1746399747.578",2.53,2.53,-2.22e-15,132,130,132,129,NA,0.00513,"ppm",NA,NA,NA,NA,NA,0.0101,9.01e-05,0.0255,8.44,0.0755,0.46,NA,NA,NA,NA,NA,NA,NA,NA,NA,NA,NA,"0.15","0.0337","0.224666666666667",0,0,0,NA,NA,""
3381,3385,94772,915,53,2025-05-05 01:34:23.767,2025-05-05 04:06:17.571,"1746408863.767","1746408863.767",2.53,2.53,8.88e-16,134,133,134,132,NA,0.00494,"ppm",NA,NA,NA,NA,NA,0.00415,3.71e-05,0.0105,8.45,0.0756,-1.52,NA,NA,NA,NA,NA,NA,NA,NA,NA,NA,NA,"0.15","0.0337","0.224666666666667",0,0,0,NA,NA,""
3381,3385,94773,916,54,2025-05-05 04:06:17.571,2025-05-05 06:38:13.003,"1746417977.571","1746417977.571",2.53,2.53,-1.78e-15,137,135,137,134,NA,0.00526,"ppm",NA,NA,NA,NA,NA,0.00319,2.85e-05,0.00807,8.46,0.0757,-1.21,NA,NA,NA,NA,NA,NA,NA,NA,NA,NA,NA,"0.15","0.0337","0.224666666666667",0,0,0,NA,NA,""
3381,3385,94774,917,55,2025-05-05 06:38:13.003,2025-05-05 09:10:08.017,"1746427093.003","1746427093.003",2.53,2.53,8.88e-16,139,138,139,137,NA,0.0115,"ppm",NA,NA,NA,NA,NA,0.00171,1.53e-05,0.00432,8.46,0.0757,3.8,NA,NA,NA,NA,NA,NA,NA,NA,NA,NA,NA,"0.15","0.0337","0.224666666666667",0,0,0,NA,NA,""
3382,3386,94775,918,1,2025-04-29 14:02:18.992,2025-04-29 16:34:15.523,"1745935338.992","1745935338.992",2.53,2.53,-1.78e-15,2.53,1.27,2.53,0,NA,0.137,"ppm",NA,NA,NA,NA,NA,0.387,0.00346,0.98,0.98,0.00877,17.5,NA,NA,NA,NA,NA,NA,NA,NA,NA,NA,NA,"0.15","0.0337","0.224666666666667",0,0,0,NA,NA,""
3382,3386,94776,919,2,2025-04-29 16:34:15.523,2025-04-29 19:06:13.655,"1745944455.523","1745944455.523",2.53,2.53,2.66e-15,5.07,3.8,5.07,2.53,NA,0.0854,"ppm",NA,NA,NA,NA,NA,0.248,0.00222,0.628,1.61,0.0144,17.1,NA,NA,NA,NA,NA,NA,NA,NA,NA,NA,NA,"0.15","0.0337","0.224666666666667",0,0,0,NA,NA,""
3382,3386,94777,920,3,2025-04-29 19:06:13.655,2025-04-29 21:38:09.861,"1745953573.655","1745953573.655",2.53,2.53,4.44e-15,7.6,6.33,7.6,5.07,NA,0.0419,"ppm",NA,NA,NA,NA,NA,0.188,0.00168,0.477,2.08,0.0187,13.5,NA,NA,NA,NA,NA,NA,NA,NA,NA,NA,NA,"0.15","0.0337","0.224666666666667",0,0,0,NA,NA,""
3382,3386,94778,921,4,2025-04-29 21:38:09.861,2025-04-30 00:10:07.385,"1745962689.861","1745962689.861",2.53,2.53,-2.22e-15,10.1,8.86,10.1,7.6,NA,0.038,"ppm",NA,NA,NA,NA,NA,0.109,0.000976,0.276,2.36,0.0211,9.91,NA,NA,NA,NA,NA,NA,NA,NA,NA,NA,NA,"0.15","0.0337","0.224666666666667",0,0,0,NA,NA,""
3382,3386,94779,922,5,2025-04-30 00:10:07.385,2025-04-30 02:42:03.983,"1745971807.385","1745971807.385",2.53,2.53,1.33e-15,12.7,11.4,12.7,10.1,NA,0.0281,"ppm",NA,NA,NA,NA,NA,0.0758,0.000678,0.192,2.55,0.0228,8.68,NA,NA,NA,NA,NA,NA,NA,NA,NA,NA,NA,"0.15","0.0337","0.224666666666667",0,0,0,NA,NA,""
3382,3386,94780,923,6,2025-04-30 02:42:03.983,2025-04-30 05:14:01.615,"1745980923.983","1745980923.983",2.53,2.53,1.78e-15,15.2,13.9,15.2,12.7,NA,0.024,"ppm",NA,NA,NA,NA,NA,0.049,0.000438,0.124,2.68,0.024,7.81,NA,NA,NA,NA,NA,NA,NA,NA,NA,NA,NA,"0.15","0.0337","0.224666666666667",0,0,0,NA,NA,""
3382,3386,94781,924,7,2025-04-30 05:14:01.615,2025-04-30 07:45:58.74,"1745990041.615","1745990041.615",2.53,2.53,-2.22e-15,17.7,16.5,17.7,15.2,NA,0.0288,"ppm",NA,NA,NA,NA,NA,0.0265,0.000237,0.0672,2.74,0.0246,8.02,NA,NA,NA,NA,NA,NA,NA,NA,NA,NA,NA,"0.15","0.0337","0.224666666666667",0,0,0,NA,NA,""
3382,3386,94782,925,8,2025-04-30 07:45:58.74,2025-04-30 10:17:54.523,"1745999158.74","1745999158.74",2.53,2.53,4.89e-15,20.3,19,20.3,17.7,NA,0.0299,"ppm",NA,NA,NA,NA,NA,0.054,0.000483,0.137,2.88,0.0258,12.4,NA,NA,NA,NA,NA,NA,NA,NA,NA,NA,NA,"0.15","0.0337","0.224666666666667",0,0,0,NA,NA,""
3382,3386,94783,926,9,2025-04-30 10:17:54.523,2025-04-30 12:49:50.602,"1746008274.523","1746008274.523",2.53,2.53,3.11e-15,22.8,21.5,22.8,20.3,NA,0.0365,"ppm",NA,NA,NA,NA,NA,0.0782,7e-04,0.198,3.08,0.0276,13.6,NA,NA,NA,NA,NA,NA,NA,NA,NA,NA,NA,"0.15","0.0337","0.224666666666667",0,0,0,NA,NA,""
3382,3386,94784,927,10,2025-04-30 12:49:50.602,2025-04-30 15:21:45.204,"1746017390.602","1746017390.602",2.53,2.53,8.88e-16,25.3,24.1,25.3,22.8,NA,0.0542,"ppm",NA,NA,NA,NA,NA,0.0734,0.000656,0.186,3.26,0.0292,15.6,NA,NA,NA,NA,NA,NA,NA,NA,NA,NA,NA,"0.15","0.0337","0.224666666666667",0,0,0,NA,NA,""
3382,3386,94785,928,11,2025-04-30 15:21:45.204,2025-04-30 17:53:39.369,"1746026505.204","1746026505.204",2.53,2.53,-3.55e-15,27.9,26.6,27.9,25.3,NA,0.0488,"ppm",NA,NA,NA,NA,NA,0.0846,0.000757,0.214,3.48,0.0311,16.4,NA,NA,NA,NA,NA,NA,NA,NA,NA,NA,NA,"0.15","0.0337","0.224666666666667",0,0,0,NA,NA,""
3382,3386,94786,929,12,2025-04-30 17:53:39.369,2025-04-30 20:25:35.329,"1746035619.369","1746035619.369",2.53,2.53,2.22e-15,30.4,29.1,30.4,27.9,NA,0.0324,"ppm",NA,NA,NA,NA,NA,0.0833,0.000745,0.211,3.69,0.033,14.8,NA,NA,NA,NA,NA,NA,NA,NA,NA,NA,NA,"0.15","0.0337","0.224666666666667",0,0,0,NA,NA,""
3382,3386,94787,930,13,2025-04-30 20:25:35.329,2025-04-30 22:57:29.75,"1746044735.329","1746044735.329",2.53,2.53,-4.44e-16,32.9,31.7,32.9,30.4,NA,0.0186,"ppm",NA,NA,NA,NA,NA,0.0631,0.000564,0.16,3.85,0.0344,10.6,NA,NA,NA,NA,NA,NA,NA,NA,NA,NA,NA,"0.15","0.0337","0.224666666666667",0,0,0,NA,NA,""
3382,3386,94788,931,14,2025-04-30 22:57:29.75,2025-05-01 01:29:24.542,"1746053849.75","1746053849.75",2.53,2.53,-1.33e-15,35.5,34.2,35.5,32.9,NA,0.0121,"ppm",NA,NA,NA,NA,NA,0.0332,0.000297,0.0841,3.93,0.0352,5.08,NA,NA,NA,NA,NA,NA,NA,NA,NA,NA,NA,"0.15","0.0337","0.224666666666667",0,0,0,NA,NA,""
3382,3386,94789,932,15,2025-05-01 01:29:24.542,2025-05-01 04:01:20.039,"1746062964.542","1746062964.542",2.53,2.53,-1.78e-15,38,36.7,38,35.5,NA,0.0119,"ppm",NA,NA,NA,NA,NA,0.0112,1e-04,0.0283,3.96,0.0355,3.58,NA,NA,NA,NA,NA,NA,NA,NA,NA,NA,NA,"0.15","0.0337","0.224666666666667",0,0,0,NA,NA,""
3382,3386,94790,933,16,2025-05-01 04:01:20.039,2025-05-01 06:33:15.124,"1746072080.039","1746072080.039",2.53,2.53,-2.22e-15,40.5,39.2,40.5,38,NA,0.0114,"ppm",NA,NA,NA,NA,NA,0.00935,8.37e-05,0.0237,3.99,0.0357,3.44,NA,NA,NA,NA,NA,NA,NA,NA,NA,NA,NA,"0.15","0.0337","0.224666666666667",0,0,0,NA,NA,""
3382,3386,94791,934,17,2025-05-01 06:33:15.124,2025-05-01 09:05:10.941,"1746081195.124","1746081195.124",2.53,2.53,2.66e-15,43,41.8,43,40.5,NA,0.0201,"ppm",NA,NA,NA,NA,NA,0.0136,0.000122,0.0345,4.02,0.036,9.92,NA,NA,NA,NA,NA,NA,NA,NA,NA,NA,NA,"0.15","0.0337","0.224666666666667",0,0,0,NA,NA,""
3382,3386,94792,935,18,2025-05-01 09:05:10.941,2025-05-01 11:37:06.038,"1746090310.941","1746090310.941",2.53,2.53,2.66e-15,45.6,44.3,45.6,43,NA,0.0374,"ppm",NA,NA,NA,NA,NA,0.0394,0.000353,0.0998,4.12,0.0369,15.2,NA,NA,NA,NA,NA,NA,NA,NA,NA,NA,NA,"0.15","0.0337","0.224666666666667",0,0,0,NA,NA,""
3382,3386,94793,936,19,2025-05-01 11:37:06.038,2025-05-01 14:09:00.818,"1746099426.038","1746099426.038",2.53,2.53,-6.62e-11,48.1,46.8,48.1,45.6,NA,0.0446,"ppm",NA,NA,NA,NA,NA,0.0664,0.000594,0.168,4.29,0.0384,18.3,NA,NA,NA,NA,NA,NA,NA,NA,NA,NA,NA,"0.15","0.0337","0.224666666666667",0,0,0,NA,NA,""
3382,3386,94794,937,20,2025-05-01 14:09:00.818,2025-05-01 16:40:55.44,"1746108540.818","1746108540.818",2.53,2.53,6.62e-11,50.6,49.4,50.6,48.1,NA,0.0439,"ppm",NA,NA,NA,NA,NA,0.0789,0.000706,0.2,4.49,0.0402,18.6,NA,NA,NA,NA,NA,NA,NA,NA,NA,NA,NA,"0.15","0.0337","0.224666666666667",0,0,0,NA,NA,""
3382,3386,94795,938,21,2025-05-01 16:40:55.44,2025-05-01 19:12:51.522,"1746117655.44","1746117655.44",2.53,2.53,-6.62e-11,53.2,51.9,53.2,50.6,NA,0.0371,"ppm",NA,NA,NA,NA,NA,0.0728,0.000652,0.184,4.67,0.0418,17.1,NA,NA,NA,NA,NA,NA,NA,NA,NA,NA,NA,"0.15","0.0337","0.224666666666667",0,0,0,NA,NA,""
3382,3386,94796,939,22,2025-05-01 19:12:51.522,2025-05-01 21:44:46.309,"1746126771.522","1746126771.522",2.53,2.53,6.62e-11,55.7,54.4,55.7,53.2,NA,0.0259,"ppm",NA,NA,NA,NA,NA,0.0526,0.000471,0.133,4.81,0.043,15.6,NA,NA,NA,NA,NA,NA,NA,NA,NA,NA,NA,"0.15","0.0337","0.224666666666667",0,0,0,NA,NA,""
3382,3386,94797,940,23,2025-05-01 21:44:46.309,2025-05-02 00:16:41.174,"1746135886.309","1746135886.309",2.53,2.53,-3.55e-15,58.2,57,58.2,55.7,NA,0.0184,"ppm",NA,NA,NA,NA,NA,0.0322,0.000288,0.0816,4.89,0.0437,11.8,NA,NA,NA,NA,NA,NA,NA,NA,NA,NA,NA,"0.15","0.0337","0.224666666666667",0,0,0,NA,NA,""
3382,3386,94798,941,24,2025-05-02 00:16:41.174,2025-05-02 02:48:36.101,"1746145001.174","1746145001.174",2.53,2.53,-6.62e-11,60.8,59.5,60.8,58.2,NA,0.0186,"ppm",NA,NA,NA,NA,NA,0.017,0.000152,0.0431,4.93,0.0441,11.6,NA,NA,NA,NA,NA,NA,NA,NA,NA,NA,NA,"0.15","0.0337","0.224666666666667",0,0,0,NA,NA,""
3382,3386,94799,942,25,2025-05-02 02:48:36.101,2025-05-02 05:20:31.532,"1746154116.101","1746154116.101",2.53,2.53,6.62e-11,63.3,62,63.3,60.8,NA,0.0192,"ppm",NA,NA,NA,NA,NA,0.0171,0.000153,0.0433,4.97,0.0445,11.3,NA,NA,NA,NA,NA,NA,NA,NA,NA,NA,NA,"0.15","0.0337","0.224666666666667",0,0,0,NA,NA,""
3382,3386,94800,943,26,2025-05-02 05:20:31.532,2025-05-02 07:52:26.335,"1746163231.532","1746163231.532",2.53,2.53,4.89e-15,65.8,64.6,65.8,63.3,NA,0.0206,"ppm",NA,NA,NA,NA,NA,0.017,0.000152,0.0431,5.02,0.0449,11.7,NA,NA,NA,NA,NA,NA,NA,NA,NA,NA,NA,"0.15","0.0337","0.224666666666667",0,0,0,NA,NA,""
3382,3386,94801,944,27,2025-05-02 07:52:26.335,2025-05-02 10:24:22.217,"1746172346.335","1746172346.335",2.53,2.53,2.66e-15,68.4,67.1,68.4,65.8,NA,0.0205,"ppm",NA,NA,NA,NA,NA,0.0166,0.000148,0.042,5.06,0.0453,10.8,NA,NA,NA,NA,NA,NA,NA,NA,NA,NA,NA,"0.15","0.0337","0.224666666666667",0,0,0,NA,NA,""
3382,3386,94802,945,28,2025-05-02 10:24:22.217,2025-05-02 12:56:15.941,"1746181462.217","1746181462.217",2.53,2.53,-1.78e-15,70.9,69.6,70.9,68.4,NA,0.025,"ppm",NA,NA,NA,NA,NA,0.0364,0.000326,0.0922,5.15,0.0461,11.6,NA,NA,NA,NA,NA,NA,NA,NA,NA,NA,NA,"0.15","0.0337","0.224666666666667",0,0,0,NA,NA,""
3382,3386,94803,946,29,2025-05-02 12:56:15.941,2025-05-02 15:28:12.275,"1746190575.941","1746190575.941",2.53,2.53,8.88e-16,73.4,72.2,73.4,70.9,NA,0.03,"ppm",NA,NA,NA,NA,NA,0.0542,0.000485,0.137,5.29,0.0473,13.6,NA,NA,NA,NA,NA,NA,NA,NA,NA,NA,NA,"0.15","0.0337","0.224666666666667",0,0,0,NA,NA,""
3382,3386,94804,947,30,2025-05-02 15:28:12.275,2025-05-02 18:00:07.315,"1746199692.275","1746199692.275",2.53,2.53,8.88e-16,76,74.7,76,73.4,NA,0.0275,"ppm",NA,NA,NA,NA,NA,0.0549,0.000491,0.139,5.43,0.0486,14.2,NA,NA,NA,NA,NA,NA,NA,NA,NA,NA,NA,"0.15","0.0337","0.224666666666667",0,0,0,NA,NA,""
3382,3386,94805,948,31,2025-05-02 18:00:07.315,2025-05-02 20:32:02.644,"1746208807.315","1746208807.315",2.53,2.53,-4e-15,78.5,77.2,78.5,76,NA,0.02,"ppm",NA,NA,NA,NA,NA,0.0511,0.000457,0.129,5.56,0.0497,13.9,NA,NA,NA,NA,NA,NA,NA,NA,NA,NA,NA,"0.15","0.0337","0.224666666666667",0,0,0,NA,NA,""
3382,3386,94806,949,32,2025-05-02 20:32:02.644,2025-05-02 23:03:57.528,"1746217922.644","1746217922.644",2.53,2.53,-6.62e-11,81,79.8,81,78.5,NA,0.0134,"ppm",NA,NA,NA,NA,NA,0.0335,3e-04,0.0849,5.64,0.0505,9.82,NA,NA,NA,NA,NA,NA,NA,NA,NA,NA,NA,"0.15","0.0337","0.224666666666667",0,0,0,NA,NA,""
3382,3386,94807,950,33,2025-05-02 23:03:57.528,2025-05-03 01:35:53.749,"1746227037.528","1746227037.528",2.53,2.53,6.62e-11,83.6,82.3,83.6,81,NA,0.0117,"ppm",NA,NA,NA,NA,NA,0.0168,0.000151,0.0426,5.68,0.0509,7.79,NA,NA,NA,NA,NA,NA,NA,NA,NA,NA,NA,"0.15","0.0337","0.224666666666667",0,0,0,NA,NA,""
3382,3386,94808,951,34,2025-05-03 01:35:53.749,2025-05-03 04:07:48.928,"1746236153.749","1746236153.749",2.53,2.53,4e-15,86.1,84.8,86.1,83.6,NA,0.0107,"ppm",NA,NA,NA,NA,NA,0.0101,9.04e-05,0.0256,5.71,0.0511,5.47,NA,NA,NA,NA,NA,NA,NA,NA,NA,NA,NA,"0.15","0.0337","0.224666666666667",0,0,0,NA,NA,""
3382,3386,94809,952,35,2025-05-03 04:07:48.928,2025-05-03 06:39:43.232,"1746245268.928","1746245268.928",2.53,2.53,-6.62e-11,88.6,87.4,88.6,86.1,NA,0.011,"ppm",NA,NA,NA,NA,NA,0.00798,7.15e-05,0.0202,5.73,0.0513,5.03,NA,NA,NA,NA,NA,NA,NA,NA,NA,NA,NA,"0.15","0.0337","0.224666666666667",0,0,0,NA,NA,""
3382,3386,94810,953,36,2025-05-03 06:39:43.232,2025-05-03 09:11:38.763,"1746254383.232","1746254383.232",2.53,2.53,6.62e-11,91.2,89.9,91.2,88.6,NA,0.0155,"ppm",NA,NA,NA,NA,NA,0.0058,5.19e-05,0.0147,5.74,0.0514,7.16,NA,NA,NA,NA,NA,NA,NA,NA,NA,NA,NA,"0.15","0.0337","0.224666666666667",0,0,0,NA,NA,""
3382,3386,94811,954,37,2025-05-03 09:11:38.763,2025-05-03 11:43:34.694,"1746263498.763","1746263498.763",2.53,2.53,3.55e-15,93.7,92.4,93.7,91.2,NA,0.0261,"ppm",NA,NA,NA,NA,NA,0.0261,0.000234,0.0661,5.81,0.052,10.8,NA,NA,NA,NA,NA,NA,NA,NA,NA,NA,NA,"0.15","0.0337","0.224666666666667",0,0,0,NA,NA,""
3382,3386,94812,955,38,2025-05-03 11:43:34.694,2025-05-03 14:15:29.298,"1746272614.694","1746272614.694",2.53,2.53,-6.62e-11,96.2,95,96.2,93.7,NA,0.0312,"ppm",NA,NA,NA,NA,NA,0.0454,0.000406,0.115,5.93,0.053,13.8,NA,NA,NA,NA,NA,NA,NA,NA,NA,NA,NA,"0.15","0.0337","0.224666666666667",0,0,0,NA,NA,""
3382,3386,94813,956,39,2025-05-03 14:15:29.298,2025-05-03 16:47:25.151,"1746281729.298","1746281729.298",2.53,2.53,6.62e-11,98.8,97.5,98.8,96.2,NA,0.0287,"ppm",NA,NA,NA,NA,NA,0.0444,0.000397,0.112,6.04,0.054,14.3,NA,NA,NA,NA,NA,NA,NA,NA,NA,NA,NA,"0.15","0.0337","0.224666666666667",0,0,0,NA,NA,""
3382,3386,94814,957,40,2025-05-03 16:47:25.151,2025-05-03 19:19:19.677,"1746290845.151","1746290845.151",2.53,2.53,4.44e-15,101,100,101,98.8,NA,0.0226,"ppm",NA,NA,NA,NA,NA,0.0342,0.000306,0.0865,6.12,0.0548,13.2,NA,NA,NA,NA,NA,NA,NA,NA,NA,NA,NA,"0.15","0.0337","0.224666666666667",0,0,0,NA,NA,""
3382,3386,94815,958,41,2025-05-03 19:19:19.677,2025-05-03 21:51:14.874,"1746299959.677","1746299959.677",2.53,2.53,-4e-15,104,103,104,101,NA,0.0146,"ppm",NA,NA,NA,NA,NA,0.0279,0.00025,0.0707,6.2,0.0554,12,NA,NA,NA,NA,NA,NA,NA,NA,NA,NA,NA,"0.15","0.0337","0.224666666666667",0,0,0,NA,NA,""
3382,3386,94816,959,42,2025-05-03 21:51:14.874,2025-05-04 00:23:10.325,"1746309074.874","1746309074.874",2.53,2.53,5.33e-15,106,105,106,104,NA,0.0113,"ppm",NA,NA,NA,NA,NA,0.0214,0.000192,0.0542,6.25,0.0559,7.36,NA,NA,NA,NA,NA,NA,NA,NA,NA,NA,NA,"0.15","0.0337","0.224666666666667",0,0,0,NA,NA,""
3382,3386,94817,960,43,2025-05-04 00:23:10.325,2025-05-04 02:55:05.065,"1746318190.325","1746318190.325",2.53,2.53,-1.33e-15,109,108,109,106,NA,0.00964,"ppm",NA,NA,NA,NA,NA,0.00869,7.78e-05,0.022,6.27,0.0561,5.86,NA,NA,NA,NA,NA,NA,NA,NA,NA,NA,NA,"0.15","0.0337","0.224666666666667",0,0,0,NA,NA,""
3382,3386,94818,961,44,2025-05-04 02:55:05.065,2025-05-04 05:27:00.457,"1746327305.065","1746327305.065",2.53,2.53,3.11e-15,111,110,111,109,NA,0.00952,"ppm",NA,NA,NA,NA,NA,0.00897,8.03e-05,0.0227,6.29,0.0563,7.06,NA,NA,NA,NA,NA,NA,NA,NA,NA,NA,NA,"0.15","0.0337","0.224666666666667",0,0,0,NA,NA,""
3382,3386,94819,962,45,2025-05-04 05:27:00.457,2025-05-04 07:58:56.161,"1746336420.457","1746336420.457",2.53,2.53,-4.44e-16,114,113,114,111,NA,0.00854,"ppm",NA,NA,NA,NA,NA,0.0119,0.000106,0.03,6.32,0.0566,6.43,NA,NA,NA,NA,NA,NA,NA,NA,NA,NA,NA,"0.15","0.0337","0.224666666666667",0,0,0,NA,NA,""
3382,3386,94820,963,46,2025-05-04 07:58:56.161,2025-05-04 10:30:51.707,"1746345536.161","1746345536.161",2.53,2.53,-8.88e-16,116,115,116,114,NA,0.0111,"ppm",NA,NA,NA,NA,NA,0.0196,0.000175,0.0496,6.37,0.057,5.37,NA,NA,NA,NA,NA,NA,NA,NA,NA,NA,NA,"0.15","0.0337","0.224666666666667",0,0,0,NA,NA,""
3382,3386,94821,964,47,2025-05-04 10:30:51.707,2025-05-04 13:02:46.884,"1746354651.707","1746354651.707",2.53,2.53,-6.62e-11,119,118,119,116,NA,0.0171,"ppm",NA,NA,NA,NA,NA,0.0189,0.000169,0.0478,6.42,0.0575,6.71,NA,NA,NA,NA,NA,NA,NA,NA,NA,NA,NA,"0.15","0.0337","0.224666666666667",0,0,0,NA,NA,""
3382,3386,94822,965,48,2025-05-04 13:02:46.884,2025-05-04 15:34:41.753,"1746363766.884","1746363766.884",2.53,2.53,6.62e-11,122,120,122,119,NA,0.0224,"ppm",NA,NA,NA,NA,NA,0.0208,0.000186,0.0526,6.47,0.0579,8.45,NA,NA,NA,NA,NA,NA,NA,NA,NA,NA,NA,"0.15","0.0337","0.224666666666667",0,0,0,NA,NA,""
3382,3386,94823,966,49,2025-05-04 15:34:41.753,2025-05-04 18:06:37.256,"1746372881.753","1746372881.753",2.53,2.53,5.33e-15,124,123,124,122,NA,0.0195,"ppm",NA,NA,NA,NA,NA,0.0293,0.000262,0.0742,6.55,0.0586,9.28,NA,NA,NA,NA,NA,NA,NA,NA,NA,NA,NA,"0.15","0.0337","0.224666666666667",0,0,0,NA,NA,""
3382,3386,94824,967,50,2025-05-04 18:06:37.256,2025-05-04 20:38:33.178,"1746381997.256","1746381997.256",2.53,2.53,-2.22e-15,127,125,127,124,NA,0.0132,"ppm",NA,NA,NA,NA,NA,0.0259,0.000231,0.0655,6.61,0.0592,8.92,NA,NA,NA,NA,NA,NA,NA,NA,NA,NA,NA,"0.15","0.0337","0.224666666666667",0,0,0,NA,NA,""
3382,3386,94825,968,51,2025-05-04 20:38:33.178,2025-05-04 23:10:27.516,"1746391113.178","1746391113.178",2.53,2.53,4.44e-16,129,128,129,127,NA,0.00714,"ppm",NA,NA,NA,NA,NA,0.0181,0.000162,0.0457,6.66,0.0596,4.85,NA,NA,NA,NA,NA,NA,NA,NA,NA,NA,NA,"0.15","0.0337","0.224666666666667",0,0,0,NA,NA,""
3382,3386,94826,969,52,2025-05-04 23:10:27.516,2025-05-05 01:42:23.571,"1746400227.516","1746400227.516",2.53,2.53,-3.55e-15,132,130,132,129,NA,0.00513,"ppm",NA,NA,NA,NA,NA,0.00941,8.42e-05,0.0238,6.68,0.0598,0.46,NA,NA,NA,NA,NA,NA,NA,NA,NA,NA,NA,"0.15","0.0337","0.224666666666667",0,0,0,NA,NA,""
3382,3386,94827,970,53,2025-05-05 01:42:23.571,2025-05-05 04:14:17.552,"1746409343.571","1746409343.571",2.53,2.53,-4e-15,134,133,134,132,NA,0.00494,"ppm",NA,NA,NA,NA,NA,0.00484,4.33e-05,0.0122,6.7,0.0599,-1.52,NA,NA,NA,NA,NA,NA,NA,NA,NA,NA,NA,"0.15","0.0337","0.224666666666667",0,0,0,NA,NA,""
3382,3386,94828,971,54,2025-05-05 04:14:17.552,2025-05-05 06:46:12.78,"1746418457.552","1746418457.552",2.53,2.53,5.33e-15,137,135,137,134,NA,0.00526,"ppm",NA,NA,NA,NA,NA,0.00399,3.57e-05,0.0101,6.71,0.06,-1.21,NA,NA,NA,NA,NA,NA,NA,NA,NA,NA,NA,"0.15","0.0337","0.224666666666667",0,0,0,NA,NA,""
3382,3386,94829,972,55,2025-05-05 06:46:12.78,2025-05-05 09:18:08.042,"1746427572.78","1746427572.78",2.53,2.53,-4e-15,139,138,139,137,NA,0.0115,"ppm",NA,NA,NA,NA,NA,0.00389,3.48e-05,0.00986,6.72,0.0601,3.8,NA,NA,NA,NA,NA,NA,NA,NA,NA,NA,NA,"0.15","0.0337","0.224666666666667",0,0,0,NA,NA,""
3383,3387,94830,973,1,2025-04-29 14:10:19.075,2025-04-29 16:42:14.628,"1745935819.075","1745935819.075",2.53,2.53,1.78e-15,2.53,1.27,2.53,0,NA,0.137,"ppm",NA,NA,NA,NA,NA,0.745,0.00667,1.89,1.89,0.0169,17.5,NA,NA,NA,NA,NA,NA,NA,NA,NA,NA,NA,"0.15","0.0337","0.224666666666667",0,0,0,NA,NA,""
3383,3387,94831,974,2,2025-04-29 16:42:14.628,2025-04-29 19:14:12.782,"1745944934.628","1745944934.628",2.53,2.53,-1.33e-15,5.06,3.8,5.06,2.53,NA,0.0854,"ppm",NA,NA,NA,NA,NA,0.399,0.00357,1.01,2.9,0.0259,17.1,NA,NA,NA,NA,NA,NA,NA,NA,NA,NA,NA,"0.15","0.0337","0.224666666666667",0,0,0,NA,NA,""
3383,3387,94832,975,3,2025-04-29 19:14:12.782,2025-04-29 21:46:09.391,"1745954052.782","1745954052.782",2.53,2.53,-2.22e-15,7.6,6.33,7.6,5.06,NA,0.0419,"ppm",NA,NA,NA,NA,NA,0.249,0.00223,0.63,3.53,0.0316,13.5,NA,NA,NA,NA,NA,NA,NA,NA,NA,NA,NA,"0.15","0.0337","0.224666666666667",0,0,0,NA,NA,""
3383,3387,94833,976,4,2025-04-29 21:46:09.391,2025-04-30 00:18:07.174,"1745963169.391","1745963169.391",2.53,2.53,-8.88e-16,10.1,8.86,10.1,7.6,NA,0.038,"ppm",NA,NA,NA,NA,NA,0.15,0.00134,0.38,3.91,0.035,9.91,NA,NA,NA,NA,NA,NA,NA,NA,NA,NA,NA,"0.15","0.0337","0.224666666666667",0,0,0,NA,NA,""
3383,3387,94834,977,5,2025-04-30 00:18:07.174,2025-04-30 02:50:03.273,"1745972287.174","1745972287.174",2.53,2.53,-4e-15,12.7,11.4,12.7,10.1,NA,0.0281,"ppm",NA,NA,NA,NA,NA,0.0825,0.000738,0.209,4.12,0.0368,8.68,NA,NA,NA,NA,NA,NA,NA,NA,NA,NA,NA,"0.15","0.0337","0.224666666666667",0,0,0,NA,NA,""
3383,3387,94835,978,6,2025-04-30 02:50:03.273,2025-04-30 05:22:01.549,"1745981403.273","1745981403.273",2.53,2.53,-2.22e-15,15.2,13.9,15.2,12.7,NA,0.024,"ppm",NA,NA,NA,NA,NA,0.0492,0.00044,0.125,4.24,0.038,7.81,NA,NA,NA,NA,NA,NA,NA,NA,NA,NA,NA,"0.15","0.0337","0.224666666666667",0,0,0,NA,NA,""
3383,3387,94836,979,7,2025-04-30 05:22:01.549,2025-04-30 07:53:58.907,"1745990521.549","1745990521.549",2.53,2.53,-8.88e-16,17.7,16.5,17.7,15.2,NA,0.0288,"ppm",NA,NA,NA,NA,NA,0.0321,0.000287,0.0813,4.32,0.0387,8.02,NA,NA,NA,NA,NA,NA,NA,NA,NA,NA,NA,"0.15","0.0337","0.224666666666667",0,0,0,NA,NA,""
3383,3387,94837,980,8,2025-04-30 07:53:58.907,2025-04-30 10:25:54.279,"1745999638.907","1745999638.907",2.53,2.53,0,20.3,19,20.3,17.7,NA,0.0299,"ppm",NA,NA,NA,NA,NA,0.072,0.000644,0.182,4.51,0.0403,12.4,NA,NA,NA,NA,NA,NA,NA,NA,NA,NA,NA,"0.15","0.0337","0.224666666666667",0,0,0,NA,NA,""
3383,3387,94838,981,9,2025-04-30 10:25:54.279,2025-04-30 12:57:49.519,"1746008754.279","1746008754.279",2.53,2.53,0,22.8,21.5,22.8,20.3,NA,0.0365,"ppm",NA,NA,NA,NA,NA,0.104,0.000928,0.262,4.77,0.0427,13.6,NA,NA,NA,NA,NA,NA,NA,NA,NA,NA,NA,"0.15","0.0337","0.224666666666667",0,0,0,NA,NA,""
3383,3387,94839,982,10,2025-04-30 12:57:49.519,2025-04-30 15:29:44.838,"1746017869.519","1746017869.519",2.53,2.53,5.33e-15,25.3,24.1,25.3,22.8,NA,0.0542,"ppm",NA,NA,NA,NA,NA,0.0962,0.000861,0.244,5.01,0.0448,15.6,NA,NA,NA,NA,NA,NA,NA,NA,NA,NA,NA,"0.15","0.0337","0.224666666666667",0,0,0,NA,NA,""
3383,3387,94840,983,11,2025-04-30 15:29:44.838,2025-04-30 18:01:39.256,"1746026984.838","1746026984.838",2.53,2.53,8.88e-16,27.9,26.6,27.9,25.3,NA,0.0488,"ppm",NA,NA,NA,NA,NA,0.106,0.000946,0.268,5.28,0.0472,16.4,NA,NA,NA,NA,NA,NA,NA,NA,NA,NA,NA,"0.15","0.0337","0.224666666666667",0,0,0,NA,NA,""
3383,3387,94841,984,12,2025-04-30 18:01:39.256,2025-04-30 20:33:35.038,"1746036099.256","1746036099.256",2.53,2.53,-8.88e-16,30.4,29.1,30.4,27.9,NA,0.0324,"ppm",NA,NA,NA,NA,NA,0.0978,0.000875,0.248,5.53,0.0495,14.8,NA,NA,NA,NA,NA,NA,NA,NA,NA,NA,NA,"0.15","0.0337","0.224666666666667",0,0,0,NA,NA,""
3383,3387,94842,985,13,2025-04-30 20:33:35.038,2025-04-30 23:05:29.505,"1746045215.038","1746045215.038",2.53,2.53,1.78e-15,32.9,31.7,32.9,30.4,NA,0.0186,"ppm",NA,NA,NA,NA,NA,0.0695,0.000622,0.176,5.7,0.051,7.68,NA,NA,NA,NA,NA,NA,NA,NA,NA,NA,NA,"0.15","0.0337","0.224666666666667",0,0,0,NA,NA,""
3383,3387,94843,986,14,2025-04-30 23:05:29.505,2025-05-01 01:37:24.871,"1746054329.505","1746054329.505",2.53,2.53,3.11e-15,35.5,34.2,35.5,32.9,NA,0.0121,"ppm",NA,NA,NA,NA,NA,0.0326,0.000292,0.0825,5.79,0.0518,5.08,NA,NA,NA,NA,NA,NA,NA,NA,NA,NA,NA,"0.15","0.0337","0.224666666666667",0,0,0,NA,NA,""
3383,3387,94844,987,15,2025-05-01 01:37:24.871,2025-05-01 04:09:19.618,"1746063444.871","1746063444.871",2.53,2.53,1.33e-15,38,36.7,38,35.5,NA,0.0119,"ppm",NA,NA,NA,NA,NA,0.00648,5.8e-05,0.0164,5.8,0.0519,3.89,NA,NA,NA,NA,NA,NA,NA,NA,NA,NA,NA,"0.15","0.0337","0.224666666666667",0,0,0,NA,NA,""
3383,3387,94845,988,16,2025-05-01 04:09:19.618,2025-05-01 06:41:15.286,"1746072559.618","1746072559.618",2.53,2.53,-1.78e-15,40.5,39.2,40.5,38,NA,0.0114,"ppm",NA,NA,NA,NA,NA,0.00533,4.77e-05,0.0135,5.82,0.052,3.44,NA,NA,NA,NA,NA,NA,NA,NA,NA,NA,NA,"0.15","0.0337","0.224666666666667",0,0,0,NA,NA,""
3383,3387,94846,989,17,2025-05-01 06:41:15.286,2025-05-01 09:13:10.556,"1746081675.286","1746081675.286",2.53,2.53,3.55e-15,43,41.8,43,40.5,NA,0.0201,"ppm",NA,NA,NA,NA,NA,0.0127,0.000114,0.0322,5.85,0.0523,9.92,NA,NA,NA,NA,NA,NA,NA,NA,NA,NA,NA,"0.15","0.0337","0.224666666666667",0,0,0,NA,NA,""
3383,3387,94847,990,18,2025-05-01 09:13:10.556,2025-05-01 11:45:05.588,"1746090790.556","1746090790.556",2.53,2.53,3.11e-15,45.6,44.3,45.6,43,NA,0.0374,"ppm",NA,NA,NA,NA,NA,0.0505,0.000452,0.128,5.98,0.0535,15.2,NA,NA,NA,NA,NA,NA,NA,NA,NA,NA,NA,"0.15","0.0337","0.224666666666667",0,0,0,NA,NA,""
3383,3387,94848,991,19,2025-05-01 11:45:05.588,2025-05-01 14:17:00.418,"1746099905.588","1746099905.588",2.53,2.53,4.44e-16,48.1,46.8,48.1,45.6,NA,0.0446,"ppm",NA,NA,NA,NA,NA,0.0831,0.000744,0.21,6.19,0.0554,18.3,NA,NA,NA,NA,NA,NA,NA,NA,NA,NA,NA,"0.15","0.0337","0.224666666666667",0,0,0,NA,NA,""
3383,3387,94849,992,20,2025-05-01 14:17:00.418,2025-05-01 16:48:56.078,"1746109020.418","1746109020.418",2.53,2.53,4.44e-16,50.6,49.4,50.6,48.1,NA,0.0439,"ppm",NA,NA,NA,NA,NA,0.0891,0.000797,0.226,6.41,0.0574,18.6,NA,NA,NA,NA,NA,NA,NA,NA,NA,NA,NA,"0.15","0.0337","0.224666666666667",0,0,0,NA,NA,""
3383,3387,94850,993,21,2025-05-01 16:48:56.078,2025-05-01 19:20:50.03,"1746118136.078","1746118136.078",2.53,2.53,-2.66e-15,53.2,51.9,53.2,50.6,NA,0.0371,"ppm",NA,NA,NA,NA,NA,0.0764,0.000683,0.193,6.6,0.0591,17.1,NA,NA,NA,NA,NA,NA,NA,NA,NA,NA,NA,"0.15","0.0337","0.224666666666667",0,0,0,NA,NA,""
3383,3387,94851,994,22,2025-05-01 19:20:50.03,2025-05-01 21:52:45.605,"1746127250.03","1746127250.03",2.53,2.53,-2.22e-15,55.7,54.4,55.7,53.2,NA,0.0259,"ppm",NA,NA,NA,NA,NA,0.053,0.000474,0.134,6.74,0.0603,15.6,NA,NA,NA,NA,NA,NA,NA,NA,NA,NA,NA,"0.15","0.0337","0.224666666666667",0,0,0,NA,NA,""
3383,3387,94852,995,23,2025-05-01 21:52:45.605,2025-05-02 00:24:41.257,"1746136365.605","1746136365.605",2.53,2.53,-4.44e-16,58.2,57,58.2,55.7,NA,0.0184,"ppm",NA,NA,NA,NA,NA,0.0302,0.00027,0.0764,6.82,0.061,11.8,NA,NA,NA,NA,NA,NA,NA,NA,NA,NA,NA,"0.15","0.0337","0.224666666666667",0,0,0,NA,NA,""
3383,3387,94853,996,24,2025-05-02 00:24:41.257,2025-05-02 02:56:36.076,"1746145481.257","1746145481.257",2.53,2.53,4e-15,60.8,59.5,60.8,58.2,NA,0.0186,"ppm",NA,NA,NA,NA,NA,0.0118,0.000105,0.0298,6.85,0.0613,11.6,NA,NA,NA,NA,NA,NA,NA,NA,NA,NA,NA,"0.15","0.0337","0.224666666666667",0,0,0,NA,NA,""
3383,3387,94854,997,25,2025-05-02 02:56:36.076,2025-05-02 05:28:31.53,"1746154596.076","1746154596.076",2.53,2.53,4e-15,63.3,62,63.3,60.8,NA,0.0192,"ppm",NA,NA,NA,NA,NA,0.0124,0.000111,0.0315,6.88,0.0615,11.3,NA,NA,NA,NA,NA,NA,NA,NA,NA,NA,NA,"0.15","0.0337","0.224666666666667",0,0,0,NA,NA,""
3383,3387,94855,998,26,2025-05-02 05:28:31.53,2025-05-02 08:00:26.684,"1746163711.53","1746163711.53",2.53,2.53,1.78e-15,65.8,64.6,65.8,63.3,NA,0.0206,"ppm",NA,NA,NA,NA,NA,0.0132,0.000118,0.0333,6.91,0.0618,11.7,NA,NA,NA,NA,NA,NA,NA,NA,NA,NA,NA,"0.15","0.0337","0.224666666666667",0,0,0,NA,NA,""
3383,3387,94856,999,27,2025-05-02 08:00:26.684,2025-05-02 10:32:20.888,"1746172826.684","1746172826.684",2.53,2.53,-3.55e-15,68.4,67.1,68.4,65.8,NA,0.0205,"ppm",NA,NA,NA,NA,NA,0.0126,0.000112,0.0318,6.94,0.0621,10.8,NA,NA,NA,NA,NA,NA,NA,NA,NA,NA,NA,"0.15","0.0337","0.224666666666667",0,0,0,NA,NA,""
3383,3387,94857,1000,28,2025-05-02 10:32:20.888,2025-05-02 13:04:16.585,"1746181940.888","1746181940.888",2.53,2.53,-3.11e-15,70.9,69.6,70.9,68.4,NA,0.025,"ppm",NA,NA,NA,NA,NA,0.0462,0.000413,0.117,7.06,0.0632,12.3,NA,NA,NA,NA,NA,NA,NA,NA,NA,NA,NA,"0.15","0.0337","0.224666666666667",0,0,0,NA,NA,""
3383,3387,94858,1000,29,2025-05-02 13:04:16.585,2025-05-02 15:36:11.793,"1746191056.585","1746191056.585",2.53,2.53,2.22e-15,73.4,72.2,73.4,70.9,NA,0.03,"ppm",NA,NA,NA,NA,NA,0.0722,0.000646,0.183,7.24,0.0648,13.6,NA,NA,NA,NA,NA,NA,NA,NA,NA,NA,NA,"0.15","0.0337","0.224666666666667",0,0,0,NA,NA,""
3383,3387,94859,1000,30,2025-05-02 15:36:11.793,2025-05-02 18:08:07.026,"1746200171.793","1746200171.793",2.53,2.53,-2.66e-15,76,74.7,76,73.4,NA,0.0275,"ppm",NA,NA,NA,NA,NA,0.0596,0.000533,0.151,7.39,0.0662,14.6,NA,NA,NA,NA,NA,NA,NA,NA,NA,NA,NA,"0.15","0.0337","0.224666666666667",0,0,0,NA,NA,""
3383,3387,94860,1000,31,2025-05-02 18:08:07.026,2025-05-02 20:40:01.913,"1746209287.026","1746209287.026",2.53,2.53,2.22e-15,78.5,77.2,78.5,76,NA,0.02,"ppm",NA,NA,NA,NA,NA,0.0497,0.000445,0.126,7.52,0.0673,13.9,NA,NA,NA,NA,NA,NA,NA,NA,NA,NA,NA,"0.15","0.0337","0.224666666666667",0,0,0,NA,NA,""
3383,3387,94861,1000,32,2025-05-02 20:40:01.913,2025-05-02 23:11:58.04,"1746218401.913","1746218401.913",2.53,2.53,-3.55e-15,81,79.8,81,78.5,NA,0.0134,"ppm",NA,NA,NA,NA,NA,0.0328,0.000293,0.083,7.6,0.068,9.82,NA,NA,NA,NA,NA,NA,NA,NA,NA,NA,NA,"0.15","0.0337","0.224666666666667",0,0,0,NA,NA,""
3383,3387,94862,1000,33,2025-05-02 23:11:58.04,2025-05-03 01:43:53.815,"1746227518.04","1746227518.04",2.53,2.53,-3.11e-15,83.6,82.3,83.6,81,NA,0.0117,"ppm",NA,NA,NA,NA,NA,0.0134,0.00012,0.034,7.64,0.0683,7.79,NA,NA,NA,NA,NA,NA,NA,NA,NA,NA,NA,"0.15","0.0337","0.224666666666667",0,0,0,NA,NA,""
3383,3387,94863,1010,34,2025-05-03 01:43:53.815,2025-05-03 04:15:48.144,"1746236633.815","1746236633.815",2.53,2.53,4e-15,86.1,84.8,86.1,83.6,NA,0.0107,"ppm",NA,NA,NA,NA,NA,0.00467,4.18e-05,0.0118,7.65,0.0684,5.47,NA,NA,NA,NA,NA,NA,NA,NA,NA,NA,NA,"0.15","0.0337","0.224666666666667",0,0,0,NA,NA,""
3383,3387,94864,1010,35,2025-05-03 04:15:48.144,2025-05-03 06:47:43.219,"1746245748.144","1746245748.144",2.53,2.53,-6.62e-11,88.6,87.4,88.6,86.1,NA,0.011,"ppm",NA,NA,NA,NA,NA,0.00224,2.01e-05,0.00568,7.65,0.0685,5.03,NA,NA,NA,NA,NA,NA,NA,NA,NA,NA,NA,"0.15","0.0337","0.224666666666667",0,0,0,NA,NA,""
3383,3387,94865,1010,36,2025-05-03 06:47:43.219,2025-05-03 09:19:38.239,"1746254863.219","1746254863.219",2.53,2.53,-1.78e-15,91.2,89.9,91.2,88.6,NA,0.0155,"ppm",NA,NA,NA,NA,NA,0.000218,1.95e-06,0.000552,7.65,0.0685,7.16,NA,NA,NA,NA,NA,NA,NA,NA,NA,NA,NA,"0.15","0.0337","0.224666666666667",0,0,0,NA,NA,""
3383,3387,94866,1010,37,2025-05-03 09:19:38.239,2025-05-03 11:51:34.785,"1746263978.239","1746263978.239",2.53,2.53,1.33e-15,93.7,92.4,93.7,91.2,NA,0.0261,"ppm",NA,NA,NA,NA,NA,0.0279,0.00025,0.0707,7.72,0.0691,10.8,NA,NA,NA,NA,NA,NA,NA,NA,NA,NA,NA,"0.15","0.0337","0.224666666666667",0,0,0,NA,NA,""
3383,3387,94867,1010,38,2025-05-03 11:51:34.785,2025-05-03 14:23:28.572,"1746273094.785","1746273094.785",2.53,2.53,6.62e-11,96.2,95,96.2,93.7,NA,0.0312,"ppm",NA,NA,NA,NA,NA,0.0485,0.000434,0.123,7.85,0.0702,13.8,NA,NA,NA,NA,NA,NA,NA,NA,NA,NA,NA,"0.15","0.0337","0.224666666666667",0,0,0,NA,NA,""
3383,3387,94868,1010,39,2025-05-03 14:23:28.572,2025-05-03 16:55:24.391,"1746282208.572","1746282208.572",2.53,2.53,-3.55e-15,98.8,97.5,98.8,96.2,NA,0.0287,"ppm",NA,NA,NA,NA,NA,0.0371,0.000332,0.094,7.94,0.0711,14.3,NA,NA,NA,NA,NA,NA,NA,NA,NA,NA,NA,"0.15","0.0337","0.224666666666667",0,0,0,NA,NA,""
3383,3387,94869,1010,40,2025-05-03 16:55:24.391,2025-05-03 19:27:19.461,"1746291324.391","1746291324.391",2.53,2.53,4.89e-15,101,100,101,98.8,NA,0.0226,"ppm",NA,NA,NA,NA,NA,0.0317,0.000284,0.0802,8.02,0.0718,13.2,NA,NA,NA,NA,NA,NA,NA,NA,NA,NA,NA,"0.15","0.0337","0.224666666666667",0,0,0,NA,NA,""
3383,3387,94870,1010,41,2025-05-03 19:27:19.461,2025-05-03 21:59:13.94,"1746300439.461","1746300439.461",2.53,2.53,-3.55e-15,104,103,104,101,NA,0.0146,"ppm",NA,NA,NA,NA,NA,0.0308,0.000276,0.078,8.1,0.0725,12,NA,NA,NA,NA,NA,NA,NA,NA,NA,NA,NA,"0.15","0.0337","0.224666666666667",0,0,0,NA,NA,""
3383,3387,94871,1010,42,2025-05-03 21:59:13.94,2025-05-04 00:31:09.476,"1746309553.94","1746309553.94",2.53,2.53,-6.62e-11,106,105,106,104,NA,0.0113,"ppm",NA,NA,NA,NA,NA,0.0182,0.000163,0.0462,8.15,0.0729,7.36,NA,NA,NA,NA,NA,NA,NA,NA,NA,NA,NA,"0.15","0.0337","0.224666666666667",0,0,0,NA,NA,""
3383,3387,94872,1020,43,2025-05-04 00:31:09.476,2025-05-04 03:03:04.967,"1746318669.476","1746318669.476",2.53,2.53,6.62e-11,109,108,109,106,NA,0.00964,"ppm",NA,NA,NA,NA,NA,0.00341,3.05e-05,0.00864,8.15,0.073,4.83,NA,NA,NA,NA,NA,NA,NA,NA,NA,NA,NA,"0.15","0.0337","0.224666666666667",0,0,0,NA,NA,""
3383,3387,94873,1020,44,2025-05-04 03:03:04.967,2025-05-04 05:35:00.332,"1746327784.967","1746327784.967",2.53,2.53,-2.66e-15,111,110,111,109,NA,0.00952,"ppm",NA,NA,NA,NA,NA,0.00446,3.99e-05,0.0113,8.16,0.0731,7.06,NA,NA,NA,NA,NA,NA,NA,NA,NA,NA,NA,"0.15","0.0337","0.224666666666667",0,0,0,NA,NA,""
3383,3387,94874,1020,45,2025-05-04 05:35:00.332,2025-05-04 08:06:55.246,"1746336900.332","1746336900.332",2.53,2.53,-2.22e-15,114,113,114,111,NA,0.00854,"ppm",NA,NA,NA,NA,NA,0.00945,8.46e-05,0.0239,8.19,0.0733,5.53,NA,NA,NA,NA,NA,NA,NA,NA,NA,NA,NA,"0.15","0.0337","0.224666666666667",0,0,0,NA,NA,""
3383,3387,94875,1020,46,2025-05-04 08:06:55.246,2025-05-04 10:38:50.642,"1746346015.246","1746346015.246",2.53,2.53,-3.11e-15,116,115,116,114,NA,0.0111,"ppm",NA,NA,NA,NA,NA,0.0193,0.000172,0.0488,8.24,0.0737,5.37,NA,NA,NA,NA,NA,NA,NA,NA,NA,NA,NA,"0.15","0.0337","0.224666666666667",0,0,0,NA,NA,""
3383,3387,94876,1020,47,2025-05-04 10:38:50.642,2025-05-04 13:10:46.016,"1746355130.642","1746355130.642",2.53,2.53,3.55e-15,119,118,119,116,NA,0.0171,"ppm",NA,NA,NA,NA,NA,0.0216,0.000193,0.0546,8.29,0.0742,6.71,NA,NA,NA,NA,NA,NA,NA,NA,NA,NA,NA,"0.15","0.0337","0.224666666666667",0,0,0,NA,NA,""
3383,3387,94877,1020,48,2025-05-04 13:10:46.016,2025-05-04 15:42:40.822,"1746364246.016","1746364246.016",2.53,2.53,4e-15,122,120,122,119,NA,0.0224,"ppm",NA,NA,NA,NA,NA,0.0243,0.000217,0.0615,8.35,0.0748,8.45,NA,NA,NA,NA,NA,NA,NA,NA,NA,NA,NA,"0.15","0.0337","0.224666666666667",0,0,0,NA,NA,""
3383,3387,94878,1020,49,2025-05-04 15:42:40.822,2025-05-04 18:14:37.122,"1746373360.822","1746373360.822",2.53,2.53,0,124,123,124,122,NA,0.0195,"ppm",NA,NA,NA,NA,NA,0.0319,0.000286,0.0809,8.43,0.0755,9.28,NA,NA,NA,NA,NA,NA,NA,NA,NA,NA,NA,"0.15","0.0337","0.224666666666667",0,0,0,NA,NA,""
3383,3387,94879,1020,50,2025-05-04 18:14:37.122,2025-05-04 20:46:31.9,"1746382477.122","1746382477.122",2.53,2.53,3.11e-15,127,125,127,124,NA,0.0132,"ppm",NA,NA,NA,NA,NA,0.027,0.000242,0.0684,8.5,0.0761,8.92,NA,NA,NA,NA,NA,NA,NA,NA,NA,NA,NA,"0.15","0.0337","0.224666666666667",0,0,0,NA,NA,""
3383,3387,94880,1020,51,2025-05-04 20:46:31.9,2025-05-04 23:18:26.213,"1746391591.9","1746391591.9",2.53,2.53,5.33e-15,129,128,129,127,NA,0.00714,"ppm",NA,NA,NA,NA,NA,0.0165,0.000147,0.0417,8.54,0.0765,4.85,NA,NA,NA,NA,NA,NA,NA,NA,NA,NA,NA,"0.15","0.0337","0.224666666666667",0,0,0,NA,NA,""
3383,3387,94881,1020,52,2025-05-04 23:18:26.213,2025-05-05 01:50:22.298,"1746400706.213","1746400706.213",2.53,2.53,-6.62e-11,132,130,132,129,NA,0.00513,"ppm",NA,NA,NA,NA,NA,0.0062,5.55e-05,0.0157,8.56,0.0766,0.46,NA,NA,NA,NA,NA,NA,NA,NA,NA,NA,NA,"0.15","0.0337","0.224666666666667",0,0,0,NA,NA,""
3383,3387,94882,1020,53,2025-05-05 01:50:22.298,2025-05-05 04:22:17.219,"1746409822.298","1746409822.298",2.53,2.53,4.44e-16,134,133,134,132,NA,0.00494,"ppm",NA,NA,NA,NA,NA,0.000896,8.02e-06,0.00227,8.56,0.0766,-1.52,NA,NA,NA,NA,NA,NA,NA,NA,NA,NA,NA,"0.15","0.0337","0.224666666666667",0,0,0,NA,NA,""
3383,3387,94883,1030,54,2025-05-05 04:22:17.219,2025-05-05 06:54:13.269,"1746418937.219","1746418937.219",2.53,2.53,6.62e-11,137,135,137,134,NA,0.00526,"ppm",NA,NA,NA,NA,NA,-5.31e-05,-4.75e-07,-0.000134,8.56,0.0766,-1.21,NA,NA,NA,NA,NA,NA,NA,NA,NA,NA,NA,"0.15","0.0337","0.224666666666667",0,0,0,NA,NA,""
3383,3387,94884,1030,55,2025-05-05 06:54:13.269,2025-05-05 09:26:07.878,"1746428053.269","1746428053.269",2.53,2.53,3.55e-15,139,138,139,137,NA,0.0115,"ppm",NA,NA,NA,NA,NA,0.000461,4.12e-06,0.00117,8.56,0.0766,3.8,NA,NA,NA,NA,NA,NA,NA,NA,NA,NA,NA,"0.15","0.0337","0.224666666666667",0,0,0,NA,NA,""
3384,3388,94885,1030,1,2025-04-29 14:26:17.934,2025-04-29 16:58:14.954,"1745936777.934","1745936777.934",2.53,2.53,2.66e-15,2.53,1.27,2.53,0,NA,0.137,"ppm",NA,NA,NA,NA,NA,2.16,0.0176,5.47,5.47,0.0445,17.5,NA,NA,NA,NA,NA,NA,NA,NA,NA,NA,NA,"0.15","0.0337","0.224666666666667",0,0,0,NA,NA,""
3384,3388,94886,1030,2,2025-04-29 16:58:14.954,2025-04-29 19:30:11.553,"1745945894.954","1745945894.954",2.53,2.53,-3.11e-15,5.06,3.8,5.06,2.53,NA,0.0854,"ppm",NA,NA,NA,NA,NA,1.18,0.00955,2.98,8.44,0.0686,17.1,NA,NA,NA,NA,NA,NA,NA,NA,NA,NA,NA,"0.15","0.0337","0.224666666666667",0,0,0,NA,NA,""
3384,3388,94887,1030,3,2025-04-29 19:30:11.553,2025-04-29 22:02:09.742,"1745955011.553","1745955011.553",2.53,2.53,4.44e-15,7.6,6.33,7.6,5.06,NA,0.0419,"ppm",NA,NA,NA,NA,NA,0.726,0.00591,1.84,10.3,0.0836,11.3,NA,NA,NA,NA,NA,NA,NA,NA,NA,NA,NA,"0.15","0.0337","0.224666666666667",0,0,0,NA,NA,""
3384,3388,94888,1030,4,2025-04-29 22:02:09.742,2025-04-30 00:34:06.836,"1745964129.742","1745964129.742",2.53,2.53,-4e-15,10.1,8.86,10.1,7.6,NA,0.038,"ppm",NA,NA,NA,NA,NA,0.431,0.0035,1.09,11.4,0.0925,9.91,NA,NA,NA,NA,NA,NA,NA,NA,NA,NA,NA,"0.15","0.0337","0.224666666666667",0,0,0,NA,NA,""
3384,3388,94889,1030,5,2025-04-30 00:34:06.836,2025-04-30 03:06:03.686,"1745973246.836","1745973246.836",2.53,2.53,-6.62e-11,12.7,11.4,12.7,10.1,NA,0.0281,"ppm",NA,NA,NA,NA,NA,0.26,0.00211,0.659,12,0.0978,8.02,NA,NA,NA,NA,NA,NA,NA,NA,NA,NA,NA,"0.15","0.0337","0.224666666666667",0,0,0,NA,NA,""
3384,3388,94890,1030,6,2025-04-30 03:06:03.686,2025-04-30 05:38:00.571,"1745982363.686","1745982363.686",2.53,2.53,6.62e-11,15.2,13.9,15.2,12.7,NA,0.024,"ppm",NA,NA,NA,NA,NA,0.202,0.00165,0.513,12.5,0.102,7.81,NA,NA,NA,NA,NA,NA,NA,NA,NA,NA,NA,"0.15","0.0337","0.224666666666667",0,0,0,NA,NA,""
3384,3388,94891,1030,7,2025-04-30 05:38:00.571,2025-04-30 08:09:57.815,"1745991480.571","1745991480.571",2.53,2.53,-1.78e-15,17.7,16.5,17.7,15.2,NA,0.0288,"ppm",NA,NA,NA,NA,NA,0.177,0.00144,0.448,13,0.106,9.75,NA,NA,NA,NA,NA,NA,NA,NA,NA,NA,NA,"0.15","0.0337","0.224666666666667",0,0,0,NA,NA,""
3384,3388,94892,1040,8,2025-04-30 08:09:57.815,2025-04-30 10:41:54.391,"1746000597.815","1746000597.815",2.53,2.53,5.33e-15,20.3,19,20.3,17.7,NA,0.0299,"ppm",NA,NA,NA,NA,NA,0.199,0.00162,0.504,13.5,0.11,12.4,NA,NA,NA,NA,NA,NA,NA,NA,NA,NA,NA,"0.15","0.0337","0.224666666666667",0,0,0,NA,NA,""
3384,3388,94893,1040,9,2025-04-30 10:41:54.391,2025-04-30 13:13:49.556,"1746009714.391","1746009714.391",2.53,2.53,-1.33e-15,22.8,21.5,22.8,20.3,NA,0.0365,"ppm",NA,NA,NA,NA,NA,0.237,0.00193,0.6,14.1,0.115,14.4,NA,NA,NA,NA,NA,NA,NA,NA,NA,NA,NA,"0.15","0.0337","0.224666666666667",0,0,0,NA,NA,""
3384,3388,94894,1040,10,2025-04-30 13:13:49.556,2025-04-30 15:45:44.569,"1746018829.556","1746018829.556",2.53,2.53,-4.44e-15,25.3,24.1,25.3,22.8,NA,0.0542,"ppm",NA,NA,NA,NA,NA,0.231,0.00188,0.585,14.7,0.119,15.6,NA,NA,NA,NA,NA,NA,NA,NA,NA,NA,NA,"0.15","0.0337","0.224666666666667",0,0,0,NA,NA,""
3384,3388,94895,1040,11,2025-04-30 15:45:44.569,2025-04-30 18:17:39.332,"1746027944.569","1746027944.569",2.53,2.53,0,27.9,26.6,27.9,25.3,NA,0.0488,"ppm",NA,NA,NA,NA,NA,0.229,0.00186,0.581,15.3,0.124,16.1,NA,NA,NA,NA,NA,NA,NA,NA,NA,NA,NA,"0.15","0.0337","0.224666666666667",0,0,0,NA,NA,""
3384,3388,94896,1040,12,2025-04-30 18:17:39.332,2025-04-30 20:49:34.608,"1746037059.332","1746037059.332",2.53,2.53,1.33e-15,30.4,29.1,30.4,27.9,NA,0.0324,"ppm",NA,NA,NA,NA,NA,0.217,0.00177,0.551,15.8,0.129,14.8,NA,NA,NA,NA,NA,NA,NA,NA,NA,NA,NA,"0.15","0.0337","0.224666666666667",0,0,0,NA,NA,""
3384,3388,94897,1040,13,2025-04-30 20:49:34.608,2025-04-30 23:21:29.178,"1746046174.608","1746046174.608",2.53,2.53,4e-15,32.9,31.7,32.9,30.4,NA,0.0186,"ppm",NA,NA,NA,NA,NA,0.151,0.00123,0.383,16.2,0.132,7.68,NA,NA,NA,NA,NA,NA,NA,NA,NA,NA,NA,"0.15","0.0337","0.224666666666667",0,0,0,NA,NA,""
3384,3388,94898,1040,14,2025-04-30 23:21:29.178,2025-05-01 01:53:24.035,"1746055289.178","1746055289.178",2.53,2.53,-6.62e-11,35.5,34.2,35.5,32.9,NA,0.0121,"ppm",NA,NA,NA,NA,NA,0.0763,0.00062,0.193,16.4,0.133,5.08,NA,NA,NA,NA,NA,NA,NA,NA,NA,NA,NA,"0.15","0.0337","0.224666666666667",0,0,0,NA,NA,""
3384,3388,94899,1040,15,2025-05-01 01:53:24.035,2025-05-01 04:25:19.631,"1746064404.035","1746064404.035",2.53,2.53,6.62e-11,38,36.7,38,35.5,NA,0.0119,"ppm",NA,NA,NA,NA,NA,0.0495,0.000402,0.125,16.5,0.134,3.89,NA,NA,NA,NA,NA,NA,NA,NA,NA,NA,NA,"0.15","0.0337","0.224666666666667",0,0,0,NA,NA,""
3384,3388,94900,1040,16,2025-05-01 04:25:19.631,2025-05-01 06:57:14.207,"1746073519.631","1746073519.631",2.53,2.53,8.88e-16,40.5,39.2,40.5,38,NA,0.0114,"ppm",NA,NA,NA,NA,NA,0.0501,0.000407,0.127,16.6,0.135,3.44,NA,NA,NA,NA,NA,NA,NA,NA,NA,NA,NA,"0.15","0.0337","0.224666666666667",0,0,0,NA,NA,""
3384,3388,94901,1040,17,2025-05-01 06:57:14.207,2025-05-01 09:29:10.595,"1746082634.207","1746082634.207",2.53,2.53,1.33e-15,43,41.8,43,40.5,NA,0.0201,"ppm",NA,NA,NA,NA,NA,0.0721,0.000586,0.183,16.8,0.137,9.92,NA,NA,NA,NA,NA,NA,NA,NA,NA,NA,NA,"0.15","0.0337","0.224666666666667",0,0,0,NA,NA,""
3384,3388,94902,1040,18,2025-05-01 09:29:10.595,2025-05-01 12:01:05.154,"1746091750.595","1746091750.595",2.53,2.53,-3.11e-15,45.6,44.3,45.6,43,NA,0.0374,"ppm",NA,NA,NA,NA,NA,0.138,0.00112,0.35,17.2,0.14,15.2,NA,NA,NA,NA,NA,NA,NA,NA,NA,NA,NA,"0.15","0.0337","0.224666666666667",0,0,0,NA,NA,""
3384,3388,94903,1050,19,2025-05-01 12:01:05.154,2025-05-01 14:32:59.994,"1746100865.154","1746100865.154",2.53,2.53,2.22e-15,48.1,46.8,48.1,45.6,NA,0.0446,"ppm",NA,NA,NA,NA,NA,0.185,0.00151,0.469,17.6,0.143,18.3,NA,NA,NA,NA,NA,NA,NA,NA,NA,NA,NA,"0.15","0.0337","0.224666666666667",0,0,0,NA,NA,""
3384,3388,94904,1050,20,2025-05-01 14:32:59.994,2025-05-01 17:04:55.75,"1746109979.994","1746109979.994",2.53,2.53,-4.44e-16,50.6,49.4,50.6,48.1,NA,0.0439,"ppm",NA,NA,NA,NA,NA,0.186,0.00152,0.472,18.1,0.147,19,NA,NA,NA,NA,NA,NA,NA,NA,NA,NA,NA,"0.15","0.0337","0.224666666666667",0,0,0,NA,NA,""
3384,3388,94905,1050,21,2025-05-01 17:04:55.75,2025-05-01 19:36:50.459,"1746119095.75","1746119095.75",2.53,2.53,-4.44e-16,53.2,51.9,53.2,50.6,NA,0.0371,"ppm",NA,NA,NA,NA,NA,0.166,0.00135,0.42,18.5,0.151,17.1,NA,NA,NA,NA,NA,NA,NA,NA,NA,NA,NA,"0.15","0.0337","0.224666666666667",0,0,0,NA,NA,""
3384,3388,94906,1050,22,2025-05-01 19:36:50.459,2025-05-01 22:08:45.542,"1746128210.459","1746128210.459",2.53,2.53,4.89e-15,55.7,54.4,55.7,53.2,NA,0.0259,"ppm",NA,NA,NA,NA,NA,0.137,0.00111,0.347,18.9,0.154,13.2,NA,NA,NA,NA,NA,NA,NA,NA,NA,NA,NA,"0.15","0.0337","0.224666666666667",0,0,0,NA,NA,""
3384,3388,94907,1050,23,2025-05-01 22:08:45.542,2025-05-02 00:40:40.723,"1746137325.542","1746137325.542",2.53,2.53,-2.66e-15,58.2,57,58.2,55.7,NA,0.0184,"ppm",NA,NA,NA,NA,NA,0.0839,0.000682,0.213,19.1,0.155,11.8,NA,NA,NA,NA,NA,NA,NA,NA,NA,NA,NA,"0.15","0.0337","0.224666666666667",0,0,0,NA,NA,""
3384,3388,94908,1050,24,2025-05-02 00:40:40.723,2025-05-02 03:12:35.65,"1746146440.723","1746146440.723",2.53,2.53,-2.22e-15,60.8,59.5,60.8,58.2,NA,0.0186,"ppm",NA,NA,NA,NA,NA,0.0519,0.000422,0.131,19.2,0.156,10.9,NA,NA,NA,NA,NA,NA,NA,NA,NA,NA,NA,"0.15","0.0337","0.224666666666667",0,0,0,NA,NA,""
3384,3388,94909,1050,25,2025-05-02 03:12:35.65,2025-05-02 05:44:31.032,"1746155555.65","1746155555.65",2.53,2.53,1.33e-15,63.3,62,63.3,60.8,NA,0.0192,"ppm",NA,NA,NA,NA,NA,0.0637,0.000518,0.161,19.4,0.158,11.3,NA,NA,NA,NA,NA,NA,NA,NA,NA,NA,NA,"0.15","0.0337","0.224666666666667",0,0,0,NA,NA,""
3384,3388,94910,1050,26,2025-05-02 05:44:31.032,2025-05-02 08:16:25.293,"1746164671.032","1746164671.032",2.53,2.53,-4.44e-15,65.8,64.6,65.8,63.3,NA,0.0206,"ppm",NA,NA,NA,NA,NA,0.064,0.00052,0.162,19.5,0.159,11.4,NA,NA,NA,NA,NA,NA,NA,NA,NA,NA,NA,"0.15","0.0337","0.224666666666667",0,0,0,NA,NA,""
3384,3388,94911,1050,27,2025-05-02 08:16:25.293,2025-05-02 10:48:20.875,"1746173785.293","1746173785.293",2.53,2.53,4.44e-16,68.4,67.1,68.4,65.8,NA,0.0205,"ppm",NA,NA,NA,NA,NA,0.0529,0.00043,0.134,19.7,0.16,10.8,NA,NA,NA,NA,NA,NA,NA,NA,NA,NA,NA,"0.15","0.0337","0.224666666666667",0,0,0,NA,NA,""
3384,3388,94912,1060,28,2025-05-02 10:48:20.875,2025-05-02 13:20:16.463,"1746182900.875","1746182900.875",2.53,2.53,-2.22e-15,70.9,69.6,70.9,68.4,NA,0.025,"ppm",NA,NA,NA,NA,NA,0.1,0.000813,0.253,19.9,0.162,12.3,NA,NA,NA,NA,NA,NA,NA,NA,NA,NA,NA,"0.15","0.0337","0.224666666666667",0,0,0,NA,NA,""
3384,3388,94913,1060,29,2025-05-02 13:20:16.463,2025-05-02 15:52:11.526,"1746192016.463","1746192016.463",2.53,2.53,2.22e-15,73.4,72.2,73.4,70.9,NA,0.03,"ppm",NA,NA,NA,NA,NA,0.145,0.00118,0.368,20.3,0.165,13.6,NA,NA,NA,NA,NA,NA,NA,NA,NA,NA,NA,"0.15","0.0337","0.224666666666667",0,0,0,NA,NA,""
3384,3388,94914,1060,30,2025-05-02 15:52:11.526,2025-05-02 18:24:06.292,"1746201131.526","1746201131.526",2.53,2.53,-1.33e-15,76,74.7,76,73.4,NA,0.0275,"ppm",NA,NA,NA,NA,NA,0.134,0.00109,0.339,20.6,0.168,14.6,NA,NA,NA,NA,NA,NA,NA,NA,NA,NA,NA,"0.15","0.0337","0.224666666666667",0,0,0,NA,NA,""
3384,3388,94915,1060,31,2025-05-02 18:24:06.292,2025-05-02 20:56:00.861,"1746210246.292","1746210246.292",2.53,2.53,-1.78e-15,78.5,77.2,78.5,76,NA,0.02,"ppm",NA,NA,NA,NA,NA,0.105,0.000854,0.266,20.9,0.17,13.9,NA,NA,NA,NA,NA,NA,NA,NA,NA,NA,NA,"0.15","0.0337","0.224666666666667",0,0,0,NA,NA,""
3384,3388,94916,1060,32,2025-05-02 20:56:00.861,2025-05-02 23:27:57.826,"1746219360.861","1746219360.861",2.53,2.53,4e-15,81,79.8,81,78.5,NA,0.0134,"ppm",NA,NA,NA,NA,NA,0.0623,0.000507,0.158,21.1,0.171,9.82,NA,NA,NA,NA,NA,NA,NA,NA,NA,NA,NA,"0.15","0.0337","0.224666666666667",0,0,0,NA,NA,""
3384,3388,94917,1060,33,2025-05-02 23:27:57.826,2025-05-03 01:59:53.592,"1746228477.826","1746228477.826",2.53,2.53,8.88e-16,83.6,82.3,83.6,81,NA,0.0117,"ppm",NA,NA,NA,NA,NA,0.0327,0.000266,0.0828,21.2,0.172,7.79,NA,NA,NA,NA,NA,NA,NA,NA,NA,NA,NA,"0.15","0.0337","0.224666666666667",0,0,0,NA,NA,""
3384,3388,94918,1060,34,2025-05-03 01:59:53.592,2025-05-03 04:31:48.243,"1746237593.592","1746237593.592",2.53,2.53,2.22e-15,86.1,84.8,86.1,83.6,NA,0.0107,"ppm",NA,NA,NA,NA,NA,0.0162,0.000132,0.0411,21.2,0.172,5.47,NA,NA,NA,NA,NA,NA,NA,NA,NA,NA,NA,"0.15","0.0337","0.224666666666667",0,0,0,NA,NA,""
3384,3388,94919,1060,35,2025-05-03 04:31:48.243,2025-05-03 07:03:43.207,"1746246708.243","1746246708.243",2.53,2.53,4e-15,88.6,87.4,88.6,86.1,NA,0.011,"ppm",NA,NA,NA,NA,NA,0.0132,0.000108,0.0335,21.2,0.173,5.47,NA,NA,NA,NA,NA,NA,NA,NA,NA,NA,NA,"0.15","0.0337","0.224666666666667",0,0,0,NA,NA,""
3384,3388,94920,1060,36,2025-05-03 07:03:43.207,2025-05-03 09:35:38.256,"1746255823.207","1746255823.207",2.53,2.53,-3.11e-15,91.2,89.9,91.2,88.6,NA,0.0155,"ppm",NA,NA,NA,NA,NA,0.0216,0.000175,0.0546,21.3,0.173,7.16,NA,NA,NA,NA,NA,NA,NA,NA,NA,NA,NA,"0.15","0.0337","0.224666666666667",0,0,0,NA,NA,""
3384,3388,94921,1060,37,2025-05-03 09:35:38.256,2025-05-03 12:07:33.125,"1746264938.256","1746264938.256",2.53,2.53,4.44e-16,93.7,92.4,93.7,91.2,NA,0.0261,"ppm",NA,NA,NA,NA,NA,0.058,0.000472,0.147,21.4,0.174,12.1,NA,NA,NA,NA,NA,NA,NA,NA,NA,NA,NA,"0.15","0.0337","0.224666666666667",0,0,0,NA,NA,""
3384,3388,94922,1060,38,2025-05-03 12:07:33.125,2025-05-03 14:39:29.177,"1746274053.125","1746274053.125",2.53,2.53,-2.66e-15,96.2,95,96.2,93.7,NA,0.0312,"ppm",NA,NA,NA,NA,NA,0.0882,0.000717,0.223,21.6,0.176,13.8,NA,NA,NA,NA,NA,NA,NA,NA,NA,NA,NA,"0.15","0.0337","0.224666666666667",0,0,0,NA,NA,""
3384,3388,94923,1070,39,2025-05-03 14:39:29.177,2025-05-03 17:11:23.867,"1746283169.177","1746283169.177",2.53,2.53,2.22e-15,98.8,97.5,98.8,96.2,NA,0.0287,"ppm",NA,NA,NA,NA,NA,0.0705,0.000573,0.178,21.8,0.177,14.3,NA,NA,NA,NA,NA,NA,NA,NA,NA,NA,NA,"0.15","0.0337","0.224666666666667",0,0,0,NA,NA,""
3384,3388,94924,1070,40,2025-05-03 17:11:23.867,2025-05-03 19:43:18.426,"1746292283.867","1746292283.867",2.53,2.53,-3.11e-15,101,100,101,98.8,NA,0.0226,"ppm",NA,NA,NA,NA,NA,0.0636,0.000517,0.161,22,0.179,13.2,NA,NA,NA,NA,NA,NA,NA,NA,NA,NA,NA,"0.15","0.0337","0.224666666666667",0,0,0,NA,NA,""
3384,3388,94925,1070,41,2025-05-03 19:43:18.426,2025-05-03 22:15:13.28,"1746301398.426","1746301398.426",2.53,2.53,-2.66e-15,104,103,104,101,NA,0.0146,"ppm",NA,NA,NA,NA,NA,0.0623,0.000507,0.158,22.1,0.18,10.6,NA,NA,NA,NA,NA,NA,NA,NA,NA,NA,NA,"0.15","0.0337","0.224666666666667",0,0,0,NA,NA,""
3384,3388,94926,1070,42,2025-05-03 22:15:13.28,2025-05-04 00:47:10.128,"1746310513.28","1746310513.28",2.53,2.53,-3.11e-15,106,105,106,104,NA,0.0113,"ppm",NA,NA,NA,NA,NA,0.0289,0.000235,0.0732,22.2,0.181,7.36,NA,NA,NA,NA,NA,NA,NA,NA,NA,NA,NA,"0.15","0.0337","0.224666666666667",0,0,0,NA,NA,""
3384,3388,94927,1070,43,2025-05-04 00:47:10.128,2025-05-04 03:19:05.193,"1746319630.128","1746319630.128",2.53,2.53,-6.62e-11,109,108,109,106,NA,0.00964,"ppm",NA,NA,NA,NA,NA,0.00736,5.98e-05,0.0186,22.2,0.181,4.83,NA,NA,NA,NA,NA,NA,NA,NA,NA,NA,NA,"0.15","0.0337","0.224666666666667",0,0,0,NA,NA,""
3384,3388,94928,1070,44,2025-05-04 03:19:05.193,2025-05-04 05:51:00.255,"1746328745.193","1746328745.193",2.53,2.53,6.62e-11,111,110,111,109,NA,0.00952,"ppm",NA,NA,NA,NA,NA,0.0177,0.000144,0.0447,22.3,0.181,7.06,NA,NA,NA,NA,NA,NA,NA,NA,NA,NA,NA,"0.15","0.0337","0.224666666666667",0,0,0,NA,NA,""
3384,3388,94929,1070,45,2025-05-04 05:51:00.255,2025-05-04 08:22:54.401,"1746337860.255","1746337860.255",2.53,2.53,-1.33e-15,114,113,114,111,NA,0.00854,"ppm",NA,NA,NA,NA,NA,0.032,0.00026,0.0809,22.4,0.182,5.53,NA,NA,NA,NA,NA,NA,NA,NA,NA,NA,NA,"0.15","0.0337","0.224666666666667",0,0,0,NA,NA,""
3384,3388,94930,1070,46,2025-05-04 08:22:54.401,2025-05-04 10:54:50.364,"1746346974.401","1746346974.401",2.53,2.53,-6.62e-11,116,115,116,114,NA,0.0111,"ppm",NA,NA,NA,NA,NA,0.0369,3e-04,0.0935,22.5,0.183,5.37,NA,NA,NA,NA,NA,NA,NA,NA,NA,NA,NA,"0.15","0.0337","0.224666666666667",0,0,0,NA,NA,""
3384,3388,94931,1070,47,2025-05-04 10:54:50.364,2025-05-04 13:26:45.506,"1746356090.364","1746356090.364",2.53,2.53,6.62e-11,119,118,119,116,NA,0.0171,"ppm",NA,NA,NA,NA,NA,0.0404,0.000328,0.102,22.6,0.183,6.71,NA,NA,NA,NA,NA,NA,NA,NA,NA,NA,NA,"0.15","0.0337","0.224666666666667",0,0,0,NA,NA,""
3384,3388,94932,1080,48,2025-05-04 13:26:45.506,2025-05-04 15:58:40.713,"1746365205.506","1746365205.506",2.53,2.53,-2.66e-15,122,120,122,119,NA,0.0224,"ppm",NA,NA,NA,NA,NA,0.0463,0.000377,0.117,22.7,0.184,8.45,NA,NA,NA,NA,NA,NA,NA,NA,NA,NA,NA,"0.15","0.0337","0.224666666666667",0,0,0,NA,NA,""
3384,3388,94933,1080,49,2025-05-04 15:58:40.713,2025-05-04 18:30:36.262,"1746374320.713","1746374320.713",2.53,2.53,-1.78e-15,124,123,124,122,NA,0.0195,"ppm",NA,NA,NA,NA,NA,0.0491,0.000399,0.124,22.8,0.185,9.28,NA,NA,NA,NA,NA,NA,NA,NA,NA,NA,NA,"0.15","0.0337","0.224666666666667",0,0,0,NA,NA,""
3384,3388,94934,1080,50,2025-05-04 18:30:36.262,2025-05-04 21:02:31.976,"1746383436.262","1746383436.262",2.53,2.53,-6.62e-11,127,125,127,124,NA,0.0132,"ppm",NA,NA,NA,NA,NA,0.0407,0.000331,0.103,22.9,0.186,8.45,NA,NA,NA,NA,NA,NA,NA,NA,NA,NA,NA,"0.15","0.0337","0.224666666666667",0,0,0,NA,NA,""
3384,3388,94935,1080,51,2025-05-04 21:02:31.976,2025-05-04 23:34:26.796,"1746392551.976","1746392551.976",2.53,2.53,6.62e-11,129,128,129,127,NA,0.00714,"ppm",NA,NA,NA,NA,NA,0.0242,0.000197,0.0613,23,0.187,4.85,NA,NA,NA,NA,NA,NA,NA,NA,NA,NA,NA,"0.15","0.0337","0.224666666666667",0,0,0,NA,NA,""
3384,3388,94936,1080,52,2025-05-04 23:34:26.796,2025-05-05 02:06:21.855,"1746401666.796","1746401666.796",2.53,2.53,-2.22e-15,132,130,132,129,NA,0.00513,"ppm",NA,NA,NA,NA,NA,0.00843,6.86e-05,0.0213,23,0.187,0.12,NA,NA,NA,NA,NA,NA,NA,NA,NA,NA,NA,"0.15","0.0337","0.224666666666667",0,0,0,NA,NA,""
3384,3388,94937,1080,53,2025-05-05 02:06:21.855,2025-05-05 04:38:17.694,"1746410781.855","1746410781.855",2.53,2.53,-1.33e-15,134,133,134,132,NA,0.00494,"ppm",NA,NA,NA,NA,NA,0.00302,2.46e-05,0.00765,23,0.187,-1.52,NA,NA,NA,NA,NA,NA,NA,NA,NA,NA,NA,"0.15","0.0337","0.224666666666667",0,0,0,NA,NA,""
3384,3388,94938,1080,54,2025-05-05 04:38:17.694,2025-05-05 07:10:12.789,"1746419897.694","1746419897.694",2.53,2.53,-8.88e-16,137,135,137,134,NA,0.00526,"ppm",NA,NA,NA,NA,NA,0.00229,1.86e-05,0.00581,23,0.187,-1.72,NA,NA,NA,NA,NA,NA,NA,NA,NA,NA,NA,"0.15","0.0337","0.224666666666667",0,0,0,NA,NA,""
3384,3388,94939,1080,55,2025-05-05 07:10:12.789,2025-05-05 09:42:07.411,"1746429012.789","1746429012.789",2.53,2.53,3.55e-15,139,138,139,137,NA,0.0115,"ppm",NA,NA,NA,NA,NA,0.0121,9.84e-05,0.0307,23,0.187,3.8,NA,NA,NA,NA,NA,NA,NA,NA,NA,NA,NA,"0.15","0.0337","0.224666666666667",0,0,0,NA,NA,""
