"cpmid","pub.id","proj","exper","field","plot","rep","plot.area","lat","long","country","topo","clay","silt","sand","oc","soil.type","soil.water","soil.water.v","soil.moist","soil.ph","soil.dens","crop.res","till","man.source","man.source.det","man.bed","man.con","man.trt1","man.trt2","man.stor","man.dm","man.vs","man.tkn","man.tan","man.tic","man.ua","man.vfa","man.ph","app.start","app.end","app.method","app.rate","app.rate.unit","incorp","time.incorp","man.area","dist.inj","furrow.z","furrow.w","crop","crop.z","crop.area","lai","notes.plot","row.in.file.plot","man.trt3","institute","sub.period","file","treat","meas.tech","meas.tech.det","app.start.orig","app.end.orig","cpid","ceid","flag.plot","submitter","tan.app","e.1","e.4","e.6","e.12","e.24","e.48","e.72","e.96","e.168","e.final","e.tot","e.cum.1","e.cum.4","e.cum.6","e.cum.12","e.cum.24","e.cum.48","e.cum.72","e.cum.96","e.cum.168","e.cum.final","e.cum.tot","e.rel.1","e.rel.4","e.rel.6","e.rel.12","e.rel.24","e.rel.48","e.rel.72","e.rel.96","e.rel.168","e.rel.final","e.rel.tot","rain.1","rain.4","rain.6","rain.12","rain.24","rain.48","rain.72","rain.96","rain.168","rain.final","rain.tot","air.temp.1","air.temp.4","air.temp.6","air.temp.12","air.temp.24","air.temp.48","air.temp.72","air.temp.96","air.temp.168","air.temp.mn","soil.temp.1","soil.temp.4","soil.temp.6","soil.temp.12","soil.temp.24","soil.temp.48","soil.temp.72","soil.temp.96","soil.temp.168","soil.temp.mn","soil.temp.surf.1","soil.temp.surf.4","soil.temp.surf.6","soil.temp.surf.12","soil.temp.surf.24","soil.temp.surf.48","soil.temp.surf.72","soil.temp.surf.96","soil.temp.surf.168","soil.temp.surf.mn","wind.1","wind.4","wind.6","wind.12","wind.24","wind.48","wind.72","wind.96","wind.168","wind.mn","wind.2m.1","wind.2m.4","wind.2m.6","wind.2m.12","wind.2m.24","wind.2m.48","wind.2m.72","wind.2m.96","wind.2m.168","wind.2m.mn","rad.1","rad.4","rad.6","rad.12","rad.24","rad.48","rad.72","rad.96","rad.168","rad.mn","rain.rate.1","rain.rate.4","rain.rate.6","rain.rate.12","rain.rate.24","rain.rate.48","rain.rate.72","rain.rate.96","rain.rate.168","rain.rate.mn","rh.1","rh.4","rh.6","rh.12","rh.24","rh.48","rh.72","rh.96","rh.168","rh.mn","first.row.in.file.int","last.row.in.file.int","n.ints","dt1","j.rel1","j.NH31","dt.min","dt.max","ct.min","ct.max","t.start.p","t.end.p","air.temp.z","soil.temp.z","wind.z","wind.loc","far.loc","pub.info","soil.type2","exper2","rep2","acid","meas.tech.orig","meas.tech2","crop.orig","app.method.orig","incorp.orig","man.source.orig","date.start","flag.int","soil.samp.z"
"D:1.I:AU.Pr:STABIL26.F:../../data-submitted/03/AU/ALFAM2_template_8.3_Stabil26_FDP_13_Jan.xlsx.E:1.F:Foulumgård.P:1 AD.T:AD.R:1.R2:.T:2022-04-05 14:17:00.M:Wind tunnelNA",NA,"STABIL26","1","Foulumgård","1 AD","1",0.2,56.5,9.56,"DK","flat",9,24,65,NA,NA,"0.21",NA,NA,"5.95","1.2","No",NA,"mix","mixture of manure, deep litter, meadow grass, grass, grass silage, straw, cereal, and corn silage",NA,"slurry","Anaerobic digestion","None",NA,"6.2","76.89","2.72",1.13,NA,NA,NA,"7.51",2022-04-05 14:17:00,2022-04-11 10:12:00,"bsth",30,"t/ha",NA,NA,NA,NA,NA,NA,NA,NA,NA,NA,".",5,NA,"AU",3,"../../data-submitted/03/AU/ALFAM2_template_8.3_Stabil26_FDP_13_Jan.xlsx","AD","Wind tunnel",NA,"2022-04-05 14:17:02 UTC","2022-04-11 10:12:39 UTC","D:1.I:AU.Pr:STABIL26.F:../../data-submitted/03/AU/ALFAM2_template_8.3_Stabil26_FDP_13_Jan.xlsx.E:1.F:Foulumgård.P:1 AD.T:AD.R:1.R2:.T:2022-04-05 14:17:00","D:1.I:AU.Pr:STABIL26.E:1","","Dela Pierre, Flavia",33.9,NA,2.07,3.02,4.73,6.61,8.86,10.4,11.7,NA,13,13,NA,2.07,3.02,4.73,6.61,8.86,10.4,11.7,NA,13,13,NA,0.0612,0.089,0.14,0.195,0.261,0.307,0.346,NA,0.382,0.382,NA,0,0,0,0,0,0,0,NA,0,0,NA,5,4.57,3.12,2.1,3.92,3.85,4.08,4.06,4.06,NA,4.7,4.8,4.8,4.43,4.54,4.76,4.84,4.84,4.84,NA,NA,NA,NA,NA,NA,NA,NA,NA,NA,NA,NA,NA,NA,NA,NA,NA,NA,NA,NA,NA,NA,NA,NA,NA,NA,NA,NA,NA,NA,NA,336,236,118,89.3,72.3,54.7,121,134,134,NA,0,0,0,0,0,0,0,0,0,NA,57.4,60.2,70.9,84.5,88.4,87.8,80.3,78.6,78.6,5,62,58,1.73,0.0138,0.468,1.73,18.9,1.73,140,2022-04-05 14:17:00,2022-04-11 08:28:00,2,"0.1",2,NA,NA,NA,NA,NA,NA,FALSE,"Wind tunnel","wt",NA,"Band spread or trailing hose",NA,"Mix",2022-04-05,"","0-5"
"D:1.I:AU.Pr:STABIL26.F:../../data-submitted/03/AU/ALFAM2_template_8.3_Stabil26_FDP_13_Jan.xlsx.E:1.F:Foulumgård.P:10 AD-L.T:AD-L.R:3.R2:.T:2022-04-05 15:28:00.M:Wind tunnelNA",NA,"STABIL26","1","Foulumgård","10 AD-L","3",0.2,56.5,9.56,"DK","flat",9,24,65,NA,NA,"0.21",NA,NA,"5.95","1.2","No",NA,"mix","mixture of manure, deep litter, meadow grass, grass, grass silage, straw, cereal, and corn silage",NA,"liquid","Anaerobic digestion","Mechanical separation",NA,"4.16","70.16","2.48",1.13,NA,NA,NA,"7.53",2022-04-05 15:28:00,2022-04-11 11:24:00,"bsth",30,"t/ha",NA,NA,NA,NA,NA,NA,NA,NA,NA,NA,".",6,NA,"AU",3,"../../data-submitted/03/AU/ALFAM2_template_8.3_Stabil26_FDP_13_Jan.xlsx","AD-L","Wind tunnel",NA,"2022-04-05 15:28:59 UTC","2022-04-11 11:24:37 UTC","D:1.I:AU.Pr:STABIL26.F:../../data-submitted/03/AU/ALFAM2_template_8.3_Stabil26_FDP_13_Jan.xlsx.E:1.F:Foulumgård.P:10 AD-L.T:AD-L.R:3.R2:.T:2022-04-05 15:28:00","D:1.I:AU.Pr:STABIL26.E:1","","Dela Pierre, Flavia",33.9,NA,0.53,0.71,1.04,1.61,2.23,2.65,3.19,NA,3.6,3.6,NA,0.53,0.71,1.04,1.61,2.23,2.65,3.19,NA,3.6,3.6,NA,0.0156,0.021,0.0306,0.0474,0.0657,0.0781,0.094,NA,0.106,0.106,NA,0,0,0,0,0,0,0,NA,0,0,NA,4.6,3.97,2.52,2.47,4.04,3.88,4.1,4.09,4.09,NA,4.8,4.87,4.77,4.38,4.53,4.75,4.84,4.84,4.84,NA,NA,NA,NA,NA,NA,NA,NA,NA,NA,NA,NA,NA,NA,NA,NA,NA,NA,NA,NA,NA,NA,NA,NA,NA,NA,NA,NA,NA,NA,NA,246,164,82.1,95.2,70.8,70.4,138,151,151,NA,0,0,0,0,0,0,0,0,0,NA,63.1,66,76.4,86.7,89.8,88.3,80,78.3,78.3,63,121,59,1.73,0.00377,0.128,1.73,18.8,1.73,140,2022-04-05 15:28:00,2022-04-11 09:40:00,2,"0.1",2,NA,NA,NA,NA,NA,NA,FALSE,"Wind tunnel","wt",NA,"Band spread or trailing hose",NA,"Mix",2022-04-05,"","0-5"
"D:1.I:AU.Pr:STABIL26.F:../../data-submitted/03/AU/ALFAM2_template_8.3_Stabil26_FDP_13_Jan.xlsx.E:1.F:Foulumgård.P:12 AD.T:AD.R:3.R2:.T:2022-04-05 15:44:00.M:Wind tunnelNA",NA,"STABIL26","1","Foulumgård","12 AD","3",0.2,56.5,9.56,"DK","flat",9,24,65,NA,NA,"0.21",NA,NA,"5.95","1.2","No",NA,"mix","mixture of manure, deep litter, meadow grass, grass, grass silage, straw, cereal, and corn silage",NA,"slurry","Anaerobic digestion","None",NA,"6.2","76.89","2.72",1.13,NA,NA,NA,"7.51",2022-04-05 15:44:00,2022-04-11 11:40:00,"bsth",30,"t/ha",NA,NA,NA,NA,NA,NA,NA,NA,NA,NA,NA,7,NA,"AU",3,"../../data-submitted/03/AU/ALFAM2_template_8.3_Stabil26_FDP_13_Jan.xlsx","AD","Wind tunnel",NA,"2022-04-05 15:44:59 UTC","2022-04-11 11:40:37 UTC","D:1.I:AU.Pr:STABIL26.F:../../data-submitted/03/AU/ALFAM2_template_8.3_Stabil26_FDP_13_Jan.xlsx.E:1.F:Foulumgård.P:12 AD.T:AD.R:3.R2:.T:2022-04-05 15:44:00","D:1.I:AU.Pr:STABIL26.E:1","","Dela Pierre, Flavia",33.9,NA,1.64,2.46,4.29,6.93,9.91,11.9,13.7,NA,15.2,15.2,NA,1.64,2.46,4.29,6.93,9.91,11.9,13.7,NA,15.2,15.2,NA,0.0483,0.0724,0.126,0.204,0.292,0.351,0.403,NA,0.449,0.449,NA,0,0,0,0,0,0,0,NA,0,0,NA,4.65,4,2.47,2.46,3.98,3.88,4.11,4.09,4.09,NA,4.85,4.9,4.77,4.38,4.53,4.75,4.84,4.84,4.84,NA,NA,NA,NA,NA,NA,NA,NA,NA,NA,NA,NA,NA,NA,NA,NA,NA,NA,NA,NA,NA,NA,NA,NA,NA,NA,NA,NA,NA,NA,NA,227,151,75.7,88.9,68.3,64.8,134,145,145,NA,0,0,0,0,0,0,0,0,0,NA,60.8,64.5,75.9,85.9,89.2,87.6,79.5,78.1,78.1,122,179,58,1.73,0.00928,0.314,1.73,18.9,1.73,140,2022-04-05 15:44:00,2022-04-11 09:56:00,2,"0.1",2,NA,NA,NA,NA,NA,NA,FALSE,"Wind tunnel","wt",NA,"Band spread or trailing hose",NA,"Mix",2022-04-05,"","0-5"
"D:1.I:AU.Pr:STABIL26.F:../../data-submitted/03/AU/ALFAM2_template_8.3_Stabil26_FDP_13_Jan.xlsx.E:1.F:Foulumgård.P:2 AD-F.T:AD-F.R:1.R2:.T:2022-04-05 14:25:00.M:Wind tunnelNA",NA,"STABIL26","1","Foulumgård","2 AD-F","1",0.2,56.5,9.56,"DK","flat",9,24,65,NA,NA,"0.21",NA,NA,"5.95","1.2","No",NA,"mix","mixture of manure, deep litter, meadow grass, grass, grass silage, straw, cereal, and corn silage",NA,"solid","Anaerobic digestion","Mechanical separation",NA,"22.49","88.01","3.56",0.43,NA,NA,NA,"8.02",2022-04-05 14:25:00,2022-04-11 10:20:00,"bsth",10,"t/ha",NA,NA,NA,NA,NA,NA,NA,NA,NA,NA,NA,8,NA,"AU",3,"../../data-submitted/03/AU/ALFAM2_template_8.3_Stabil26_FDP_13_Jan.xlsx","AD-F","Wind tunnel",NA,"2022-04-05 14:25:01 UTC","2022-04-11 10:20:39 UTC","D:1.I:AU.Pr:STABIL26.F:../../data-submitted/03/AU/ALFAM2_template_8.3_Stabil26_FDP_13_Jan.xlsx.E:1.F:Foulumgård.P:2 AD-F.T:AD-F.R:1.R2:.T:2022-04-05 14:25:00","D:1.I:AU.Pr:STABIL26.E:1","","Dela Pierre, Flavia",4.3,NA,0.108,0.135,0.133,0.19,0.342,0.442,0.63,NA,0.752,0.752,NA,0.108,0.135,0.133,0.19,0.342,0.442,0.63,NA,0.752,0.752,NA,0.025,0.0313,0.031,0.0443,0.0794,0.103,0.147,NA,0.175,0.175,NA,0,0,0,0,0,0,0,NA,0,0,NA,5,4.57,3.02,2.07,3.9,3.83,4.07,4.07,4.07,NA,4.7,4.8,4.78,4.42,4.53,4.76,4.83,4.84,4.84,NA,NA,NA,NA,NA,NA,NA,NA,NA,NA,NA,NA,NA,NA,NA,NA,NA,NA,NA,NA,NA,NA,NA,NA,NA,NA,NA,NA,NA,NA,NA,336,236,118,89.2,72.3,53.3,119,134,134,NA,0,0,0,0,0,0,0,0,0,NA,57.4,60.2,71.9,85,88.7,88,80.4,78.5,78.5,180,238,59,1.73,0.00775,0.0333,0.27,18.9,1.73,140,2022-04-05 14:25:00,2022-04-11 08:36:00,2,"0.1",2,NA,NA,NA,NA,NA,NA,FALSE,"Wind tunnel","wt",NA,"Band spread or trailing hose",NA,"Mix",2022-04-05,"","0-5"
"D:1.I:AU.Pr:STABIL26.F:../../data-submitted/03/AU/ALFAM2_template_8.3_Stabil26_FDP_13_Jan.xlsx.E:1.F:Foulumgård.P:4 AD-L.T:AD-L.R:1.R2:.T:2022-04-05 14:41:00.M:Wind tunnelNA",NA,"STABIL26","1","Foulumgård","4 AD-L","1",0.2,56.5,9.56,"DK","flat",9,24,65,NA,NA,"0.21",NA,NA,"5.95","1.2","No",NA,"mix","mixture of manure, deep litter, meadow grass, grass, grass silage, straw, cereal, and corn silage",NA,"liquid","Anaerobic digestion","Mechanical separation",NA,"4.16","70.16","2.48",1.13,NA,NA,NA,"7.53",2022-04-05 14:41:00,2022-04-11 10:36:00,"bsth",30,"t/ha",NA,NA,NA,NA,NA,NA,NA,NA,NA,NA,NA,9,NA,"AU",3,"../../data-submitted/03/AU/ALFAM2_template_8.3_Stabil26_FDP_13_Jan.xlsx","AD-L","Wind tunnel",NA,"2022-04-05 14:41:00 UTC","2022-04-11 10:36:39 UTC","D:1.I:AU.Pr:STABIL26.F:../../data-submitted/03/AU/ALFAM2_template_8.3_Stabil26_FDP_13_Jan.xlsx.E:1.F:Foulumgård.P:4 AD-L.T:AD-L.R:1.R2:.T:2022-04-05 14:41:00","D:1.I:AU.Pr:STABIL26.E:1","","Dela Pierre, Flavia",33.9,NA,0.558,0.745,1.06,1.61,2.38,2.92,3.58,NA,4.15,4.15,NA,0.558,0.745,1.06,1.61,2.38,2.92,3.58,NA,4.15,4.15,NA,0.0165,0.022,0.0312,0.0475,0.0703,0.0862,0.106,NA,0.123,0.123,NA,0,0,0,0,0,0,0,NA,0,0,NA,4.75,4.4,2.88,2.05,3.89,3.83,4.08,4.07,4.07,NA,4.75,4.83,4.78,4.41,4.53,4.76,4.83,4.84,4.84,NA,NA,NA,NA,NA,NA,NA,NA,NA,NA,NA,NA,NA,NA,NA,NA,NA,NA,NA,NA,NA,NA,NA,NA,NA,NA,NA,NA,NA,NA,NA,330,232,116,88.2,70.8,55.4,119,136,136,NA,0,0,0,0,0,0,0,0,0,NA,62,63.3,73.7,86,89.3,88.3,80.6,78.7,78.7,239,297,59,1.73,0.0042,0.142,0.536,18.9,1.73,140,2022-04-05 14:41:00,2022-04-11 08:52:00,2,"0.1",2,NA,NA,NA,NA,NA,NA,FALSE,"Wind tunnel","wt",NA,"Band spread or trailing hose",NA,"Mix",2022-04-05,"","0-5"
"D:1.I:AU.Pr:STABIL26.F:../../data-submitted/03/AU/ALFAM2_template_8.3_Stabil26_FDP_13_Jan.xlsx.E:1.F:Foulumgård.P:5 AD-F.T:AD-F.R:2.R2:.T:2022-04-05 14:49:00.M:Wind tunnelNA",NA,"STABIL26","1","Foulumgård","5 AD-F","2",0.2,56.5,9.56,"DK","flat",9,24,65,NA,NA,"0.21",NA,NA,"5.95","1.2","No",NA,"mix","mixture of manure, deep litter, meadow grass, grass, grass silage, straw, cereal, and corn silage",NA,"solid","Anaerobic digestion","Mechanical separation",NA,"22.49","88.01","3.56",0.43,NA,NA,NA,"8.02",2022-04-05 14:49:00,2022-04-11 10:44:00,"bsth",10,"t/ha",NA,NA,NA,NA,NA,NA,NA,NA,NA,NA,NA,10,NA,"AU",3,"../../data-submitted/03/AU/ALFAM2_template_8.3_Stabil26_FDP_13_Jan.xlsx","AD-F","Wind tunnel",NA,"2022-04-05 14:49:00 UTC","2022-04-11 10:44:39 UTC","D:1.I:AU.Pr:STABIL26.F:../../data-submitted/03/AU/ALFAM2_template_8.3_Stabil26_FDP_13_Jan.xlsx.E:1.F:Foulumgård.P:5 AD-F.T:AD-F.R:2.R2:.T:2022-04-05 14:49:00","D:1.I:AU.Pr:STABIL26.E:1","","Dela Pierre, Flavia",4.3,NA,0.0835,0.102,0.0894,0.118,0.234,0.31,0.41,NA,0.494,0.494,NA,0.0835,0.102,0.0894,0.118,0.234,0.31,0.41,NA,0.494,0.494,NA,0.0194,0.0237,0.0208,0.0273,0.0544,0.072,0.0954,NA,0.115,0.115,NA,0,0,0,0,0,0,0,NA,0,0,NA,4.6,4.3,2.83,2.23,3.97,3.87,4.1,4.08,4.08,NA,4.8,4.87,4.8,4.42,4.54,4.76,4.84,4.84,4.84,NA,NA,NA,NA,NA,NA,NA,NA,NA,NA,NA,NA,NA,NA,NA,NA,NA,NA,NA,NA,NA,NA,NA,NA,NA,NA,NA,NA,NA,NA,NA,246,176,87.8,80.5,65.6,52.5,116,134,134,NA,0,0,0,0,0,0,0,0,0,NA,63.1,64,74.1,85.4,88.9,88.1,80.4,78.6,78.6,298,355,58,1.73,0.00607,0.0261,1.73,18.9,1.73,140,2022-04-05 14:49:00,2022-04-11 09:00:00,2,"0.1",2,NA,NA,NA,NA,NA,NA,FALSE,"Wind tunnel","wt",NA,"Band spread or trailing hose",NA,"Mix",2022-04-05,"","0-5"
"D:1.I:AU.Pr:STABIL26.F:../../data-submitted/03/AU/ALFAM2_template_8.3_Stabil26_FDP_13_Jan.xlsx.E:1.F:Foulumgård.P:6 AD.T:AD.R:2.R2:.T:2022-04-05 15:05:00.M:Wind tunnelNA",NA,"STABIL26","1","Foulumgård","6 AD","2",0.2,56.5,9.56,"DK","flat",9,24,65,NA,NA,"0.21",NA,NA,"5.95","1.2","No",NA,"mix","mixture of manure, deep litter, meadow grass, grass, grass silage, straw, cereal, and corn silage",NA,"slurry","Anaerobic digestion","None",NA,"6.2","76.89","2.72",1.13,NA,NA,NA,"7.51",2022-04-05 15:05:00,2022-04-11 11:00:00,"bsth",30,"t/ha",NA,NA,NA,NA,NA,NA,NA,NA,NA,NA,NA,11,NA,"AU",3,"../../data-submitted/03/AU/ALFAM2_template_8.3_Stabil26_FDP_13_Jan.xlsx","AD","Wind tunnel",NA,"2022-04-05 15:05:01 UTC","2022-04-11 11:00:39 UTC","D:1.I:AU.Pr:STABIL26.F:../../data-submitted/03/AU/ALFAM2_template_8.3_Stabil26_FDP_13_Jan.xlsx.E:1.F:Foulumgård.P:6 AD.T:AD.R:2.R2:.T:2022-04-05 15:05:00","D:1.I:AU.Pr:STABIL26.E:1","","Dela Pierre, Flavia",33.9,NA,1.81,2.69,4.53,6.7,9.32,11.1,12.4,NA,13.8,13.8,NA,1.81,2.69,4.53,6.7,9.32,11.1,12.4,NA,13.8,13.8,NA,0.0533,0.0792,0.134,0.198,0.275,0.328,0.367,NA,0.406,0.406,NA,0,0,0,0,0,0,0,NA,0,0,NA,4.6,3.97,2.62,2.13,3.89,3.75,4.01,4.03,4.03,NA,4.8,4.87,4.78,4.4,4.54,4.76,4.84,4.84,4.84,NA,NA,NA,NA,NA,NA,NA,NA,NA,NA,NA,NA,NA,NA,NA,NA,NA,NA,NA,NA,NA,NA,NA,NA,NA,NA,NA,NA,NA,NA,NA,246,164,82.1,81.1,64,62.9,124,141,141,NA,0,0,0,0,0,0,0,0,0,NA,63.1,66,75.3,85.9,89.3,88.4,80.6,78.7,78.7,356,415,60,1.73,0.011,0.373,1.73,17.2,1.73,140,2022-04-05 15:05:00,2022-04-11 09:16:00,2,"0.1",2,NA,NA,NA,NA,NA,NA,FALSE,"Wind tunnel","wt",NA,"Band spread or trailing hose",NA,"Mix",2022-04-05,"","0-5"
"D:1.I:AU.Pr:STABIL26.F:../../data-submitted/03/AU/ALFAM2_template_8.3_Stabil26_FDP_13_Jan.xlsx.E:1.F:Foulumgård.P:8 AD-F.T:AD-F.R:3.R2:.T:2022-04-05 15:13:00.M:Wind tunnelNA",NA,"STABIL26","1","Foulumgård","8 AD-F","3",0.2,56.5,9.56,"DK","flat",9,24,65,NA,NA,"0.21",NA,NA,"5.95","1.2","No",NA,"mix","mixture of manure, deep litter, meadow grass, grass, grass silage, straw, cereal, and corn silage",NA,"solid","Anaerobic digestion","Mechanical separation",NA,"22.49","88.01","3.56",0.43,NA,NA,NA,"8.02",2022-04-05 15:13:00,2022-04-11 11:08:00,"bsth",10,"t/ha",NA,NA,NA,NA,NA,NA,NA,NA,NA,NA,NA,12,NA,"AU",3,"../../data-submitted/03/AU/ALFAM2_template_8.3_Stabil26_FDP_13_Jan.xlsx","AD-F","Wind tunnel",NA,"2022-04-05 15:13:00 UTC","2022-04-11 11:08:38 UTC","D:1.I:AU.Pr:STABIL26.F:../../data-submitted/03/AU/ALFAM2_template_8.3_Stabil26_FDP_13_Jan.xlsx.E:1.F:Foulumgård.P:8 AD-F.T:AD-F.R:3.R2:.T:2022-04-05 15:13:00","D:1.I:AU.Pr:STABIL26.E:1","","Dela Pierre, Flavia",4.3,NA,0.069,0.0881,0.0879,0.129,0.39,0.54,0.663,NA,0.801,0.801,NA,0.069,0.0881,0.0879,0.129,0.39,0.54,0.663,NA,0.801,0.801,NA,0.0161,0.0205,0.0204,0.0301,0.0907,0.126,0.154,NA,0.186,0.186,NA,0,0,0,0,0,0,0,NA,0,0,NA,4.6,3.97,2.62,2.18,3.91,3.8,3.94,3.97,3.97,NA,4.8,4.87,4.78,4.38,4.53,4.75,4.85,4.85,4.85,NA,NA,NA,NA,NA,NA,NA,NA,NA,NA,NA,NA,NA,NA,NA,NA,NA,NA,NA,NA,NA,NA,NA,NA,NA,NA,NA,NA,NA,NA,NA,246,164,82.1,82,64.6,63.1,92.1,117,117,NA,0,0,0,0,0,0,0,0,0,NA,63.1,66,75.3,86,89.4,88.1,80.6,78.8,78.8,416,476,61,1.73,0.00451,0.0194,0.133,17.2,1.73,140,2022-04-05 15:13:00,2022-04-11 09:24:00,2,"0.1",2,NA,NA,NA,NA,NA,NA,FALSE,"Wind tunnel","wt",NA,"Band spread or trailing hose",NA,"Mix",2022-04-05,"","0-5"
"D:1.I:AU.Pr:STABIL26.F:../../data-submitted/03/AU/ALFAM2_template_8.3_Stabil26_FDP_13_Jan.xlsx.E:1.F:Foulumgård.P:9 AD-L.T:AD-L.R:2.R2:.T:2022-04-05 15:20:00.M:Wind tunnelNA",NA,"STABIL26","1","Foulumgård","9 AD-L","2",0.2,56.5,9.56,"DK","flat",9,24,65,NA,NA,"0.21",NA,NA,"5.95","1.2","No",NA,"mix","mixture of manure, deep litter, meadow grass, grass, grass silage, straw, cereal, and corn silage",NA,"liquid","Anaerobic digestion","Mechanical separation",NA,"4.16","70.16","2.48",1.13,NA,NA,NA,"7.53",2022-04-05 15:20:00,2022-04-11 11:16:00,"bsth",30,"t/ha",NA,NA,NA,NA,NA,NA,NA,NA,NA,NA,NA,13,NA,"AU",3,"../../data-submitted/03/AU/ALFAM2_template_8.3_Stabil26_FDP_13_Jan.xlsx","AD-L","Wind tunnel",NA,"2022-04-05 15:20:59 UTC","2022-04-11 11:16:37 UTC","D:1.I:AU.Pr:STABIL26.F:../../data-submitted/03/AU/ALFAM2_template_8.3_Stabil26_FDP_13_Jan.xlsx.E:1.F:Foulumgård.P:9 AD-L.T:AD-L.R:2.R2:.T:2022-04-05 15:20:00","D:1.I:AU.Pr:STABIL26.E:1","","Dela Pierre, Flavia",33.9,NA,0.403,0.547,0.797,1.25,1.8,2.2,2.52,NA,2.88,2.88,NA,0.403,0.547,0.797,1.25,1.8,2.2,2.52,NA,2.88,2.88,NA,0.0119,0.0161,0.0235,0.0367,0.053,0.0649,0.0743,NA,0.085,0.085,NA,0,0,0,0,0,0,0,NA,0,0,NA,4.6,3.97,2.52,2.14,3.86,3.77,3.92,3.97,3.97,NA,4.8,4.87,4.77,4.38,4.53,4.75,4.86,4.85,4.85,NA,NA,NA,NA,NA,NA,NA,NA,NA,NA,NA,NA,NA,NA,NA,NA,NA,NA,NA,NA,NA,NA,NA,NA,NA,NA,NA,NA,NA,NA,NA,246,164,82.1,82,63,62.3,90.3,119,119,NA,0,0,0,0,0,0,0,0,0,NA,63.1,66,76.4,86.5,89.8,88.3,80.8,78.8,78.8,477,536,60,1.73,0.00282,0.0955,1.73,17.2,1.73,140,2022-04-05 15:20:00,2022-04-11 09:32:00,2,"0.1",2,NA,NA,NA,NA,NA,NA,FALSE,"Wind tunnel","wt",NA,"Band spread or trailing hose",NA,"Mix",2022-04-05,"","0-5"
"D:1.I:AU.Pr:STABIL26.F:../../data-submitted/03/AU/ALFAM2_template_8.3_Stabil26_FDP_13_Jan.xlsx.E:2.F:Foulumgård.P:1 AD-L.T:AD-L.R:3.R2:.T:NA.M:Wind tunnelNA",NA,"STABIL26","2","Foulumgård","1 AD-L","3",0.2,56.5,9.56,"DK","flat",9,24,65,NA,NA,"0.15",NA,NA,"5.72","1.19","No",NA,"mix","mixture of manure, deep litter, meadow grass, grass, grass silage, straw, cereal, and corn silage",NA,"liquid","Anaerobic digestion","Mechanical separation",NA,"4.22","70.62","2.11",1.31,NA,NA,NA,"7.77",NA,NA,"bsth",30,"t/ha",NA,NA,NA,NA,NA,NA,NA,NA,NA,NA,NA,14,NA,"AU",3,"../../data-submitted/03/AU/ALFAM2_template_8.3_Stabil26_FDP_13_Jan.xlsx","AD-L","Wind tunnel",NA,"2022-04-19 15.20.47 UTC","2022-04-25 09.56.28 UTC","D:1.I:AU.Pr:STABIL26.F:../../data-submitted/03/AU/ALFAM2_template_8.3_Stabil26_FDP_13_Jan.xlsx.E:2.F:Foulumgård.P:1 AD-L.T:AD-L.R:3.R2:.T:NA","D:1.I:AU.Pr:STABIL26.E:2","","Dela Pierre, Flavia",39.3,NA,1.32,1.68,2.17,2.9,3.76,4.33,4.69,NA,5.11,5.11,NA,1.32,1.68,2.17,2.9,3.76,4.33,4.69,NA,5.11,5.11,NA,0.0336,0.0427,0.0553,0.0737,0.0958,0.11,0.119,NA,0.13,0.13,NA,0,0,0,0,0,0,0,NA,0,0,NA,16.2,15.2,11.6,10.6,10.3,10.6,10.7,9.97,9.97,NA,7.95,8.1,8.13,7.81,7.93,8.06,8.18,8.32,8.32,NA,NA,NA,NA,NA,NA,NA,NA,NA,NA,NA,NA,NA,NA,NA,NA,NA,NA,NA,NA,NA,NA,NA,NA,NA,NA,NA,NA,NA,NA,NA,395,267,134,237,254,259,264,242,242,NA,0,0,0,0,0,0,0,0,0,NA,45.9,48.4,65.8,70.2,70.4,68.3,67.7,68.6,68.6,537,616,80,1.73,0.0106,0.415,1.73,1.73,1.73,139,2022-04-19 15:20:00,2022-04-25 08:12:00,2,"0.1",2,NA,NA,NA,NA,NA,NA,FALSE,"Wind tunnel","wt",NA,"Band spread or trailing hose",NA,"Mix",2022-04-19,"","0-5"
"D:1.I:AU.Pr:STABIL26.F:../../data-submitted/03/AU/ALFAM2_template_8.3_Stabil26_FDP_13_Jan.xlsx.E:2.F:Foulumgård.P:10 AD.T:AD.R:3.R2:.T:NA.M:Wind tunnelNA",NA,"STABIL26","2","Foulumgård","10 AD","3",0.2,56.5,9.56,"DK","flat",9,24,65,NA,NA,"0.15",NA,NA,"5.72","1.19","No",NA,"mix","mixture of manure, deep litter, meadow grass, grass, grass silage, straw, cereal, and corn silage",NA,"slurry","Anaerobic digestion","None",NA,"6.05","76.99","2.72",1.22,NA,NA,NA,"7.66",NA,NA,"bsth",30,"t/ha",NA,NA,NA,NA,NA,NA,NA,NA,NA,NA,NA,15,NA,"AU",3,"../../data-submitted/03/AU/ALFAM2_template_8.3_Stabil26_FDP_13_Jan.xlsx","AD","Wind tunnel",NA,"2022-04-19 16.32.44 UTC","2022-04-25 11.08.26 UTC","D:1.I:AU.Pr:STABIL26.F:../../data-submitted/03/AU/ALFAM2_template_8.3_Stabil26_FDP_13_Jan.xlsx.E:2.F:Foulumgård.P:10 AD.T:AD.R:3.R2:.T:NA","D:1.I:AU.Pr:STABIL26.E:2","","Dela Pierre, Flavia",36.6,NA,5.16,6.86,9.3,12.2,14.7,16.1,16.9,NA,17.8,17.8,NA,5.16,6.86,9.3,12.2,14.7,16.1,16.9,NA,17.8,17.8,NA,0.141,0.188,0.254,0.332,0.403,0.441,0.462,NA,0.486,0.486,NA,0,0,0,0,0,0,0,NA,0,0,NA,15.5,13.7,10.5,10.4,10.3,10.6,10.6,9.9,9.9,NA,8.25,8.3,8.18,7.85,7.96,8.08,8.2,8.32,8.32,NA,NA,NA,NA,NA,NA,NA,NA,NA,NA,NA,NA,NA,NA,NA,NA,NA,NA,NA,NA,NA,NA,NA,NA,NA,NA,NA,NA,NA,NA,NA,185,123,62.3,235,251,261,264,241,241,NA,0,0,0,0,0,0,0,0,0,NA,46.3,55.8,71,71.1,70.6,68.3,67.9,68.7,68.7,617,697,81,1.73,0.035,1.28,0.4,1.73,1.73,139,2022-04-19 16:32:00,2022-04-25 09:24:00,2,"0.1",2,NA,NA,NA,NA,NA,NA,FALSE,"Wind tunnel","wt",NA,"Band spread or trailing hose",NA,"Mix",2022-04-19,"","0-5"
"D:1.I:AU.Pr:STABIL26.F:../../data-submitted/03/AU/ALFAM2_template_8.3_Stabil26_FDP_13_Jan.xlsx.E:2.F:Foulumgård.P:12 AD-L.T:AD-L.R:3.R2:.T:NA.M:Wind tunnelNA",NA,"STABIL26","2","Foulumgård","12 AD-L","3",0.2,56.5,9.56,"DK","flat",9,24,65,NA,NA,"0.15",NA,NA,"5.72","1.19","No",NA,"mix","mixture of manure, deep litter, meadow grass, grass, grass silage, straw, cereal, and corn silage",NA,"liquid","Anaerobic digestion","Mechanical separation",NA,"4.22","70.62","2.11",1.31,NA,NA,NA,"7.77",NA,NA,"bsth",30,"t/ha",NA,NA,NA,NA,NA,NA,NA,NA,NA,NA,NA,16,NA,"AU",3,"../../data-submitted/03/AU/ALFAM2_template_8.3_Stabil26_FDP_13_Jan.xlsx","AD-L","Wind tunnel",NA,"2022-04-19 16.48.44 UTC","2022-04-25 11.24.27 UTC","D:1.I:AU.Pr:STABIL26.F:../../data-submitted/03/AU/ALFAM2_template_8.3_Stabil26_FDP_13_Jan.xlsx.E:2.F:Foulumgård.P:12 AD-L.T:AD-L.R:3.R2:.T:NA","D:1.I:AU.Pr:STABIL26.E:2","","Dela Pierre, Flavia",39.3,NA,2.16,2.69,3.5,4.82,6.2,7.07,7.6,NA,8.2,8.2,NA,2.16,2.69,3.5,4.82,6.2,7.07,7.6,NA,8.2,8.2,NA,0.0549,0.0685,0.0891,0.123,0.158,0.18,0.194,NA,0.209,0.209,NA,0,0,0,0,0,0,0,NA,0,0,NA,14.6,13.2,10.3,10.4,10.3,10.6,10.6,9.88,9.88,NA,8.3,8.33,8.18,7.86,7.96,8.08,8.2,8.32,8.32,NA,NA,NA,NA,NA,NA,NA,NA,NA,NA,NA,NA,NA,NA,NA,NA,NA,NA,NA,NA,NA,NA,NA,NA,NA,NA,NA,NA,NA,NA,NA,136,90.9,46,238,256,262,264,245,245,NA,0,0,0,0,0,0,0,0,0,NA,49.7,58,71.8,71.5,70.9,69,68.4,69.1,69.1,698,777,80,1.73,0.0169,0.665,1.73,1.73,1.73,139,2022-04-19 16:48:00,2022-04-25 09:40:00,2,"0.1",2,NA,NA,NA,NA,NA,NA,FALSE,"Wind tunnel","wt",NA,"Band spread or trailing hose",NA,"Mix",2022-04-19,"","0-5"
"D:1.I:AU.Pr:STABIL26.F:../../data-submitted/03/AU/ALFAM2_template_8.3_Stabil26_FDP_13_Jan.xlsx.E:2.F:Foulumgård.P:2 AD-F.T:AD-F.R:2.R2:.T:NA.M:Wind tunnelNA",NA,"STABIL26","2","Foulumgård","2 AD-F","2",0.2,56.5,9.56,"DK","flat",9,24,65,NA,NA,"0.15",NA,NA,"5.72","1.19","No",NA,"mix","mixture of manure, deep litter, meadow grass, grass, grass silage, straw, cereal, and corn silage",NA,"solid","Anaerobic digestion","Mechanical separation",NA,"21.98","88.58","3.9",0.43,NA,NA,NA,"8.02",NA,NA,"bsth",10,"t/ha",NA,NA,NA,NA,NA,NA,NA,NA,NA,NA,NA,17,NA,"AU",3,"../../data-submitted/03/AU/ALFAM2_template_8.3_Stabil26_FDP_13_Jan.xlsx","AD-F","Wind tunnel",NA,"2022-04-19 15.28.46 UTC","2022-04-25 10.04.28 UTC","D:1.I:AU.Pr:STABIL26.F:../../data-submitted/03/AU/ALFAM2_template_8.3_Stabil26_FDP_13_Jan.xlsx.E:2.F:Foulumgård.P:2 AD-F.T:AD-F.R:2.R2:.T:NA","D:1.I:AU.Pr:STABIL26.E:2","","Dela Pierre, Flavia",4.3,NA,0.124,0.146,0.128,0.168,0.143,0.159,0.155,NA,0.178,0.178,NA,0.124,0.146,0.128,0.168,0.143,0.159,0.155,NA,0.178,0.178,NA,0.0288,0.034,0.0298,0.0391,0.0333,0.037,0.036,NA,0.0414,0.0414,NA,0,0,0,0,0,0,0,NA,0,0,NA,16.2,15.2,11.6,10.6,10.4,10.7,10.8,10.1,10.1,NA,7.95,8.1,8.13,7.81,7.94,8.06,8.19,8.32,8.32,NA,NA,NA,NA,NA,NA,NA,NA,NA,NA,NA,NA,NA,NA,NA,NA,NA,NA,NA,NA,NA,NA,NA,NA,NA,NA,NA,NA,NA,NA,NA,395,267,134,242,260,266,269,248,248,NA,0,0,0,0,0,0,0,0,0,NA,45.8,48.4,65.8,70,70.2,68,67.4,68.2,68.2,778,857,80,1.73,0.00953,0.041,1.73,1.73,1.73,139,2022-04-19 15:28:00,2022-04-25 08:20:00,2,"0.1",2,NA,NA,NA,NA,NA,NA,FALSE,"Wind tunnel","wt",NA,"Band spread or trailing hose",NA,"Mix",2022-04-19,"","0-5"
"D:1.I:AU.Pr:STABIL26.F:../../data-submitted/03/AU/ALFAM2_template_8.3_Stabil26_FDP_13_Jan.xlsx.E:2.F:Foulumgård.P:4 AD-L.T:AD-L.R:3.R2:.T:NA.M:Wind tunnelNA",NA,"STABIL26","2","Foulumgård","4 AD-L","3",0.2,56.5,9.56,"DK","flat",9,24,65,NA,NA,"0.15",NA,NA,"5.72","1.19","No",NA,"mix","mixture of manure, deep litter, meadow grass, grass, grass silage, straw, cereal, and corn silage",NA,"liquid","Anaerobic digestion","Mechanical separation",NA,"4.22","70.62","2.11",1.31,NA,NA,NA,"7.77",NA,NA,"bsth",30,"t/ha",NA,NA,NA,NA,NA,NA,NA,NA,NA,NA,NA,18,NA,"AU",3,"../../data-submitted/03/AU/ALFAM2_template_8.3_Stabil26_FDP_13_Jan.xlsx","AD-L","Wind tunnel",NA,"2022-04-19 15.44.46 UTC","2022-04-25 10.20.28 UTC","D:1.I:AU.Pr:STABIL26.F:../../data-submitted/03/AU/ALFAM2_template_8.3_Stabil26_FDP_13_Jan.xlsx.E:2.F:Foulumgård.P:4 AD-L.T:AD-L.R:3.R2:.T:NA","D:1.I:AU.Pr:STABIL26.E:2","","Dela Pierre, Flavia",39.3,NA,1.8,2.21,2.7,3.55,4.57,5.24,5.66,NA,6.15,6.15,NA,1.8,2.21,2.7,3.55,4.57,5.24,5.66,NA,6.15,6.15,NA,0.0457,0.0563,0.0688,0.0903,0.116,0.133,0.144,NA,0.156,0.156,NA,0,0,0,0,0,0,0,NA,0,0,NA,16.1,15.2,11.5,10.6,10.4,10.7,10.8,10,10,NA,8.1,8.2,8.17,7.84,7.94,8.07,8.19,8.33,8.33,NA,NA,NA,NA,NA,NA,NA,NA,NA,NA,NA,NA,NA,NA,NA,NA,NA,NA,NA,NA,NA,NA,NA,NA,NA,NA,NA,NA,NA,NA,NA,333,226,113,237,258,264,266,245,245,NA,0,0,0,0,0,0,0,0,0,NA,45.8,48.4,66.6,70.5,70.2,68.2,67.7,68.4,68.4,858,937,80,1.73,0.0147,0.576,1.73,1.73,1.73,139,2022-04-19 15:44:00,2022-04-25 08:36:00,2,"0.1",2,NA,NA,NA,NA,NA,NA,FALSE,"Wind tunnel","wt",NA,"Band spread or trailing hose",NA,"Mix",2022-04-19,"","0-5"
"D:1.I:AU.Pr:STABIL26.F:../../data-submitted/03/AU/ALFAM2_template_8.3_Stabil26_FDP_13_Jan.xlsx.E:2.F:Foulumgård.P:5 AD.T:AD.R:3.R2:.T:NA.M:Wind tunnelNA",NA,"STABIL26","2","Foulumgård","5 AD","3",0.2,56.5,9.56,"DK","flat",9,24,65,NA,NA,"0.15",NA,NA,"5.72","1.19","No",NA,"mix","mixture of manure, deep litter, meadow grass, grass, grass silage, straw, cereal, and corn silage",NA,"slurry","Anaerobic digestion","None",NA,"6.05","76.99","2.72",1.22,NA,NA,NA,"7.66",NA,NA,"bsth",30,"t/ha",NA,NA,NA,NA,NA,NA,NA,NA,NA,NA,NA,19,NA,"AU",3,"../../data-submitted/03/AU/ALFAM2_template_8.3_Stabil26_FDP_13_Jan.xlsx","AD","Wind tunnel",NA,"2022-04-19 15.52.46 UTC","2022-04-25 10.28.27 UTC","D:1.I:AU.Pr:STABIL26.F:../../data-submitted/03/AU/ALFAM2_template_8.3_Stabil26_FDP_13_Jan.xlsx.E:2.F:Foulumgård.P:5 AD.T:AD.R:3.R2:.T:NA","D:1.I:AU.Pr:STABIL26.E:2","","Dela Pierre, Flavia",36.6,NA,4.05,5.45,7.37,9.45,11.5,12.6,13.3,NA,14,14,NA,4.05,5.45,7.37,9.45,11.5,12.6,13.3,NA,14,14,NA,0.111,0.149,0.201,0.258,0.315,0.345,0.364,NA,0.384,0.384,NA,0,0,0,0,0,0,0,NA,0,0,NA,15.6,14.9,11.3,10.5,10.3,10.6,10.7,9.95,9.95,NA,8.15,8.23,8.17,7.84,7.94,8.05,8.18,8.31,8.31,NA,NA,NA,NA,NA,NA,NA,NA,NA,NA,NA,NA,NA,NA,NA,NA,NA,NA,NA,NA,NA,NA,NA,NA,NA,NA,NA,NA,NA,NA,NA,258,176,88.6,225,252,261,266,244,244,NA,0,0,0,0,0,0,0,0,0,NA,46.3,48.7,66.8,70.6,70.4,68.5,67.7,68.5,68.5,938,1020,80,1.73,0.0274,1,1.73,1.73,1.73,139,2022-04-19 15:52:00,2022-04-25 08:44:00,2,"0.1",2,NA,NA,NA,NA,NA,NA,FALSE,"Wind tunnel","wt",NA,"Band spread or trailing hose",NA,"Mix",2022-04-19,"","0-5"
"D:1.I:AU.Pr:STABIL26.F:../../data-submitted/03/AU/ALFAM2_template_8.3_Stabil26_FDP_13_Jan.xlsx.E:2.F:Foulumgård.P:6 AD-F.T:AD-F.R:2.R2:.T:NA.M:Wind tunnelNA",NA,"STABIL26","2","Foulumgård","6 AD-F","2",0.2,56.5,9.56,"DK","flat",9,24,65,NA,NA,"0.15",NA,NA,"5.72","1.19","No",NA,"mix","mixture of manure, deep litter, meadow grass, grass, grass silage, straw, cereal, and corn silage",NA,"solid","Anaerobic digestion","Mechanical separation",NA,"21.98","88.58","3.9",0.43,NA,NA,NA,"8.02",NA,NA,"bsth",10,"t/ha",NA,NA,NA,NA,NA,NA,NA,NA,NA,NA,NA,20,NA,"AU",3,"../../data-submitted/03/AU/ALFAM2_template_8.3_Stabil26_FDP_13_Jan.xlsx","AD-F","Wind tunnel",NA,"2022-04-19 16.08.45 UTC","2022-04-25 10.44.27 UTC","D:1.I:AU.Pr:STABIL26.F:../../data-submitted/03/AU/ALFAM2_template_8.3_Stabil26_FDP_13_Jan.xlsx.E:2.F:Foulumgård.P:6 AD-F.T:AD-F.R:2.R2:.T:NA","D:1.I:AU.Pr:STABIL26.E:2","","Dela Pierre, Flavia",4.3,NA,0.123,0.145,0.129,0.151,0.15,0.165,0.154,NA,0.186,0.186,NA,0.123,0.145,0.129,0.151,0.15,0.165,0.154,NA,0.186,0.186,NA,0.0286,0.0337,0.0299,0.0352,0.0349,0.0383,0.0358,NA,0.0433,0.0433,NA,0,0,0,0,0,0,0,NA,0,0,NA,15.6,13.9,10.8,10.4,10.3,10.6,10.7,9.93,9.93,NA,8.15,8.23,8.17,7.83,7.93,8.05,8.18,8.31,8.31,NA,NA,NA,NA,NA,NA,NA,NA,NA,NA,NA,NA,NA,NA,NA,NA,NA,NA,NA,NA,NA,NA,NA,NA,NA,NA,NA,NA,NA,NA,NA,258,172,86.5,235,257,266,269,251,251,NA,0,0,0,0,0,0,0,0,0,NA,46.3,55.7,70.4,71.8,71.2,68.8,68.1,68.9,68.9,1020,1100,80,1.73,0.00862,0.0371,1.73,1.73,1.73,139,2022-04-19 16:08:00,2022-04-25 09:00:00,2,"0.1",2,NA,NA,NA,NA,NA,NA,FALSE,"Wind tunnel","wt",NA,"Band spread or trailing hose",NA,"Mix",2022-04-19,"","0-5"
"D:1.I:AU.Pr:STABIL26.F:../../data-submitted/03/AU/ALFAM2_template_8.3_Stabil26_FDP_13_Jan.xlsx.E:2.F:Foulumgård.P:8 AD.T:AD.R:3.R2:.T:NA.M:Wind tunnelNA",NA,"STABIL26","2","Foulumgård","8 AD","3",0.2,56.5,9.56,"DK","flat",9,24,65,NA,NA,"0.15",NA,NA,"5.72","1.19","No",NA,"mix","mixture of manure, deep litter, meadow grass, grass, grass silage, straw, cereal, and corn silage",NA,"slurry","Anaerobic digestion","None",NA,"6.05","76.99","2.72",1.22,NA,NA,NA,"7.66",NA,NA,"bsth",30,"t/ha",NA,NA,NA,NA,NA,NA,NA,NA,NA,NA,NA,21,NA,"AU",3,"../../data-submitted/03/AU/ALFAM2_template_8.3_Stabil26_FDP_13_Jan.xlsx","AD","Wind tunnel",NA,"2022-04-19 16.16.44 UTC","2022-04-25 10.52.27 UTC","D:1.I:AU.Pr:STABIL26.F:../../data-submitted/03/AU/ALFAM2_template_8.3_Stabil26_FDP_13_Jan.xlsx.E:2.F:Foulumgård.P:8 AD.T:AD.R:3.R2:.T:NA","D:1.I:AU.Pr:STABIL26.E:2","","Dela Pierre, Flavia",36.6,NA,4.5,6.3,9.08,12.1,14.7,16.1,16.9,NA,17.8,17.8,NA,4.5,6.3,9.08,12.1,14.7,16.1,16.9,NA,17.8,17.8,NA,0.123,0.172,0.248,0.331,0.401,0.44,0.462,NA,0.486,0.486,NA,0,0,0,0,0,0,0,NA,0,0,NA,15.7,13.9,10.8,10.5,10.3,10.6,10.7,9.93,9.93,NA,8.15,8.23,8.17,7.84,7.94,8.07,8.19,8.32,8.32,NA,NA,NA,NA,NA,NA,NA,NA,NA,NA,NA,NA,NA,NA,NA,NA,NA,NA,NA,NA,NA,NA,NA,NA,NA,NA,NA,NA,NA,NA,NA,258,172,86.5,242,256,260,265,245,245,NA,0,0,0,0,0,0,0,0,0,NA,46.3,55.7,70.4,71.1,70.7,68.6,68,68.8,68.8,1100,1180,80,1.73,0.0292,1.07,1.73,1.73,1.73,139,2022-04-19 16:16:00,2022-04-25 09:08:00,2,"0.1",2,NA,NA,NA,NA,NA,NA,FALSE,"Wind tunnel","wt",NA,"Band spread or trailing hose",NA,"Mix",2022-04-19,"","0-5"
"D:1.I:AU.Pr:STABIL26.F:../../data-submitted/03/AU/ALFAM2_template_8.3_Stabil26_FDP_13_Jan.xlsx.E:2.F:Foulumgård.P:9 AD-F.T:AD-F.R:2.R2:.T:NA.M:Wind tunnelNA",NA,"STABIL26","2","Foulumgård","9 AD-F","2",0.2,56.5,9.56,"DK","flat",9,24,65,NA,NA,"0.15",NA,NA,"5.72","1.19","No",NA,"mix","mixture of manure, deep litter, meadow grass, grass, grass silage, straw, cereal, and corn silage",NA,"solid","Anaerobic digestion","Mechanical separation",NA,"21.98","88.58","3.9",0.43,NA,NA,NA,"8.02",NA,NA,"bsth",10,"t/ha",NA,NA,NA,NA,NA,NA,NA,NA,NA,NA,NA,22,NA,"AU",3,"../../data-submitted/03/AU/ALFAM2_template_8.3_Stabil26_FDP_13_Jan.xlsx","AD-F","Wind tunnel",NA,"2022-04-19 16.24.45 UTC","2022-04-25 11.00.28 UTC","D:1.I:AU.Pr:STABIL26.F:../../data-submitted/03/AU/ALFAM2_template_8.3_Stabil26_FDP_13_Jan.xlsx.E:2.F:Foulumgård.P:9 AD-F.T:AD-F.R:2.R2:.T:NA","D:1.I:AU.Pr:STABIL26.E:2","","Dela Pierre, Flavia",4.3,NA,0.0629,0.0699,0.0552,0.0865,0.0315,-0.00788,-0.0658,NA,-0.0955,-0.0955,NA,0.0629,0.0699,0.0552,0.0865,0.0315,-0.00788,-0.0658,NA,-0.0955,-0.0955,NA,0.0146,0.0162,0.0128,0.0201,0.00732,-0.00183,-0.0153,NA,-0.0222,-0.0222,NA,0,0,0,0,0,0,0,NA,0,0,NA,15.6,13.9,10.6,10.4,10.3,10.7,10.7,9.94,9.94,NA,8.15,8.23,8.15,7.82,7.93,8.06,8.18,8.31,8.31,NA,NA,NA,NA,NA,NA,NA,NA,NA,NA,NA,NA,NA,NA,NA,NA,NA,NA,NA,NA,NA,NA,NA,NA,NA,NA,NA,NA,NA,NA,NA,258,172,86.6,246,263,268,270,250,250,NA,0,0,0,0,0,0,0,0,0,NA,46.3,55.7,71,71.2,70.6,68.3,67.8,68.6,68.6,1180,1260,80,1.73,0.00493,0.0212,1.73,1.73,1.73,139,2022-04-19 16:24:00,2022-04-25 09:16:00,2,"0.1",2,NA,NA,NA,NA,NA,NA,FALSE,"Wind tunnel","wt",NA,"Band spread or trailing hose",NA,"Mix",2022-04-19,"","0-5"
"D:1.I:AU.Pr:STABIL26.F:../../data-submitted/03/AU/ALFAM2_template_8.3_Stabil26_FDP_13_Jan.xlsx.E:3.F:Foulumgård.P:1 AD-F.T:AD-F.R:1.R2:.T:2022-09-14 14:48:00.M:Wind tunnelNA",NA,"STABIL26","3","Foulumgård","1 AD-F","1",0.2,56.5,9.56,"DK","flat",9,24,65,NA,NA,"0.18",NA,NA,"5.61","1.06","No",NA,"mix","mixture of manure, deep litter, meadow grass, grass, grass silage, straw, cereal, and corn silage",NA,"solid","Anaerobic digestion","Mechanical separation",NA,"52.76","88.41","13.28",1.33,NA,NA,NA,"6.6",2022-09-14 14:48:00,2022-09-20 08:28:00,"bsth",10,"t/ha",NA,NA,NA,NA,NA,NA,NA,NA,NA,NA,NA,23,NA,"AU",3,"../../data-submitted/03/AU/ALFAM2_template_8.3_Stabil26_FDP_13_Jan.xlsx","AD-F","Wind tunnel",NA,"2022-09-14 14:48:07 UTC","2022-09-20 08:28:08 UTC","D:1.I:AU.Pr:STABIL26.F:../../data-submitted/03/AU/ALFAM2_template_8.3_Stabil26_FDP_13_Jan.xlsx.E:3.F:Foulumgård.P:1 AD-F.T:AD-F.R:1.R2:.T:2022-09-14 14:48:00","D:1.I:AU.Pr:STABIL26.E:3","","Dela Pierre, Flavia",13.3,NA,-0.0163,-0.0287,-0.0664,-0.127,-0.2,-0.258,-0.275,NA,-0.313,-0.313,NA,-0.0163,-0.0287,-0.0664,-0.127,-0.2,-0.258,-0.275,NA,-0.313,-0.313,NA,-0.00122,-0.00216,-0.00499,-0.00956,-0.015,-0.0194,-0.0207,NA,-0.0235,-0.0235,NA,0,0,0,0,0,0,0,NA,0,0,NA,14.7,14.3,12.9,12.2,12.2,12.4,12.2,11.6,11.6,NA,14.8,14.9,14.8,14.4,14,13.9,13.9,13.6,13.6,NA,NA,NA,NA,NA,NA,NA,NA,NA,NA,NA,NA,NA,NA,NA,NA,NA,NA,NA,NA,NA,NA,NA,NA,NA,NA,NA,NA,NA,NA,NA,171,119,59.3,110,123,142,147,141,141,NA,0,0,0,0,0,0,0,0,0,NA,72.6,76.3,85.3,82.8,81,80.8,80.7,81.4,81.4,1260,1330,75,1.73,-0.000215,-0.00286,1.6,3.2,1.73,138,2022-09-14 14:48:00,2022-09-20 06:52:00,2,"0.1",2,NA,NA,NA,NA,NA,NA,FALSE,"Wind tunnel","wt",NA,"Band spread or trailing hose",NA,"Mix",2022-09-14,"","0-5"
"D:1.I:AU.Pr:STABIL26.F:../../data-submitted/03/AU/ALFAM2_template_8.3_Stabil26_FDP_13_Jan.xlsx.E:3.F:Foulumgård.P:10 AD-F.T:AD-F.R:3.R2:.T:2022-09-14 16:00:00.M:Wind tunnelNA",NA,"STABIL26","3","Foulumgård","10 AD-F","3",0.2,56.5,9.56,"DK","flat",9,24,65,NA,NA,"0.18",NA,NA,"5.61","1.06","No",NA,"mix","mixture of manure, deep litter, meadow grass, grass, grass silage, straw, cereal, and corn silage",NA,"solid","Anaerobic digestion","Mechanical separation",NA,"52.76","88.41","13.28",1.33,NA,NA,NA,"6.6",2022-09-14 16:00:00,2022-09-20 09:32:00,"bsth",10,"t/ha",NA,NA,NA,NA,NA,NA,NA,NA,NA,NA,NA,24,NA,"AU",3,"../../data-submitted/03/AU/ALFAM2_template_8.3_Stabil26_FDP_13_Jan.xlsx","AD-F","Wind tunnel",NA,"2022-09-14 16:00:06 UTC","2022-09-20 09:32:06 UTC","D:1.I:AU.Pr:STABIL26.F:../../data-submitted/03/AU/ALFAM2_template_8.3_Stabil26_FDP_13_Jan.xlsx.E:3.F:Foulumgård.P:10 AD-F.T:AD-F.R:3.R2:.T:2022-09-14 16:00:00","D:1.I:AU.Pr:STABIL26.E:3","","Dela Pierre, Flavia",13.3,NA,0.00609,0.0107,0.0262,0.0547,0.0992,0.135,0.159,NA,0.179,0.179,NA,0.00609,0.0107,0.0262,0.0547,0.0992,0.135,0.159,NA,0.179,0.179,NA,0.000458,0.000804,0.00197,0.00412,0.00746,0.0102,0.012,NA,0.0134,0.0134,NA,0,0,0,0,0,0,0,NA,0,0,NA,14.2,13.6,12.3,12.2,12.5,12.5,12.2,11.5,11.5,NA,14.9,14.8,14.7,14.3,14,13.9,13.9,13.6,13.6,NA,NA,NA,NA,NA,NA,NA,NA,NA,NA,NA,NA,NA,NA,NA,NA,NA,NA,NA,NA,NA,NA,NA,NA,NA,NA,NA,NA,NA,NA,NA,121,80.4,40.2,128,149,158,149,141,141,NA,0,0,0,0,0,0,0,0,0,NA,78.3,82.9,88.6,81.7,79.7,79.8,80.6,81.8,81.8,1330,1420,84,1.73,8.92e-05,0.00119,1.6,1.73,1.73,138,2022-09-14 16:00:00,2022-09-20 07:56:00,2,"0.1",2,NA,NA,NA,NA,NA,NA,FALSE,"Wind tunnel","wt",NA,"Band spread or trailing hose",NA,"Mix",2022-09-14,"","0-5"
"D:1.I:AU.Pr:STABIL26.F:../../data-submitted/03/AU/ALFAM2_template_8.3_Stabil26_FDP_13_Jan.xlsx.E:3.F:Foulumgård.P:2 AD-L.T:AD-L.R:1.R2:.T:2022-09-14 14:56:00.M:Wind tunnelNA",NA,"STABIL26","3","Foulumgård","2 AD-L","1",0.2,56.5,9.56,"DK","flat",9,24,65,NA,NA,"0.18",NA,NA,"5.61","1.06","No",NA,"mix","mixture of manure, deep litter, meadow grass, grass, grass silage, straw, cereal, and corn silage",NA,"liquid","Anaerobic digestion","Mechanical separation",NA,"5.35","69.53","2.61",1.06,NA,NA,NA,"7.96",2022-09-14 14:56:00,2022-09-20 08:36:00,"bsth",30,"t/ha",NA,NA,NA,NA,NA,NA,NA,NA,NA,NA,NA,25,NA,"AU",3,"../../data-submitted/03/AU/ALFAM2_template_8.3_Stabil26_FDP_13_Jan.xlsx","AD-L","Wind tunnel",NA,"2022-09-14 14:56:08 UTC","2022-09-20 08:36:08 UTC","D:1.I:AU.Pr:STABIL26.F:../../data-submitted/03/AU/ALFAM2_template_8.3_Stabil26_FDP_13_Jan.xlsx.E:3.F:Foulumgård.P:2 AD-L.T:AD-L.R:1.R2:.T:2022-09-14 14:56:00","D:1.I:AU.Pr:STABIL26.E:3","","Dela Pierre, Flavia",31.8,NA,1.24,1.67,2.38,3.35,4.48,5.2,5.72,NA,6.22,6.22,NA,1.24,1.67,2.38,3.35,4.48,5.2,5.72,NA,6.22,6.22,NA,0.0389,0.0525,0.075,0.105,0.141,0.164,0.18,NA,0.195,0.195,NA,0,0,0,0,0,0,0,NA,0,0,NA,14.7,14.3,12.9,12.3,12.3,12.5,12.2,11.7,11.7,NA,14.9,14.9,14.8,14.4,14,13.9,13.9,13.6,13.6,NA,NA,NA,NA,NA,NA,NA,NA,NA,NA,NA,NA,NA,NA,NA,NA,NA,NA,NA,NA,NA,NA,NA,NA,NA,NA,NA,NA,NA,NA,NA,170,119,59.3,121,135,149,152,143,143,NA,0,0,0,0,0,0,0,0,0,NA,72.6,76.3,85.3,82.2,80.8,80.6,80.6,81.2,81.2,1420,1490,75,1.73,0.00933,0.297,1.6,3.2,1.73,138,2022-09-14 14:56:00,2022-09-20 07:00:00,2,"0.1",2,NA,NA,NA,NA,NA,NA,FALSE,"Wind tunnel","wt",NA,"Band spread or trailing hose",NA,"Mix",2022-09-14,"","0-5"
"D:1.I:AU.Pr:STABIL26.F:../../data-submitted/03/AU/ALFAM2_template_8.3_Stabil26_FDP_13_Jan.xlsx.E:3.F:Foulumgård.P:4 AD.T:AD.R:1.R2:.T:2022-09-14 15:12:00.M:Wind tunnelNA",NA,"STABIL26","3","Foulumgård","4 AD","1",0.2,56.5,9.56,"DK","flat",9,24,65,NA,NA,"0.18",NA,NA,"5.61","1.06","No",NA,"mix","mixture of manure, deep litter, meadow grass, grass, grass silage, straw, cereal, and corn silage",NA,"slurry","Anaerobic digestion","None",NA,"6.37","77.21","3.1",1.52,NA,NA,NA,"7.92",2022-09-14 15:12:00,2022-09-20 08:44:00,"bsth",30,"t/ha",NA,NA,NA,NA,NA,NA,NA,NA,NA,NA,NA,26,NA,"AU",3,"../../data-submitted/03/AU/ALFAM2_template_8.3_Stabil26_FDP_13_Jan.xlsx","AD","Wind tunnel",NA,"2022-09-14 15:12:08 UTC","2022-09-20 08:44:07 UTC","D:1.I:AU.Pr:STABIL26.F:../../data-submitted/03/AU/ALFAM2_template_8.3_Stabil26_FDP_13_Jan.xlsx.E:3.F:Foulumgård.P:4 AD.T:AD.R:1.R2:.T:2022-09-14 15:12:00","D:1.I:AU.Pr:STABIL26.E:3","","Dela Pierre, Flavia",45.6,NA,4.61,6.62,9.83,12.9,15.4,16.6,17.2,NA,17.8,17.8,NA,4.61,6.62,9.83,12.9,15.4,16.6,17.2,NA,17.8,17.8,NA,0.101,0.145,0.216,0.282,0.338,0.364,0.378,NA,0.391,0.391,NA,0,0,0,0,0,0,0,NA,0,0,NA,14.7,13.9,12.6,12.2,12.4,12.5,12.2,11.6,11.6,NA,14.8,14.8,14.7,14.3,14,13.9,13.9,13.6,13.6,NA,NA,NA,NA,NA,NA,NA,NA,NA,NA,NA,NA,NA,NA,NA,NA,NA,NA,NA,NA,NA,NA,NA,NA,NA,NA,NA,NA,NA,NA,NA,171,114,56.8,124,141,155,151,141,141,NA,0,0,0,0,0,0,0,0,0,NA,72.6,79.1,86.7,82.7,80.4,80.2,80.9,81.7,81.7,1490,1580,84,1.73,0.0212,0.969,1.6,1.73,1.73,138,2022-09-14 15:12:00,2022-09-20 07:08:00,2,"0.1",2,NA,NA,NA,NA,NA,NA,FALSE,"Wind tunnel","wt",NA,"Band spread or trailing hose",NA,"Mix",2022-09-14,"","0-5"
"D:1.I:AU.Pr:STABIL26.F:../../data-submitted/03/AU/ALFAM2_template_8.3_Stabil26_FDP_13_Jan.xlsx.E:3.F:Foulumgård.P:5 AD-F.T:AD-F.R:2.R2:.T:2022-09-14 15:20:00.M:Wind tunnelNA",NA,"STABIL26","3","Foulumgård","5 AD-F","2",0.2,56.5,9.56,"DK","flat",9,24,65,NA,NA,"0.18",NA,NA,"5.61","1.06","No",NA,"mix","mixture of manure, deep litter, meadow grass, grass, grass silage, straw, cereal, and corn silage",NA,"solid","Anaerobic digestion","Mechanical separation",NA,"52.76","88.41","13.28",1.33,NA,NA,NA,"6.6",2022-09-14 15:20:00,2022-09-20 08:52:00,"bsth",10,"t/ha",NA,NA,NA,NA,NA,NA,NA,NA,NA,NA,NA,27,NA,"AU",3,"../../data-submitted/03/AU/ALFAM2_template_8.3_Stabil26_FDP_13_Jan.xlsx","AD-F","Wind tunnel",NA,"2022-09-14 15:20:07 UTC","2022-09-20 08:52:07 UTC","D:1.I:AU.Pr:STABIL26.F:../../data-submitted/03/AU/ALFAM2_template_8.3_Stabil26_FDP_13_Jan.xlsx.E:3.F:Foulumgård.P:5 AD-F.T:AD-F.R:2.R2:.T:2022-09-14 15:20:00","D:1.I:AU.Pr:STABIL26.E:3","","Dela Pierre, Flavia",13.3,NA,0.0247,0.0354,0.0581,0.0933,0.159,0.199,0.251,NA,0.295,0.295,NA,0.0247,0.0354,0.0581,0.0933,0.159,0.199,0.251,NA,0.295,0.295,NA,0.00185,0.00266,0.00437,0.00702,0.012,0.015,0.0189,NA,0.0221,0.0221,NA,0,0,0,0,0,0,0,NA,0,0,NA,14.7,13.9,12.6,12.1,12.4,12.5,12.2,11.5,11.5,NA,14.9,14.8,14.8,14.3,14,13.9,13.9,13.6,13.6,NA,NA,NA,NA,NA,NA,NA,NA,NA,NA,NA,NA,NA,NA,NA,NA,NA,NA,NA,NA,NA,NA,NA,NA,NA,NA,NA,NA,NA,NA,NA,170,114,56.8,124,143,153,150,140,140,NA,0,0,0,0,0,0,0,0,0,NA,72.6,79.1,86.7,82.7,80.1,80.3,80.9,81.8,81.8,1580,1660,84,1.73,0.000442,0.00588,1.6,1.73,1.73,138,2022-09-14 15:20:00,2022-09-20 07:16:00,2,"0.1",2,NA,NA,NA,NA,NA,NA,FALSE,"Wind tunnel","wt",NA,"Band spread or trailing hose",NA,"Mix",2022-09-14,"","0-5"
"D:1.I:AU.Pr:STABIL26.F:../../data-submitted/03/AU/ALFAM2_template_8.3_Stabil26_FDP_13_Jan.xlsx.E:3.F:Foulumgård.P:6 AD.T:AD.R:2.R2:.T:2022-09-14 15:28:00.M:Wind tunnelNA",NA,"STABIL26","3","Foulumgård","6 AD","2",0.2,56.5,9.56,"DK","flat",9,24,65,NA,NA,"0.18",NA,NA,"5.61","1.06","No",NA,"mix","mixture of manure, deep litter, meadow grass, grass, grass silage, straw, cereal, and corn silage",NA,"slurry","Anaerobic digestion","None",NA,"6.37","77.21","3.1",1.52,NA,NA,NA,"7.92",2022-09-14 15:28:00,2022-09-20 09:00:00,"bsth",30,"t/ha",NA,NA,NA,NA,NA,NA,NA,NA,NA,NA,NA,28,NA,"AU",3,"../../data-submitted/03/AU/ALFAM2_template_8.3_Stabil26_FDP_13_Jan.xlsx","AD","Wind tunnel",NA,"2022-09-14 15:28:07 UTC","2022-09-20 09:00:07 UTC","D:1.I:AU.Pr:STABIL26.F:../../data-submitted/03/AU/ALFAM2_template_8.3_Stabil26_FDP_13_Jan.xlsx.E:3.F:Foulumgård.P:6 AD.T:AD.R:2.R2:.T:2022-09-14 15:28:00","D:1.I:AU.Pr:STABIL26.E:3","","Dela Pierre, Flavia",45.6,NA,4.8,6.98,10.7,14.2,17.2,18.3,19,NA,19.6,19.6,NA,4.8,6.98,10.7,14.2,17.2,18.3,19,NA,19.6,19.6,NA,0.105,0.153,0.236,0.312,0.376,0.402,0.416,NA,0.429,0.429,NA,0,0,0,0,0,0,0,NA,0,0,NA,14.7,13.9,12.6,12.2,12.4,12.5,12.2,11.5,11.5,NA,14.9,14.8,14.8,14.3,14,13.9,13.9,13.6,13.6,NA,NA,NA,NA,NA,NA,NA,NA,NA,NA,NA,NA,NA,NA,NA,NA,NA,NA,NA,NA,NA,NA,NA,NA,NA,NA,NA,NA,NA,NA,NA,170,114,56.8,123,143,153,151,141,141,NA,0,0,0,0,0,0,0,0,0,NA,72.6,79.1,86.7,81.9,79.8,80,80.9,81.8,81.8,1660,1740,84,1.73,0.0221,1.01,1.6,1.73,1.73,138,2022-09-14 15:28:00,2022-09-20 07:24:00,2,"0.1",2,NA,NA,NA,NA,NA,NA,FALSE,"Wind tunnel","wt",NA,"Band spread or trailing hose",NA,"Mix",2022-09-14,"","0-5"
"D:1.I:AU.Pr:STABIL26.F:../../data-submitted/03/AU/ALFAM2_template_8.3_Stabil26_FDP_13_Jan.xlsx.E:3.F:Foulumgård.P:8 AD-L.T:AD-L.R:2.R2:.T:2022-09-14 15:44:00.M:Wind tunnelNA",NA,"STABIL26","3","Foulumgård","8 AD-L","2",0.2,56.5,9.56,"DK","flat",9,24,65,NA,NA,"0.18",NA,NA,"5.61","1.06","No",NA,"mix","mixture of manure, deep litter, meadow grass, grass, grass silage, straw, cereal, and corn silage",NA,"liquid","Anaerobic digestion","Mechanical separation",NA,"5.35","69.53","2.61",1.06,NA,NA,NA,"7.96",2022-09-14 15:44:00,2022-09-20 09:16:00,"bsth",30,"t/ha",NA,NA,NA,NA,NA,NA,NA,NA,NA,NA,NA,29,NA,"AU",3,"../../data-submitted/03/AU/ALFAM2_template_8.3_Stabil26_FDP_13_Jan.xlsx","AD-L","Wind tunnel",NA,"2022-09-14 15:44:06 UTC","2022-09-20 09:16:07 UTC","D:1.I:AU.Pr:STABIL26.F:../../data-submitted/03/AU/ALFAM2_template_8.3_Stabil26_FDP_13_Jan.xlsx.E:3.F:Foulumgård.P:8 AD-L.T:AD-L.R:2.R2:.T:2022-09-14 15:44:00","D:1.I:AU.Pr:STABIL26.E:3","","Dela Pierre, Flavia",31.8,NA,1.76,2.52,3.97,5.96,8.16,9.38,10.2,NA,11,11,NA,1.76,2.52,3.97,5.96,8.16,9.38,10.2,NA,11,11,NA,0.0553,0.0792,0.125,0.187,0.257,0.295,0.32,NA,0.344,0.344,NA,0,0,0,0,0,0,0,NA,0,0,NA,14.6,13.9,12.5,12.3,12.4,12.5,12.2,11.6,11.6,NA,14.9,14.8,14.7,14.3,14,13.9,13.9,13.6,13.6,NA,NA,NA,NA,NA,NA,NA,NA,NA,NA,NA,NA,NA,NA,NA,NA,NA,NA,NA,NA,NA,NA,NA,NA,NA,NA,NA,NA,NA,NA,NA,160,107,53.3,124,145,155,153,144,144,NA,0,0,0,0,0,0,0,0,0,NA,74.9,80.6,87.5,81.7,79.9,80,80.6,81.6,81.6,1740,1830,84,1.73,0.0111,0.353,1.6,1.73,1.73,138,2022-09-14 15:44:00,2022-09-20 07:40:00,2,"0.1",2,NA,NA,NA,NA,NA,NA,FALSE,"Wind tunnel","wt",NA,"Band spread or trailing hose",NA,"Mix",2022-09-14,"","0-5"
"D:1.I:AU.Pr:STABIL26.F:../../data-submitted/03/AU/ALFAM2_template_8.3_Stabil26_FDP_13_Jan.xlsx.E:3.F:Foulumgård.P:9 AD-L.T:AD-L.R:3.R2:.T:2022-09-14 15:52:00.M:Wind tunnelNA",NA,"STABIL26","3","Foulumgård","9 AD-L","3",0.2,56.5,9.56,"DK","flat",9,24,65,NA,NA,"0.18",NA,NA,"5.61","1.06","No",NA,"mix","mixture of manure, deep litter, meadow grass, grass, grass silage, straw, cereal, and corn silage",NA,"liquid","Anaerobic digestion","Mechanical separation",NA,"5.35","69.53","2.61",1.06,NA,NA,NA,"7.96",2022-09-14 15:52:00,2022-09-20 09:24:00,"bsth",30,"t/ha",NA,NA,NA,NA,NA,NA,NA,NA,NA,NA,NA,30,NA,"AU",3,"../../data-submitted/03/AU/ALFAM2_template_8.3_Stabil26_FDP_13_Jan.xlsx","AD-L","Wind tunnel",NA,"2022-09-14 15:52:06 UTC","2022-09-20 09:24:06 UTC","D:1.I:AU.Pr:STABIL26.F:../../data-submitted/03/AU/ALFAM2_template_8.3_Stabil26_FDP_13_Jan.xlsx.E:3.F:Foulumgård.P:9 AD-L.T:AD-L.R:3.R2:.T:2022-09-14 15:52:00","D:1.I:AU.Pr:STABIL26.E:3","","Dela Pierre, Flavia",31.8,NA,1.42,2,3.09,4.6,6.26,7.24,7.9,NA,8.54,8.54,NA,1.42,2,3.09,4.6,6.26,7.24,7.9,NA,8.54,8.54,NA,0.0447,0.063,0.0971,0.145,0.197,0.228,0.248,NA,0.268,0.268,NA,0,0,0,0,0,0,0,NA,0,0,NA,14.3,13.6,12.3,12.2,12.4,12.5,12.2,11.5,11.5,NA,14.8,14.8,14.7,14.3,14,13.9,13.9,13.6,13.6,NA,NA,NA,NA,NA,NA,NA,NA,NA,NA,NA,NA,NA,NA,NA,NA,NA,NA,NA,NA,NA,NA,NA,NA,NA,NA,NA,NA,NA,NA,NA,121,80.4,40.2,118,142,153,148,142,142,NA,0,0,0,0,0,0,0,0,0,NA,78.3,82.9,88.6,82.2,80.3,80.2,80.7,81.7,81.7,1830,1910,84,1.73,0.00937,0.298,1.6,1.73,1.73,138,2022-09-14 15:52:00,2022-09-20 07:48:00,2,"0.1",2,NA,NA,NA,NA,NA,NA,FALSE,"Wind tunnel","wt",NA,"Band spread or trailing hose",NA,"Mix",2022-09-14,"","0-5"
"D:1.I:AU.Pr:STABIL26.F:../../data-submitted/03/AU/ALFAM2_template_8.3_Stabil26_FDP_13_Jan.xlsx.E:4.F:Foulumgård.P:1 PS-L.T:PS-L.R:1.R2:.T:2022-04-12 15:08:00.M:Wind tunnelNA",NA,"STABIL26","4","Foulumgård","1 PS-L","1",0.2,56.5,9.56,"DK","flat",9,24,65,NA,NA,"0.17",NA,NA,"5.96","1.29","No",NA,"pig","finisher pigs, piglets or a mixture of the two",NA,"liquid","Mechanical separation",NA,NA,"2.38","69.77","1.9",1.01,NA,NA,NA,"7.36",2022-04-12 15:08:00,2022-04-18 09:31:00,"bsth",30,"t/ha",NA,NA,NA,NA,NA,NA,NA,NA,NA,NA,NA,31,NA,"AU",3,"../../data-submitted/03/AU/ALFAM2_template_8.3_Stabil26_FDP_13_Jan.xlsx","PS-L","Wind tunnel",NA,"2022-04-12 15:08:06 UTC","2022-04-18 09:31:29 UTC","D:1.I:AU.Pr:STABIL26.F:../../data-submitted/03/AU/ALFAM2_template_8.3_Stabil26_FDP_13_Jan.xlsx.E:4.F:Foulumgård.P:1 PS-L.T:PS-L.R:1.R2:.T:2022-04-12 15:08:00","D:1.I:AU.Pr:STABIL26.E:4","","Dela Pierre, Flavia",30.3,NA,0.14,0.191,0.273,0.417,1.08,1.3,1.48,NA,1.77,1.77,NA,0.14,0.191,0.273,0.417,1.08,1.3,1.48,NA,1.77,1.77,NA,0.00462,0.00631,0.00901,0.0138,0.0356,0.043,0.0488,NA,0.0583,0.0583,NA,0,0,0,0,0,0,0,NA,0,0,NA,9.2,8.53,7.25,7.53,9.01,9.08,7.81,7.67,7.67,NA,5.2,5.3,5.35,5.28,5.46,6.33,6.28,6.44,6.44,NA,NA,NA,NA,NA,NA,NA,NA,NA,NA,NA,NA,NA,NA,NA,NA,NA,NA,NA,NA,NA,NA,NA,NA,NA,NA,NA,NA,NA,NA,NA,297,199,99.4,147,159,77.2,106,140,140,NA,0,0,0,0,0,0,0,0,0,NA,47.1,50.3,55.7,63.9,64.3,80.1,80.5,76.8,76.8,1910,1980,69,1.73,0.00128,0.0389,1.73,20.6,1.73,138,2022-04-12 15:08:00,2022-04-18 07:47:00,2,"0.1",2,NA,NA,NA,NA,NA,NA,FALSE,"Wind tunnel","wt",NA,"Band spread or trailing hose",NA,"Pig",2022-04-12,"","0-5"
"D:1.I:AU.Pr:STABIL26.F:../../data-submitted/03/AU/ALFAM2_template_8.3_Stabil26_FDP_13_Jan.xlsx.E:4.F:Foulumgård.P:10 PS-F.T:PS-F.R:3.R2:.T:2022-04-12 16:20:00.M:Wind tunnelNA",NA,"STABIL26","4","Foulumgård","10 PS-F","3",0.2,56.5,9.56,"DK","flat",9,24,65,NA,NA,"0.17",NA,NA,"5.96","1.29","No",NA,"pig","finisher pigs, piglets or a mixture of the two",NA,"solid","Mechanical separation",NA,NA,"22.3","92.8","2.73",0.71,NA,NA,NA,"8.31",2022-04-12 16:20:00,2022-04-18 10:43:00,"bsth",10,"t/ha",NA,NA,NA,NA,NA,NA,NA,NA,NA,NA,NA,32,NA,"AU",3,"../../data-submitted/03/AU/ALFAM2_template_8.3_Stabil26_FDP_13_Jan.xlsx","PS-F","Wind tunnel",NA,"2022-04-12 16:20:05 UTC","2022-04-18 10:43:27 UTC","D:1.I:AU.Pr:STABIL26.F:../../data-submitted/03/AU/ALFAM2_template_8.3_Stabil26_FDP_13_Jan.xlsx.E:4.F:Foulumgård.P:10 PS-F.T:PS-F.R:3.R2:.T:2022-04-12 16:20:00","D:1.I:AU.Pr:STABIL26.E:4","","Dela Pierre, Flavia",7.1,NA,1.22,1.45,1.77,2.12,2.76,2.93,3.07,NA,3.11,3.11,NA,1.22,1.45,1.77,2.12,2.76,2.93,3.07,NA,3.11,3.11,NA,0.171,0.204,0.25,0.299,0.389,0.413,0.432,NA,0.438,0.438,NA,0,0,0,0,0,0,0,NA,0,0,NA,8.7,7.93,6.85,7.92,8.9,9.53,8.21,7.91,7.91,NA,5.3,5.37,5.37,5.32,5.46,6.34,6.28,6.43,6.43,NA,NA,NA,NA,NA,NA,NA,NA,NA,NA,NA,NA,NA,NA,NA,NA,NA,NA,NA,NA,NA,NA,NA,NA,NA,NA,NA,NA,NA,NA,NA,151,101,50.4,151,148,85.5,115,147,147,NA,0,0,0,0,0,0,0,0,0,NA,48.8,52.8,57.2,63.7,64.5,78.8,79.2,76,76,1980,2050,68,1.73,0.0573,0.407,0.4,22.3,1.73,138,2022-04-12 16:20:00,2022-04-18 08:59:00,2,"0.1",2,NA,NA,NA,NA,NA,NA,FALSE,"Wind tunnel","wt",NA,"Band spread or trailing hose",NA,"Pig",2022-04-12,"","0-5"
"D:1.I:AU.Pr:STABIL26.F:../../data-submitted/03/AU/ALFAM2_template_8.3_Stabil26_FDP_13_Jan.xlsx.E:4.F:Foulumgård.P:12 PS.T:PS.R:3.R2:.T:2022-04-12 16:36:00.M:Wind tunnelNA",NA,"STABIL26","4","Foulumgård","12 PS","3",0.2,56.5,9.56,"DK","flat",9,24,65,NA,NA,"0.17",NA,NA,"5.96","1.29","No",NA,"pig","finisher pigs, piglets or a mixture of the two",NA,"slurry","None",NA,NA,"3.63","77.25","2.03",1.16,NA,NA,NA,"7.16",2022-04-12 16:36:00,2022-04-18 10:59:00,"bsth",30,"t/ha",NA,NA,NA,NA,NA,NA,NA,NA,NA,NA,NA,33,NA,"AU",3,"../../data-submitted/03/AU/ALFAM2_template_8.3_Stabil26_FDP_13_Jan.xlsx","PS","Wind tunnel",NA,"2022-04-12 16:36:04 UTC","2022-04-18 10:59:26 UTC","D:1.I:AU.Pr:STABIL26.F:../../data-submitted/03/AU/ALFAM2_template_8.3_Stabil26_FDP_13_Jan.xlsx.E:4.F:Foulumgård.P:12 PS.T:PS.R:3.R2:.T:2022-04-12 16:36:00","D:1.I:AU.Pr:STABIL26.E:4","","Dela Pierre, Flavia",34.8,NA,0.359,0.495,0.785,1.5,3.44,4.12,4.76,NA,6.12,6.12,NA,0.359,0.495,0.785,1.5,3.44,4.12,4.76,NA,6.12,6.12,NA,0.0103,0.0142,0.0225,0.043,0.099,0.119,0.137,NA,0.176,0.176,NA,0,0,0,0,0,0,0,NA,0,0,NA,8.45,7.77,6.77,7.89,8.88,9.09,7.89,7.72,7.72,NA,5.4,5.43,5.38,5.32,5.47,6.37,6.3,6.45,6.45,NA,NA,NA,NA,NA,NA,NA,NA,NA,NA,NA,NA,NA,NA,NA,NA,NA,NA,NA,NA,NA,NA,NA,NA,NA,NA,NA,NA,NA,NA,NA,115,76.7,38.4,148,146,69.9,105,140,140,NA,0,0,0,0,0,0,0,0,0,NA,50.6,54.1,58.4,64.5,65.3,80.7,80.6,76.9,76.9,2050,2120,68,1.73,0.0023,0.0799,1.73,22.3,1.73,138,2022-04-12 16:36:00,2022-04-18 09:15:00,2,"0.1",2,NA,NA,NA,NA,NA,NA,FALSE,"Wind tunnel","wt",NA,"Band spread or trailing hose",NA,"Pig",2022-04-12,"","0-5"
"D:1.I:AU.Pr:STABIL26.F:../../data-submitted/03/AU/ALFAM2_template_8.3_Stabil26_FDP_13_Jan.xlsx.E:4.F:Foulumgård.P:2 PS.T:PS.R:1.R2:.T:2022-04-12 15:16:00.M:Wind tunnelNA",NA,"STABIL26","4","Foulumgård","2 PS","1",0.2,56.5,9.56,"DK","flat",9,24,65,NA,NA,"0.17",NA,NA,"5.96","1.29","No",NA,"pig","finisher pigs, piglets or a mixture of the two",NA,"slurry","None",NA,NA,"3.63","77.25","2.03",1.16,NA,NA,NA,"7.16",2022-04-12 15:16:00,2022-04-18 09:39:00,"bsth",30,"t/ha",NA,NA,NA,NA,NA,NA,NA,NA,NA,NA,NA,34,NA,"AU",3,"../../data-submitted/03/AU/ALFAM2_template_8.3_Stabil26_FDP_13_Jan.xlsx","PS","Wind tunnel",NA,"2022-04-12 15:16:07 UTC","2022-04-18 09:39:29 UTC","D:1.I:AU.Pr:STABIL26.F:../../data-submitted/03/AU/ALFAM2_template_8.3_Stabil26_FDP_13_Jan.xlsx.E:4.F:Foulumgård.P:2 PS.T:PS.R:1.R2:.T:2022-04-12 15:16:00","D:1.I:AU.Pr:STABIL26.E:4","","Dela Pierre, Flavia",34.8,NA,0.168,0.257,0.39,0.656,1.65,2.01,2.35,NA,3.03,3.03,NA,0.168,0.257,0.39,0.656,1.65,2.01,2.35,NA,3.03,3.03,NA,0.00483,0.00738,0.0112,0.0188,0.0473,0.0578,0.0676,NA,0.087,0.087,NA,0,0,0,0,0,0,0,NA,0,0,NA,9.2,8.53,7.25,7.64,9.12,9.14,7.85,7.66,7.66,NA,5.2,5.3,5.35,5.28,5.47,6.34,6.29,6.45,6.45,NA,NA,NA,NA,NA,NA,NA,NA,NA,NA,NA,NA,NA,NA,NA,NA,NA,NA,NA,NA,NA,NA,NA,NA,NA,NA,NA,NA,NA,NA,NA,297,199,99.3,149,165,81.2,106,139,139,NA,0,0,0,0,0,0,0,0,0,NA,47.1,50.3,55.7,63.3,63.8,79.8,80.2,76.8,76.8,2120,2180,69,1.73,0.000809,0.0282,1.73,20.6,1.73,138,2022-04-12 15:16:00,2022-04-18 07:55:00,2,"0.1",2,NA,NA,NA,NA,NA,NA,FALSE,"Wind tunnel","wt",NA,"Band spread or trailing hose",NA,"Pig",2022-04-12,"","0-5"
"D:1.I:AU.Pr:STABIL26.F:../../data-submitted/03/AU/ALFAM2_template_8.3_Stabil26_FDP_13_Jan.xlsx.E:4.F:Foulumgård.P:4 PS-F.T:PS-F.R:1.R2:.T:2022-04-12 15:32:00.M:Wind tunnelNA",NA,"STABIL26","4","Foulumgård","4 PS-F","1",0.2,56.5,9.56,"DK","flat",9,24,65,NA,NA,"0.17",NA,NA,"5.96","1.29","No",NA,"pig","finisher pigs, piglets or a mixture of the two",NA,"solid","Mechanical separation",NA,NA,"22.3","92.8","2.73",0.71,NA,NA,NA,"8.31",2022-04-12 15:32:00,2022-04-18 09:55:00,"bsth",10,"t/ha",NA,NA,NA,NA,NA,NA,NA,NA,NA,NA,NA,35,NA,"AU",3,"../../data-submitted/03/AU/ALFAM2_template_8.3_Stabil26_FDP_13_Jan.xlsx","PS-F","Wind tunnel",NA,"2022-04-12 15:32:07 UTC","2022-04-18 09:55:29 UTC","D:1.I:AU.Pr:STABIL26.F:../../data-submitted/03/AU/ALFAM2_template_8.3_Stabil26_FDP_13_Jan.xlsx.E:4.F:Foulumgård.P:4 PS-F.T:PS-F.R:1.R2:.T:2022-04-12 15:32:00","D:1.I:AU.Pr:STABIL26.E:4","","Dela Pierre, Flavia",7.1,NA,1.24,1.48,1.81,2.19,2.99,3.21,3.34,NA,3.44,3.44,NA,1.24,1.48,1.81,2.19,2.99,3.21,3.34,NA,3.44,3.44,NA,0.174,0.209,0.255,0.309,0.421,0.452,0.471,NA,0.485,0.485,NA,0,0,0,0,0,0,0,NA,0,0,NA,9.15,8.5,7.15,7.65,9.07,9.14,7.88,7.66,7.66,NA,5.3,5.37,5.38,5.3,5.5,6.35,6.29,6.45,6.45,NA,NA,NA,NA,NA,NA,NA,NA,NA,NA,NA,NA,NA,NA,NA,NA,NA,NA,NA,NA,NA,NA,NA,NA,NA,NA,NA,NA,NA,NA,NA,215,144,72.2,131,148,75.8,105,137,137,NA,0,0,0,0,0,0,0,0,0,NA,46.8,50.1,55.5,63.6,64.4,79.9,80.2,76.8,76.8,2190,2250,68,1.73,0.0576,0.409,1.73,20.6,1.73,138,2022-04-12 15:32:00,2022-04-18 08:11:00,2,"0.1",2,NA,NA,NA,NA,NA,NA,FALSE,"Wind tunnel","wt",NA,"Band spread or trailing hose",NA,"Pig",2022-04-12,"","0-5"
"D:1.I:AU.Pr:STABIL26.F:../../data-submitted/03/AU/ALFAM2_template_8.3_Stabil26_FDP_13_Jan.xlsx.E:4.F:Foulumgård.P:5 PS.T:PS.R:2.R2:.T:2022-04-12 15:40:00.M:Wind tunnelNA",NA,"STABIL26","4","Foulumgård","5 PS","2",0.2,56.5,9.56,"DK","flat",9,24,65,NA,NA,"0.17",NA,NA,"5.96","1.29","No",NA,"pig","finisher pigs, piglets or a mixture of the two",NA,"slurry","None",NA,NA,"3.63","77.25","2.03",1.16,NA,NA,NA,"7.16",2022-04-12 15:40:00,2022-04-18 10:03:00,"bsth",30,"t/ha",NA,NA,NA,NA,NA,NA,NA,NA,NA,NA,NA,36,NA,"AU",3,"../../data-submitted/03/AU/ALFAM2_template_8.3_Stabil26_FDP_13_Jan.xlsx","PS","Wind tunnel",NA,"2022-04-12 15:40:06 UTC","2022-04-18 10:03:28 UTC","D:1.I:AU.Pr:STABIL26.F:../../data-submitted/03/AU/ALFAM2_template_8.3_Stabil26_FDP_13_Jan.xlsx.E:4.F:Foulumgård.P:5 PS.T:PS.R:2.R2:.T:2022-04-12 15:40:00","D:1.I:AU.Pr:STABIL26.E:4","","Dela Pierre, Flavia",34.8,NA,0.476,0.679,1.03,1.69,3.52,4.11,4.61,NA,5.73,5.73,NA,0.476,0.679,1.03,1.69,3.52,4.11,4.61,NA,5.73,5.73,NA,0.0137,0.0195,0.0296,0.0485,0.101,0.118,0.133,NA,0.165,0.165,NA,0,0,0,0,0,0,0,NA,0,0,NA,9.15,8.5,7.13,7.68,9.09,9.13,7.87,7.72,7.72,NA,5.3,5.37,5.38,5.3,5.5,6.35,6.29,6.45,6.45,NA,NA,NA,NA,NA,NA,NA,NA,NA,NA,NA,NA,NA,NA,NA,NA,NA,NA,NA,NA,NA,NA,NA,NA,NA,NA,NA,NA,NA,NA,NA,215,144,72.2,135,152,77.8,104,140,140,NA,0,0,0,0,0,0,0,0,0,NA,46.8,50.1,55.9,63.8,64.6,80,80.1,76.4,76.4,2250,2320,69,1.73,0.00265,0.0924,1.73,20.6,1.73,138,2022-04-12 15:40:00,2022-04-18 08:19:00,2,"0.1",2,NA,NA,NA,NA,NA,NA,FALSE,"Wind tunnel","wt",NA,"Band spread or trailing hose",NA,"Pig",2022-04-12,"","0-5"
"D:1.I:AU.Pr:STABIL26.F:../../data-submitted/03/AU/ALFAM2_template_8.3_Stabil26_FDP_13_Jan.xlsx.E:4.F:Foulumgård.P:6 PS-F.T:PS-F.R:2.R2:.T:2022-04-12 15:56:00.M:Wind tunnelNA",NA,"STABIL26","4","Foulumgård","6 PS-F","2",0.2,56.5,9.56,"DK","flat",9,24,65,NA,NA,"0.17",NA,NA,"5.96","1.29","No",NA,"pig","finisher pigs, piglets or a mixture of the two",NA,"solid","Mechanical separation",NA,NA,"22.3","92.8","2.73",0.71,NA,NA,NA,"8.31",2022-04-12 15:56:00,2022-04-18 10:19:00,"bsth",10,"t/ha",NA,NA,NA,NA,NA,NA,NA,NA,NA,NA,NA,37,NA,"AU",3,"../../data-submitted/03/AU/ALFAM2_template_8.3_Stabil26_FDP_13_Jan.xlsx","PS-F","Wind tunnel",NA,"2022-04-12 15:56:06 UTC","2022-04-18 10:19:28 UTC","D:1.I:AU.Pr:STABIL26.F:../../data-submitted/03/AU/ALFAM2_template_8.3_Stabil26_FDP_13_Jan.xlsx.E:4.F:Foulumgård.P:6 PS-F.T:PS-F.R:2.R2:.T:2022-04-12 15:56:00","D:1.I:AU.Pr:STABIL26.E:4","","Dela Pierre, Flavia",7.1,NA,1.39,1.64,2.02,2.48,3.37,3.68,3.82,NA,3.97,3.97,NA,1.39,1.64,2.02,2.48,3.37,3.68,3.82,NA,3.97,3.97,NA,0.195,0.232,0.285,0.35,0.474,0.518,0.538,NA,0.559,0.559,NA,0,0,0,0,0,0,0,NA,0,0,NA,8.7,8.2,7,7.87,8.97,9.57,8.19,7.96,7.96,NA,5.3,5.37,5.38,5.32,5.43,6.33,6.27,6.44,6.44,NA,NA,NA,NA,NA,NA,NA,NA,NA,NA,NA,NA,NA,NA,NA,NA,NA,NA,NA,NA,NA,NA,NA,NA,NA,NA,NA,NA,NA,NA,NA,151,102,50.8,136,159,90.4,118,149,149,NA,0,0,0,0,0,0,0,0,0,NA,48.8,51.4,56.9,63.5,63.1,78.3,78.9,75.6,75.6,2320,2390,67,1.73,0.0673,0.478,1.73,22.3,1.73,138,2022-04-12 15:56:00,2022-04-18 08:35:00,2,"0.1",2,NA,NA,NA,NA,NA,NA,FALSE,"Wind tunnel","wt",NA,"Band spread or trailing hose",NA,"Pig",2022-04-12,"","0-5"
"D:1.I:AU.Pr:STABIL26.F:../../data-submitted/03/AU/ALFAM2_template_8.3_Stabil26_FDP_13_Jan.xlsx.E:4.F:Foulumgård.P:8 PS-L.T:PS-L.R:2.R2:.T:2022-04-12 16:04:00.M:Wind tunnelNA",NA,"STABIL26","4","Foulumgård","8 PS-L","2",0.2,56.5,9.56,"DK","flat",9,24,65,NA,NA,"0.17",NA,NA,"5.96","1.29","No",NA,"pig","finisher pigs, piglets or a mixture of the two",NA,"liquid","Mechanical separation",NA,NA,"2.38","69.77","1.9",1.01,NA,NA,NA,"7.36",2022-04-12 16:04:00,2022-04-18 10:27:00,"bsth",30,"t/ha",NA,NA,NA,NA,NA,NA,NA,NA,NA,NA,NA,38,NA,"AU",3,"../../data-submitted/03/AU/ALFAM2_template_8.3_Stabil26_FDP_13_Jan.xlsx","PS-L","Wind tunnel",NA,"2022-04-12 16:04:06 UTC","2022-04-18 10:27:28 UTC","D:1.I:AU.Pr:STABIL26.F:../../data-submitted/03/AU/ALFAM2_template_8.3_Stabil26_FDP_13_Jan.xlsx.E:4.F:Foulumgård.P:8 PS-L.T:PS-L.R:2.R2:.T:2022-04-12 16:04:00","D:1.I:AU.Pr:STABIL26.E:4","","Dela Pierre, Flavia",30.3,NA,0.0883,0.116,0.166,0.321,0.906,1.12,1.31,NA,1.69,1.69,NA,0.0883,0.116,0.166,0.321,0.906,1.12,1.31,NA,1.69,1.69,NA,0.00292,0.00381,0.00548,0.0106,0.0299,0.0368,0.0433,NA,0.0557,0.0557,NA,0,0,0,0,0,0,0,NA,0,0,NA,8.7,7.93,6.87,7.81,8.96,9.56,8.18,7.88,7.88,NA,5.3,5.37,5.38,5.32,5.45,6.33,6.27,6.43,6.43,NA,NA,NA,NA,NA,NA,NA,NA,NA,NA,NA,NA,NA,NA,NA,NA,NA,NA,NA,NA,NA,NA,NA,NA,NA,NA,NA,NA,NA,NA,NA,151,101,50.4,135,146,85.8,115,146,146,NA,0,0,0,0,0,0,0,0,0,NA,48.8,52.8,57.6,63.8,63.8,78.6,79,75.9,75.9,2390,2460,67,1.73,0.000787,0.0239,1.73,22.3,1.73,138,2022-04-12 16:04:00,2022-04-18 08:43:00,2,"0.1",2,NA,NA,NA,NA,NA,NA,FALSE,"Wind tunnel","wt",NA,"Band spread or trailing hose",NA,"Pig",2022-04-12,"","0-5"
"D:1.I:AU.Pr:STABIL26.F:../../data-submitted/03/AU/ALFAM2_template_8.3_Stabil26_FDP_13_Jan.xlsx.E:4.F:Foulumgård.P:9 PS-L.T:PS-L.R:3.R2:.T:2022-04-12 16:12:00.M:Wind tunnelNA",NA,"STABIL26","4","Foulumgård","9 PS-L","3",0.2,56.5,9.56,"DK","flat",9,24,65,NA,NA,"0.17",NA,NA,"5.96","1.29","No",NA,"pig","finisher pigs, piglets or a mixture of the two",NA,"liquid","Mechanical separation",NA,NA,"2.38","69.77","1.9",1.01,NA,NA,NA,"7.36",2022-04-12 16:12:00,2022-04-18 10:35:00,"bsth",30,"t/ha",NA,NA,NA,NA,NA,NA,NA,NA,NA,NA,NA,39,NA,"AU",3,"../../data-submitted/03/AU/ALFAM2_template_8.3_Stabil26_FDP_13_Jan.xlsx","PS-L","Wind tunnel",NA,"2022-04-12 16:12:06 UTC","2022-04-18 10:35:27 UTC","D:1.I:AU.Pr:STABIL26.F:../../data-submitted/03/AU/ALFAM2_template_8.3_Stabil26_FDP_13_Jan.xlsx.E:4.F:Foulumgård.P:9 PS-L.T:PS-L.R:3.R2:.T:2022-04-12 16:12:00","D:1.I:AU.Pr:STABIL26.E:4","","Dela Pierre, Flavia",30.3,NA,0.102,0.135,0.208,0.383,0.864,1.05,1.22,NA,1.48,1.48,NA,0.102,0.135,0.208,0.383,0.864,1.05,1.22,NA,1.48,1.48,NA,0.00337,0.00446,0.00688,0.0126,0.0285,0.0348,0.0403,NA,0.0487,0.0487,NA,0,0,0,0,0,0,0,NA,0,0,NA,8.7,7.93,6.87,7.86,9.01,9.57,8.25,7.96,7.96,NA,5.3,5.37,5.38,5.32,5.45,6.33,6.28,6.44,6.44,NA,NA,NA,NA,NA,NA,NA,NA,NA,NA,NA,NA,NA,NA,NA,NA,NA,NA,NA,NA,NA,NA,NA,NA,NA,NA,NA,NA,NA,NA,NA,151,101,50.4,142,152,86.9,117,147,147,NA,0,0,0,0,0,0,0,0,0,NA,48.8,52.8,57.6,63.9,63.9,78.6,79,75.7,75.7,2460,2520,67,1.73,0.000897,0.0272,1.73,22.3,1.73,138,2022-04-12 16:12:00,2022-04-18 08:51:00,2,"0.1",2,NA,NA,NA,NA,NA,NA,FALSE,"Wind tunnel","wt",NA,"Band spread or trailing hose",NA,"Pig",2022-04-12,"","0-5"
"D:1.I:AU.Pr:STABIL26.F:../../data-submitted/03/AU/ALFAM2_template_8.3_Stabil26_FDP_13_Jan.xlsx.E:5.F:Foulumgård.P:1 PS-F.T:PS-F.R:1.R2:.T:2022-04-26 16:05:00.M:Wind tunnelNA",NA,"STABIL26","5","Foulumgård","1 PS-F","1",0.2,56.5,9.56,"DK","flat",9,24,65,NA,NA,"0.15",NA,NA,"5.79","1.15","No",NA,"pig","finisher pigs, piglets or a mixture of the two",NA,"solid","Mechanical separation",NA,NA,"21.84","92.58","2.89",1.28,NA,NA,NA,"8.18",2022-04-26 16:05:00,2022-05-02 09:50:00,"bsth",10,"t/ha",NA,NA,NA,NA,NA,NA,NA,NA,NA,NA,NA,40,NA,"AU",3,"../../data-submitted/03/AU/ALFAM2_template_8.3_Stabil26_FDP_13_Jan.xlsx","PS-F","Wind tunnel",NA,"2022-04-26 16:05:31 UTC","2022-05-02 09:50:55 UTC","D:1.I:AU.Pr:STABIL26.F:../../data-submitted/03/AU/ALFAM2_template_8.3_Stabil26_FDP_13_Jan.xlsx.E:5.F:Foulumgård.P:1 PS-F.T:PS-F.R:1.R2:.T:2022-04-26 16:05:00","D:1.I:AU.Pr:STABIL26.E:5","","Dela Pierre, Flavia",12.8,NA,1.8,2.05,2.27,2.57,2.72,2.83,2.86,NA,2.89,2.89,NA,1.8,2.05,2.27,2.57,2.72,2.83,2.86,NA,2.89,2.89,NA,0.141,0.161,0.178,0.201,0.212,0.221,0.223,NA,0.225,0.225,NA,0,0,0,0,0,0,0,NA,0,0,NA,10.8,9.67,7.5,7.71,7.44,8.94,8.55,8.51,8.51,NA,9.05,9.1,8.98,8.38,8.31,7.99,8.04,8.31,8.31,NA,NA,NA,NA,NA,NA,NA,NA,NA,NA,NA,NA,NA,NA,NA,NA,NA,NA,NA,NA,NA,NA,NA,NA,NA,NA,NA,NA,NA,NA,NA,256,171,85.5,184,163,383,346,290,290,NA,0,0,0,0,0,0,0,0,0,NA,62.9,69,80.1,79,76.4,68.2,69.9,71.4,71.4,2520,2590,66,1.73,0.0536,0.686,1.73,25.1,1.73,138,2022-04-26 16:05:00,2022-05-02 08:06:00,2,"0.1",2,NA,NA,NA,NA,NA,NA,FALSE,"Wind tunnel","wt",NA,"Band spread or trailing hose",NA,"Pig",2022-04-26,"","0-5"
"D:1.I:AU.Pr:STABIL26.F:../../data-submitted/03/AU/ALFAM2_template_8.3_Stabil26_FDP_13_Jan.xlsx.E:5.F:Foulumgård.P:10 PS-L.T:PS-L.R:3.R2:.T:2022-04-26 17:17:00.M:Wind tunnelNA",NA,"STABIL26","5","Foulumgård","10 PS-L","3",0.2,56.5,9.56,"DK","flat",9,24,65,NA,NA,"0.15",NA,NA,"5.79","1.15","No",NA,"pig","finisher pigs, piglets or a mixture of the two",NA,"liquid","Mechanical separation",NA,NA,"2.36","77.13","2.13",1.12,NA,NA,NA,"7.66",2022-04-26 17:17:00,2022-05-02 11:02:00,"bsth",30,"t/ha",NA,NA,NA,NA,NA,NA,NA,NA,NA,NA,NA,41,NA,"AU",3,"../../data-submitted/03/AU/ALFAM2_template_8.3_Stabil26_FDP_13_Jan.xlsx","PS-L","Wind tunnel",NA,"2022-04-26 17:17:28 UTC","2022-05-02 11:02:53 UTC","D:1.I:AU.Pr:STABIL26.F:../../data-submitted/03/AU/ALFAM2_template_8.3_Stabil26_FDP_13_Jan.xlsx.E:5.F:Foulumgård.P:10 PS-L.T:PS-L.R:3.R2:.T:2022-04-26 17:17:00","D:1.I:AU.Pr:STABIL26.E:5","","Dela Pierre, Flavia",33.6,NA,0.558,0.673,0.819,1.3,1.98,2.98,3.29,NA,3.65,3.65,NA,0.558,0.673,0.819,1.3,1.98,2.98,3.29,NA,3.65,3.65,NA,0.0166,0.02,0.0244,0.0388,0.0589,0.0887,0.0978,NA,0.109,0.109,NA,0,0,0,0,0,0,0,NA,0,0,NA,10,8.9,6.85,7.85,7.44,9.45,8.97,8.83,8.83,NA,9.15,9.13,8.92,8.35,8.27,8.05,8.08,8.33,8.33,NA,NA,NA,NA,NA,NA,NA,NA,NA,NA,NA,NA,NA,NA,NA,NA,NA,NA,NA,NA,NA,NA,NA,NA,NA,NA,NA,NA,NA,NA,NA,152,101,50.6,186,164,406,367,304,304,NA,0,0,0,0,0,0,0,0,0,NA,67.4,74.4,83.9,77.9,76.8,65.6,67.6,69.7,69.7,2590,2660,66,1.73,0.00555,0.186,1.73,25.1,1.73,138,2022-04-26 17:17:00,2022-05-02 09:18:00,2,"0.1",2,NA,NA,NA,NA,NA,NA,FALSE,"Wind tunnel","wt",NA,"Band spread or trailing hose",NA,"Pig",2022-04-26,"","0-5"
"D:1.I:AU.Pr:STABIL26.F:../../data-submitted/03/AU/ALFAM2_template_8.3_Stabil26_FDP_13_Jan.xlsx.E:5.F:Foulumgård.P:12 PS.T:PS.R:3.R2:.T:2022-04-26 17:33:00.M:Wind tunnelNA",NA,"STABIL26","5","Foulumgård","12 PS","3",0.2,56.5,9.56,"DK","flat",9,24,65,NA,NA,"0.15",NA,NA,"5.79","1.15","No",NA,"pig","finisher pigs, piglets or a mixture of the two",NA,"slurry","None",NA,NA,"3.66","68.84","2.07",1.14,NA,NA,NA,"7.86",2022-04-26 17:33:00,2022-05-02 11:18:00,"bsth",30,"t/ha",NA,NA,NA,NA,NA,NA,NA,NA,NA,NA,NA,42,NA,"AU",3,"../../data-submitted/03/AU/ALFAM2_template_8.3_Stabil26_FDP_13_Jan.xlsx","PS","Wind tunnel",NA,"2022-04-26 17:33:28 UTC","2022-05-02 11:18:52 UTC","D:1.I:AU.Pr:STABIL26.F:../../data-submitted/03/AU/ALFAM2_template_8.3_Stabil26_FDP_13_Jan.xlsx.E:5.F:Foulumgård.P:12 PS.T:PS.R:3.R2:.T:2022-04-26 17:33:00","D:1.I:AU.Pr:STABIL26.E:5","","Dela Pierre, Flavia",34.2,NA,1.47,1.86,2.37,3.62,4.97,6.68,7.25,NA,7.94,7.94,NA,1.47,1.86,2.37,3.62,4.97,6.68,7.25,NA,7.94,7.94,NA,0.0431,0.0545,0.0694,0.106,0.145,0.195,0.212,NA,0.232,0.232,NA,0,0,0,0,0,0,0,NA,0,0,NA,9.7,8.7,6.65,7.83,7.42,9.43,8.97,8.8,8.8,NA,9.2,9.17,8.92,8.35,8.26,8.05,8.08,8.33,8.33,NA,NA,NA,NA,NA,NA,NA,NA,NA,NA,NA,NA,NA,NA,NA,NA,NA,NA,NA,NA,NA,NA,NA,NA,NA,NA,NA,NA,NA,NA,NA,77.5,51.7,25.9,180,166,404,365,304,304,NA,0,0,0,0,0,0,0,0,0,NA,67.9,74.7,84.2,77.7,76.1,65.2,67.4,69.7,69.7,2660,2720,66,1.73,0.0116,0.395,1.73,25.1,1.73,138,2022-04-26 17:33:00,2022-05-02 09:34:00,2,"0.1",2,NA,NA,NA,NA,NA,NA,FALSE,"Wind tunnel","wt",NA,"Band spread or trailing hose",NA,"Pig",2022-04-26,"","0-5"
"D:1.I:AU.Pr:STABIL26.F:../../data-submitted/03/AU/ALFAM2_template_8.3_Stabil26_FDP_13_Jan.xlsx.E:5.F:Foulumgård.P:2 PS.T:PS.R:1.R2:.T:2022-04-26 16:13:00.M:Wind tunnelNA",NA,"STABIL26","5","Foulumgård","2 PS","1",0.2,56.5,9.56,"DK","flat",9,24,65,NA,NA,"0.15",NA,NA,"5.79","1.15","No",NA,"pig","finisher pigs, piglets or a mixture of the two",NA,"slurry","None",NA,NA,"3.66","68.84","2.07",1.14,NA,NA,NA,"7.86",2022-04-26 16:13:00,2022-05-02 09:58:00,"bsth",30,"t/ha",NA,NA,NA,NA,NA,NA,NA,NA,NA,NA,NA,43,NA,"AU",3,"../../data-submitted/03/AU/ALFAM2_template_8.3_Stabil26_FDP_13_Jan.xlsx","PS","Wind tunnel",NA,"2022-04-26 16:13:30 UTC","2022-05-02 09:58:55 UTC","D:1.I:AU.Pr:STABIL26.F:../../data-submitted/03/AU/ALFAM2_template_8.3_Stabil26_FDP_13_Jan.xlsx.E:5.F:Foulumgård.P:2 PS.T:PS.R:1.R2:.T:2022-04-26 16:13:00","D:1.I:AU.Pr:STABIL26.E:5","","Dela Pierre, Flavia",34.2,NA,1.11,1.5,1.9,2.68,3.65,5.01,5.39,NA,5.82,5.82,NA,1.11,1.5,1.9,2.68,3.65,5.01,5.39,NA,5.82,5.82,NA,0.0325,0.0437,0.0555,0.0785,0.107,0.146,0.158,NA,0.17,0.17,NA,0,0,0,0,0,0,0,NA,0,0,NA,10.8,9.67,7.5,7.77,7.48,8.96,8.52,8.52,8.52,NA,9.05,9.1,8.98,8.37,8.3,7.99,8.03,8.3,8.3,NA,NA,NA,NA,NA,NA,NA,NA,NA,NA,NA,NA,NA,NA,NA,NA,NA,NA,NA,NA,NA,NA,NA,NA,NA,NA,NA,NA,NA,NA,NA,256,171,85.5,169,158,380,343,290,290,NA,0,0,0,0,0,0,0,0,0,NA,62.9,69,80.1,78.4,76.1,68,69.9,71.4,71.4,2720,2790,66,1.73,0.00834,0.285,1.73,25.1,1.73,138,2022-04-26 16:13:00,2022-05-02 08:14:00,2,"0.1",2,NA,NA,NA,NA,NA,NA,FALSE,"Wind tunnel","wt",NA,"Band spread or trailing hose",NA,"Pig",2022-04-26,"","0-5"
"D:1.I:AU.Pr:STABIL26.F:../../data-submitted/03/AU/ALFAM2_template_8.3_Stabil26_FDP_13_Jan.xlsx.E:5.F:Foulumgård.P:4 PS-F.T:PS-F.R:2.R2:.T:2022-04-26 16:29:00.M:Wind tunnelNA",NA,"STABIL26","5","Foulumgård","4 PS-F","2",0.2,56.5,9.56,"DK","flat",9,24,65,NA,NA,"0.15",NA,NA,"5.79","1.15","No",NA,"pig","finisher pigs, piglets or a mixture of the two",NA,"solid","Mechanical separation",NA,NA,"21.84","92.58","2.89",1.28,NA,NA,NA,"8.18",2022-04-26 16:29:00,2022-05-02 10:14:00,"bsth",10,"t/ha",NA,NA,NA,NA,NA,NA,NA,NA,NA,NA,NA,44,NA,"AU",3,"../../data-submitted/03/AU/ALFAM2_template_8.3_Stabil26_FDP_13_Jan.xlsx","PS-F","Wind tunnel",NA,"2022-04-26 16:29:30 UTC","2022-05-02 10:14:54 UTC","D:1.I:AU.Pr:STABIL26.F:../../data-submitted/03/AU/ALFAM2_template_8.3_Stabil26_FDP_13_Jan.xlsx.E:5.F:Foulumgård.P:4 PS-F.T:PS-F.R:2.R2:.T:2022-04-26 16:29:00","D:1.I:AU.Pr:STABIL26.E:5","","Dela Pierre, Flavia",12.8,NA,1.51,1.71,1.86,2.13,2.28,2.51,2.61,NA,2.72,2.72,NA,1.51,1.71,1.86,2.13,2.28,2.51,2.61,NA,2.72,2.72,NA,0.118,0.133,0.145,0.166,0.178,0.196,0.204,NA,0.212,0.212,NA,0,0,0,0,0,0,0,NA,0,0,NA,10.8,9.67,7.4,7.77,7.52,8.98,8.57,8.56,8.56,NA,9.05,9.1,8.97,8.36,8.29,7.99,8.03,8.29,8.29,NA,NA,NA,NA,NA,NA,NA,NA,NA,NA,NA,NA,NA,NA,NA,NA,NA,NA,NA,NA,NA,NA,NA,NA,NA,NA,NA,NA,NA,NA,NA,256,171,85.5,172,166,383,348,291,291,NA,0,0,0,0,0,0,0,0,0,NA,62.9,69,80.2,78.1,76.3,68,69.8,71.3,71.3,2790,2850,66,1.73,0.0453,0.58,1.73,25.1,1.73,138,2022-04-26 16:29:00,2022-05-02 08:30:00,2,"0.1",2,NA,NA,NA,NA,NA,NA,FALSE,"Wind tunnel","wt",NA,"Band spread or trailing hose",NA,"Pig",2022-04-26,"","0-5"
"D:1.I:AU.Pr:STABIL26.F:../../data-submitted/03/AU/ALFAM2_template_8.3_Stabil26_FDP_13_Jan.xlsx.E:5.F:Foulumgård.P:5 PS-L.T:PS-L.R:1.R2:.T:2022-04-26 16:37:00.M:Wind tunnelNA",NA,"STABIL26","5","Foulumgård","5 PS-L","1",0.2,56.5,9.56,"DK","flat",9,24,65,NA,NA,"0.15",NA,NA,"5.79","1.15","No",NA,"pig","finisher pigs, piglets or a mixture of the two",NA,"liquid","Mechanical separation",NA,NA,"2.36","77.13","2.13",1.12,NA,NA,NA,"7.66",2022-04-26 16:37:00,2022-05-02 10:22:00,"bsth",30,"t/ha",NA,NA,NA,NA,NA,NA,NA,NA,NA,NA,NA,45,NA,"AU",3,"../../data-submitted/03/AU/ALFAM2_template_8.3_Stabil26_FDP_13_Jan.xlsx","PS-L","Wind tunnel",NA,"2022-04-26 16:37:29 UTC","2022-05-02 10:22:54 UTC","D:1.I:AU.Pr:STABIL26.F:../../data-submitted/03/AU/ALFAM2_template_8.3_Stabil26_FDP_13_Jan.xlsx.E:5.F:Foulumgård.P:5 PS-L.T:PS-L.R:1.R2:.T:2022-04-26 16:37:00","D:1.I:AU.Pr:STABIL26.E:5","","Dela Pierre, Flavia",33.6,NA,0.505,0.623,0.753,1.16,1.68,2.43,2.71,NA,3.04,3.04,NA,0.505,0.623,0.753,1.16,1.68,2.43,2.71,NA,3.04,3.04,NA,0.015,0.0185,0.0224,0.0344,0.0501,0.0723,0.0806,NA,0.0906,0.0906,NA,0,0,0,0,0,0,0,NA,0,0,NA,10.8,9.63,7.25,7.7,7.42,8.92,8.52,8.5,8.5,NA,9.15,9.17,8.97,8.36,8.29,7.98,8.03,8.3,8.3,NA,NA,NA,NA,NA,NA,NA,NA,NA,NA,NA,NA,NA,NA,NA,NA,NA,NA,NA,NA,NA,NA,NA,NA,NA,NA,NA,NA,NA,NA,NA,204,136,68.1,164,158,379,341,285,285,NA,0,0,0,0,0,0,0,0,0,NA,63.1,69.1,81.1,78.5,76.7,68.2,69.9,71.6,71.6,2850,2920,66,1.73,0.00493,0.166,1.73,25.1,1.73,138,2022-04-26 16:37:00,2022-05-02 08:38:00,2,"0.1",2,NA,NA,NA,NA,NA,NA,FALSE,"Wind tunnel","wt",NA,"Band spread or trailing hose",NA,"Pig",2022-04-26,"","0-5"
"D:1.I:AU.Pr:STABIL26.F:../../data-submitted/03/AU/ALFAM2_template_8.3_Stabil26_FDP_13_Jan.xlsx.E:5.F:Foulumgård.P:6 PS.T:PS.R:2.R2:.T:2022-04-26 16:53:00.M:Wind tunnelNA",NA,"STABIL26","5","Foulumgård","6 PS","2",0.2,56.5,9.56,"DK","flat",9,24,65,NA,NA,"0.15",NA,NA,"5.79","1.15","No",NA,"pig","finisher pigs, piglets or a mixture of the two",NA,"slurry","None",NA,NA,"3.66","68.84","2.07",1.14,NA,NA,NA,"7.86",2022-04-26 16:53:00,2022-05-02 10:38:00,"bsth",30,"t/ha",NA,NA,NA,NA,NA,NA,NA,NA,NA,NA,NA,46,NA,"AU",3,"../../data-submitted/03/AU/ALFAM2_template_8.3_Stabil26_FDP_13_Jan.xlsx","PS","Wind tunnel",NA,"2022-04-26 16:53:28 UTC","2022-05-02 10:38:54 UTC","D:1.I:AU.Pr:STABIL26.F:../../data-submitted/03/AU/ALFAM2_template_8.3_Stabil26_FDP_13_Jan.xlsx.E:5.F:Foulumgård.P:6 PS.T:PS.R:2.R2:.T:2022-04-26 16:53:00","D:1.I:AU.Pr:STABIL26.E:5","","Dela Pierre, Flavia",34.2,NA,1.41,1.83,2.37,3.37,4.64,6.16,6.67,NA,7.29,7.29,NA,1.41,1.83,2.37,3.37,4.64,6.16,6.67,NA,7.29,7.29,NA,0.0412,0.0534,0.0694,0.0985,0.136,0.18,0.195,NA,0.213,0.213,NA,0,0,0,0,0,0,0,NA,0,0,NA,10,9.1,6.95,7.75,7.39,8.92,8.53,8.48,8.48,NA,9.15,9.17,8.93,8.35,8.28,7.98,8.03,8.29,8.29,NA,NA,NA,NA,NA,NA,NA,NA,NA,NA,NA,NA,NA,NA,NA,NA,NA,NA,NA,NA,NA,NA,NA,NA,NA,NA,NA,NA,NA,NA,NA,152,101,50.6,169,167,381,347,288,288,NA,0,0,0,0,0,0,0,0,0,NA,67.4,72,82.7,78.6,76.8,68.1,69.9,71.6,71.6,2920,2980,66,1.73,0.0106,0.363,1.73,25.1,1.73,138,2022-04-26 16:53:00,2022-05-02 08:54:00,2,"0.1",2,NA,NA,NA,NA,NA,NA,FALSE,"Wind tunnel","wt",NA,"Band spread or trailing hose",NA,"Pig",2022-04-26,"","0-5"
"D:1.I:AU.Pr:STABIL26.F:../../data-submitted/03/AU/ALFAM2_template_8.3_Stabil26_FDP_13_Jan.xlsx.E:5.F:Foulumgård.P:8 PS-L.T:PS-L.R:2.R2:.T:2022-04-26 17:01:00.M:Wind tunnelNA",NA,"STABIL26","5","Foulumgård","8 PS-L","2",0.2,56.5,9.56,"DK","flat",9,24,65,NA,NA,"0.15",NA,NA,"5.79","1.15","No",NA,"pig","finisher pigs, piglets or a mixture of the two",NA,"liquid","Mechanical separation",NA,NA,"2.36","77.13","2.13",1.12,NA,NA,NA,"7.66",2022-04-26 17:01:00,2022-05-02 10:46:00,"bsth",30,"t/ha",NA,NA,NA,NA,NA,NA,NA,NA,NA,NA,NA,47,NA,"AU",3,"../../data-submitted/03/AU/ALFAM2_template_8.3_Stabil26_FDP_13_Jan.xlsx","PS-L","Wind tunnel",NA,"2022-04-26 17:01:29 UTC","2022-05-02 10:46:54 UTC","D:1.I:AU.Pr:STABIL26.F:../../data-submitted/03/AU/ALFAM2_template_8.3_Stabil26_FDP_13_Jan.xlsx.E:5.F:Foulumgård.P:8 PS-L.T:PS-L.R:2.R2:.T:2022-04-26 17:01:00","D:1.I:AU.Pr:STABIL26.E:5","","Dela Pierre, Flavia",33.6,NA,0.453,0.548,0.653,1.04,1.61,2.45,2.77,NA,3.18,3.18,NA,0.453,0.548,0.653,1.04,1.61,2.45,2.77,NA,3.18,3.18,NA,0.0135,0.0163,0.0194,0.0308,0.0479,0.0728,0.0823,NA,0.0946,0.0946,NA,0,0,0,0,0,0,0,NA,0,0,NA,10,9.1,6.95,7.88,7.44,9.44,8.96,8.79,8.79,NA,9.15,9.17,8.93,8.35,8.28,8.06,8.09,8.33,8.33,NA,NA,NA,NA,NA,NA,NA,NA,NA,NA,NA,NA,NA,NA,NA,NA,NA,NA,NA,NA,NA,NA,NA,NA,NA,NA,NA,NA,NA,NA,NA,152,101,50.6,183,162,401,365,301,301,NA,0,0,0,0,0,0,0,0,0,NA,67.4,72,82.7,77.9,76.3,65.4,67.5,69.9,69.9,2990,3050,66,1.73,0.00418,0.14,1.73,25.1,1.73,138,2022-04-26 17:01:00,2022-05-02 09:02:00,2,"0.1",2,NA,NA,NA,NA,NA,NA,FALSE,"Wind tunnel","wt",NA,"Band spread or trailing hose",NA,"Pig",2022-04-26,"","0-5"
"D:1.I:AU.Pr:STABIL26.F:../../data-submitted/03/AU/ALFAM2_template_8.3_Stabil26_FDP_13_Jan.xlsx.E:5.F:Foulumgård.P:9 PS-F.T:PS-F.R:3.R2:.T:2022-04-26 17:09:00.M:Wind tunnelNA",NA,"STABIL26","5","Foulumgård","9 PS-F","3",0.2,56.5,9.56,"DK","flat",9,24,65,NA,NA,"0.15",NA,NA,"5.79","1.15","No",NA,"pig","finisher pigs, piglets or a mixture of the two",NA,"solid","Mechanical separation",NA,NA,"21.84","92.58","2.89",1.28,NA,NA,NA,"8.18",2022-04-26 17:09:00,2022-05-02 10:54:00,"bsth",10,"t/ha",NA,NA,NA,NA,NA,NA,NA,NA,NA,NA,NA,48,NA,"AU",3,"../../data-submitted/03/AU/ALFAM2_template_8.3_Stabil26_FDP_13_Jan.xlsx","PS-F","Wind tunnel",NA,"2022-04-26 17:09:28 UTC","2022-05-02 10:54:54 UTC","D:1.I:AU.Pr:STABIL26.F:../../data-submitted/03/AU/ALFAM2_template_8.3_Stabil26_FDP_13_Jan.xlsx.E:5.F:Foulumgård.P:9 PS-F.T:PS-F.R:3.R2:.T:2022-04-26 17:09:00","D:1.I:AU.Pr:STABIL26.E:5","","Dela Pierre, Flavia",12.8,NA,1.51,1.69,1.88,2.14,2.3,2.49,2.52,NA,2.52,2.52,NA,1.51,1.69,1.88,2.14,2.3,2.49,2.52,NA,2.52,2.52,NA,0.118,0.132,0.147,0.167,0.18,0.195,0.197,NA,0.197,0.197,NA,0,0,0,0,0,0,0,NA,0,0,NA,10,8.9,6.85,7.81,7.45,9.46,8.96,8.78,8.78,NA,9.15,9.13,8.92,8.33,8.26,8.04,8.08,8.32,8.32,NA,NA,NA,NA,NA,NA,NA,NA,NA,NA,NA,NA,NA,NA,NA,NA,NA,NA,NA,NA,NA,NA,NA,NA,NA,NA,NA,NA,NA,NA,NA,152,101,50.6,183,169,409,371,305,305,NA,0,0,0,0,0,0,0,0,0,NA,67.4,74.4,83.9,78.4,76.9,65.7,67.9,70.2,70.2,3050,3120,66,1.73,0.0465,0.595,1.73,25.1,1.73,138,2022-04-26 17:09:00,2022-05-02 09:10:00,2,"0.1",2,NA,NA,NA,NA,NA,NA,FALSE,"Wind tunnel","wt",NA,"Band spread or trailing hose",NA,"Pig",2022-04-26,"","0-5"
"D:1.I:AU.Pr:STABIL26.F:../../data-submitted/03/AU/ALFAM2_template_8.3_Stabil26_FDP_13_Jan.xlsx.E:6.F:Foulumgård.P:10 PS-L.T:PS-L.R:2.R2:.T:2022-10-19 13:51:00.M:Wind tunnelNA",NA,"STABIL26","6","Foulumgård","10 PS-L","2",0.2,56.5,9.56,"DK","flat",9,24,65,NA,NA,"0.21",NA,NA,"6.53","1.1","No",NA,"pig","finisher pigs, piglets or a mixture of the two",NA,"liquid","Mechanical separation",NA,NA,"2.06","59.81","1.51",0.59,NA,NA,NA,"7.88",2022-10-19 13:51:00,2022-10-25 05:46:00,"bsth",30,"t/ha",NA,NA,NA,NA,NA,NA,NA,NA,NA,NA,NA,49,NA,"AU",3,"../../data-submitted/03/AU/ALFAM2_template_8.3_Stabil26_FDP_13_Jan.xlsx","PS-L","Wind tunnel",NA,"2022-10-19 13:51:04 UTC","2022-10-25 05:46:49 UTC","D:1.I:AU.Pr:STABIL26.F:../../data-submitted/03/AU/ALFAM2_template_8.3_Stabil26_FDP_13_Jan.xlsx.E:6.F:Foulumgård.P:10 PS-L.T:PS-L.R:2.R2:.T:2022-10-19 13:51:00","D:1.I:AU.Pr:STABIL26.E:6","","Dela Pierre, Flavia",17.7,NA,0.068,0.0873,0.129,0.271,0.483,0.628,0.698,NA,0.648,0.648,NA,0.068,0.0873,0.129,0.271,0.483,0.628,0.698,NA,0.648,0.648,NA,0.00384,0.00493,0.00727,0.0153,0.0273,0.0355,0.0395,NA,0.0366,0.0366,NA,0,0,0,0,0,0,0,NA,0,0,NA,12.3,11.2,7.77,6.27,7.56,8.5,9.32,10.2,10.2,NA,10.4,10.5,10.4,9.81,9.6,9.79,10.1,10.5,10.5,NA,NA,NA,NA,NA,NA,NA,NA,NA,NA,NA,NA,NA,NA,NA,NA,NA,NA,NA,NA,NA,NA,NA,NA,NA,NA,NA,NA,NA,NA,NA,242,162,69.3,98.9,70.4,54,55.3,47.6,47.6,NA,0,0,0,0,0,0,0,0,0,NA,55.3,60.8,78.1,84.3,87.1,89.4,90.6,91.3,91.3,3120,3200,85,1.6,0.000921,0.0163,1.6,1.6,1.6,136,2022-10-19 13:51:00,2022-10-25 04:10:00,2,"0.1",2,NA,NA,NA,NA,NA,NA,FALSE,"Wind tunnel","wt",NA,"Band spread or trailing hose",NA,"Pig",2022-10-19,"","0-5"
"D:1.I:AU.Pr:STABIL26.F:../../data-submitted/03/AU/ALFAM2_template_8.3_Stabil26_FDP_13_Jan.xlsx.E:6.F:Foulumgård.P:12 PS-F.T:PS-F.R:2.R2:.T:2022-10-19 14:07:00.M:Wind tunnelNA",NA,"STABIL26","6","Foulumgård","12 PS-F","2",0.2,56.5,9.56,"DK","flat",9,24,65,NA,NA,"0.21",NA,NA,"6.53","1.1","No",NA,"pig","finisher pigs, piglets or a mixture of the two",NA,"solid","Mechanical separation",NA,NA,"28.92","92.04","5.81",3.46,NA,NA,NA,"8.84",2022-10-19 14:07:00,2022-10-25 06:02:00,"bsth",10,"t/ha",NA,NA,NA,NA,NA,NA,NA,NA,NA,NA,NA,50,NA,"AU",3,"../../data-submitted/03/AU/ALFAM2_template_8.3_Stabil26_FDP_13_Jan.xlsx","PS-F","Wind tunnel",NA,"2022-10-19 14:07:04 UTC","2022-10-25 06:02:48 UTC","D:1.I:AU.Pr:STABIL26.F:../../data-submitted/03/AU/ALFAM2_template_8.3_Stabil26_FDP_13_Jan.xlsx.E:6.F:Foulumgård.P:12 PS-F.T:PS-F.R:2.R2:.T:2022-10-19 14:07:00","D:1.I:AU.Pr:STABIL26.E:6","","Dela Pierre, Flavia",34.6,NA,6.1,6.76,7.68,8.9,10.1,11,11.9,NA,13.1,13.1,NA,6.1,6.76,7.68,8.9,10.1,11,11.9,NA,13.1,13.1,NA,0.176,0.195,0.222,0.257,0.291,0.318,0.345,NA,0.379,0.379,NA,0,0,0,0,0,0,0,NA,0,0,NA,11.9,10.9,7.47,6.13,7.46,8.43,9.27,10.1,10.1,NA,10.5,10.6,10.4,9.79,9.59,9.78,10.1,10.5,10.5,NA,NA,NA,NA,NA,NA,NA,NA,NA,NA,NA,NA,NA,NA,NA,NA,NA,NA,NA,NA,NA,NA,NA,NA,NA,NA,NA,NA,NA,NA,NA,182,122,52.3,89.7,61.7,48.5,51.6,44.3,44.3,NA,0,0,0,0,0,0,0,0,0,NA,57,61.9,78.9,84.6,87.5,89.7,90.8,91.4,91.4,3200,3290,85,1.6,0.0729,2.52,1.6,1.6,1.6,136,2022-10-19 14:07:00,2022-10-25 04:26:00,2,"0.1",2,NA,NA,NA,NA,NA,NA,FALSE,"Wind tunnel","wt",NA,"Band spread or trailing hose",NA,"Pig",2022-10-19,"","0-5"
"D:1.I:AU.Pr:STABIL26.F:../../data-submitted/03/AU/ALFAM2_template_8.3_Stabil26_FDP_13_Jan.xlsx.E:6.F:Foulumgård.P:15 PS-L.T:PS-L.R:3.R2:.T:2022-10-19 14:15:00.M:Wind tunnelNA",NA,"STABIL26","6","Foulumgård","15 PS-L","3",0.2,56.5,9.56,"DK","flat",9,24,65,NA,NA,"0.21",NA,NA,"6.53","1.1","No",NA,"pig","finisher pigs, piglets or a mixture of the two",NA,"liquid","Mechanical separation",NA,NA,"2.06","59.81","1.51",0.59,NA,NA,NA,"7.88",2022-10-19 14:15:00,2022-10-25 06:10:00,"bsth",30,"t/ha",NA,NA,NA,NA,NA,NA,NA,NA,NA,NA,NA,51,NA,"AU",3,"../../data-submitted/03/AU/ALFAM2_template_8.3_Stabil26_FDP_13_Jan.xlsx","PS-L","Wind tunnel",NA,"2022-10-19 14:15:04 UTC","2022-10-25 06:10:48 UTC","D:1.I:AU.Pr:STABIL26.F:../../data-submitted/03/AU/ALFAM2_template_8.3_Stabil26_FDP_13_Jan.xlsx.E:6.F:Foulumgård.P:15 PS-L.T:PS-L.R:3.R2:.T:2022-10-19 14:15:00","D:1.I:AU.Pr:STABIL26.E:6","","Dela Pierre, Flavia",17.7,NA,0.162,0.185,0.225,0.377,0.486,0.476,0.38,NA,0.193,0.193,NA,0.162,0.185,0.225,0.377,0.486,0.476,0.38,NA,0.193,0.193,NA,0.00916,0.0104,0.0127,0.0213,0.0275,0.0269,0.0215,NA,0.0109,0.0109,NA,0,0,0,0,0,0,0,NA,0,0,NA,11.8,10.9,7.47,6.13,7.47,8.44,9.28,10.2,10.2,NA,10.5,10.6,10.4,9.79,9.59,9.79,10.1,10.5,10.5,NA,NA,NA,NA,NA,NA,NA,NA,NA,NA,NA,NA,NA,NA,NA,NA,NA,NA,NA,NA,NA,NA,NA,NA,NA,NA,NA,NA,NA,NA,NA,182,122,52.3,89.7,61.1,47.1,48.6,42.8,42.8,NA,0,0,0,0,0,0,0,0,0,NA,57,61.9,78.9,84.6,87.5,89.7,90.7,91.4,91.4,3290,3370,85,1.6,0.00322,0.0569,1.6,1.6,1.6,136,2022-10-19 14:15:00,2022-10-25 04:34:00,2,"0.1",2,NA,NA,NA,NA,NA,NA,FALSE,"Wind tunnel","wt",NA,"Band spread or trailing hose",NA,"Pig",2022-10-19,"","0-5"
"D:1.I:AU.Pr:STABIL26.F:../../data-submitted/03/AU/ALFAM2_template_8.3_Stabil26_FDP_13_Jan.xlsx.E:6.F:Foulumgård.P:16 PS-F.T:PS-F.R:3.R2:.T:2022-10-19 14:23:00.M:Wind tunnelNA",NA,"STABIL26","6","Foulumgård","16 PS-F","3",0.2,56.5,9.56,"DK","flat",9,24,65,NA,NA,"0.21",NA,NA,"6.53","1.1","No",NA,"pig","finisher pigs, piglets or a mixture of the two",NA,"solid","Mechanical separation",NA,NA,"28.92","92.04","5.81",3.46,NA,NA,NA,"8.84",2022-10-19 14:23:00,2022-10-25 06:18:00,"bsth",10,"t/ha",NA,NA,NA,NA,NA,NA,NA,NA,NA,NA,NA,52,NA,"AU",3,"../../data-submitted/03/AU/ALFAM2_template_8.3_Stabil26_FDP_13_Jan.xlsx","PS-F","Wind tunnel",NA,"2022-10-19 14:23:03 UTC","2022-10-25 06:18:47 UTC","D:1.I:AU.Pr:STABIL26.F:../../data-submitted/03/AU/ALFAM2_template_8.3_Stabil26_FDP_13_Jan.xlsx.E:6.F:Foulumgård.P:16 PS-F.T:PS-F.R:3.R2:.T:2022-10-19 14:23:00","D:1.I:AU.Pr:STABIL26.E:6","","Dela Pierre, Flavia",34.6,NA,6.36,7.03,8.05,9.42,10.9,12.2,13.6,NA,15.3,15.3,NA,6.36,7.03,8.05,9.42,10.9,12.2,13.6,NA,15.3,15.3,NA,0.184,0.203,0.233,0.272,0.314,0.352,0.393,NA,0.443,0.443,NA,0,0,0,0,0,0,0,NA,0,0,NA,11.9,10.2,7.14,6.14,7.48,8.46,9.29,10.2,10.2,NA,10.5,10.6,10.4,9.77,9.58,9.78,10.1,10.5,10.5,NA,NA,NA,NA,NA,NA,NA,NA,NA,NA,NA,NA,NA,NA,NA,NA,NA,NA,NA,NA,NA,NA,NA,NA,NA,NA,NA,NA,NA,NA,NA,182,122,52.1,98.1,66.4,51.2,53.4,46.6,46.6,NA,0,0,0,0,0,0,0,0,0,NA,57,66.2,80.7,85.1,87.8,89.9,90.9,91.5,91.5,3370,3460,85,1.6,0.0796,2.75,1.6,1.6,1.6,136,2022-10-19 14:23:00,2022-10-25 04:42:00,2,"0.1",2,NA,NA,NA,NA,NA,NA,FALSE,"Wind tunnel","wt",NA,"Band spread or trailing hose",NA,"Pig",2022-10-19,"","0-5"
"D:1.I:AU.Pr:STABIL26.F:../../data-submitted/03/AU/ALFAM2_template_8.3_Stabil26_FDP_13_Jan.xlsx.E:6.F:Foulumgård.P:18 PS.T:PS.R:3.R2:.T:2022-10-19 14:39:00.M:Wind tunnelNA",NA,"STABIL26","6","Foulumgård","18 PS","3",0.2,56.5,9.56,"DK","flat",9,24,65,NA,NA,"0.21",NA,NA,"6.53","1.1","No",NA,"pig","finisher pigs, piglets or a mixture of the two",NA,"slurry","None",NA,NA,"6.24","79.24","2.02",0.87,NA,NA,NA,"7.08",2022-10-19 14:39:00,2022-10-25 06:34:00,"bsth",30,"t/ha",NA,NA,NA,NA,NA,NA,NA,NA,NA,NA,NA,53,NA,"AU",3,"../../data-submitted/03/AU/ALFAM2_template_8.3_Stabil26_FDP_13_Jan.xlsx","PS","Wind tunnel",NA,"2022-10-19 14:39:03 UTC","2022-10-25 06:34:47 UTC","D:1.I:AU.Pr:STABIL26.F:../../data-submitted/03/AU/ALFAM2_template_8.3_Stabil26_FDP_13_Jan.xlsx.E:6.F:Foulumgård.P:18 PS.T:PS.R:3.R2:.T:2022-10-19 14:39:00","D:1.I:AU.Pr:STABIL26.E:6","","Dela Pierre, Flavia",26.1,NA,1.35,1.76,2.6,3.95,5.74,7.27,8.97,NA,11.4,11.4,NA,1.35,1.76,2.6,3.95,5.74,7.27,8.97,NA,11.4,11.4,NA,0.0519,0.0673,0.0995,0.151,0.22,0.279,0.344,NA,0.435,0.435,NA,0,0,0,0,0,0,0,NA,0,0,NA,11.7,10.1,7.04,6.08,7.44,8.43,9.27,10.2,10.2,NA,10.5,10.6,10.4,9.76,9.58,9.78,10.1,10.5,10.5,NA,NA,NA,NA,NA,NA,NA,NA,NA,NA,NA,NA,NA,NA,NA,NA,NA,NA,NA,NA,NA,NA,NA,NA,NA,NA,NA,NA,NA,NA,NA,126,83.8,35.9,91.7,61.9,48,51,43.9,43.9,NA,0,0,0,0,0,0,0,0,0,NA,57.7,66.7,80.9,85.2,87.9,90,91,91.6,91.6,3460,3540,85,1.6,0.0135,0.353,1.6,1.6,1.6,136,2022-10-19 14:39:00,2022-10-25 04:58:00,2,"0.1",2,NA,NA,NA,NA,NA,NA,FALSE,"Wind tunnel","wt",NA,"Band spread or trailing hose",NA,"Pig",2022-10-19,"","0-5"
"D:1.I:AU.Pr:STABIL26.F:../../data-submitted/03/AU/ALFAM2_template_8.3_Stabil26_FDP_13_Jan.xlsx.E:6.F:Foulumgård.P:3 PS-L.T:PS-L.R:1.R2:.T:2022-10-19 13:11:00.M:Wind tunnelNA",NA,"STABIL26","6","Foulumgård","3 PS-L","1",0.2,56.5,9.56,"DK","flat",9,24,65,NA,NA,"0.21",NA,NA,"6.53","1.1","No",NA,"pig","finisher pigs, piglets or a mixture of the two",NA,"liquid","Mechanical separation",NA,NA,"2.06","59.81","1.51",0.59,NA,NA,NA,"7.88",2022-10-19 13:11:00,2022-10-25 05:06:00,"bsth",30,"t/ha",NA,NA,NA,NA,NA,NA,NA,NA,NA,NA,NA,54,NA,"AU",3,"../../data-submitted/03/AU/ALFAM2_template_8.3_Stabil26_FDP_13_Jan.xlsx","PS-L","Wind tunnel",NA,"2022-10-19 13:11:06 UTC","2022-10-25 05:06:49 UTC","D:1.I:AU.Pr:STABIL26.F:../../data-submitted/03/AU/ALFAM2_template_8.3_Stabil26_FDP_13_Jan.xlsx.E:6.F:Foulumgård.P:3 PS-L.T:PS-L.R:1.R2:.T:2022-10-19 13:11:00","D:1.I:AU.Pr:STABIL26.E:6","","Dela Pierre, Flavia",17.7,NA,0.089,0.109,0.121,0.199,0.301,0.22,0.0552,NA,-0.322,-0.322,NA,0.089,0.109,0.121,0.199,0.301,0.22,0.0552,NA,-0.322,-0.322,NA,0.00503,0.00618,0.00684,0.0113,0.017,0.0124,0.00312,NA,-0.0182,-0.0182,NA,0,0,0,0,0,0,0,NA,0,0,NA,12.2,11.9,8.27,6.24,7.55,8.47,9.28,10.2,10.2,NA,10.4,10.4,10.4,9.83,9.59,9.78,10.1,10.5,10.5,NA,NA,NA,NA,NA,NA,NA,NA,NA,NA,NA,NA,NA,NA,NA,NA,NA,NA,NA,NA,NA,NA,NA,NA,NA,NA,NA,NA,NA,NA,NA,282,210,89.9,98.8,73.4,56.3,55.5,50.4,50.4,NA,0,0,0,0,0,0,0,0,0,NA,55.2,56.6,75.6,83.6,86.4,89,90.3,91.1,91.1,3540,3630,85,1.6,0.00119,0.0211,1.6,1.6,1.6,136,2022-10-19 13:11:00,2022-10-25 03:30:00,2,"0.1",2,NA,NA,NA,NA,NA,NA,FALSE,"Wind tunnel","wt",NA,"Band spread or trailing hose",NA,"Pig",2022-10-19,"","0-5"
"D:1.I:AU.Pr:STABIL26.F:../../data-submitted/03/AU/ALFAM2_template_8.3_Stabil26_FDP_13_Jan.xlsx.E:6.F:Foulumgård.P:4 PS.T:PS.R:1.R2:.T:2022-10-19 13:19:00.M:Wind tunnelNA",NA,"STABIL26","6","Foulumgård","4 PS","1",0.2,56.5,9.56,"DK","flat",9,24,65,NA,NA,"0.21",NA,NA,"6.53","1.1","No",NA,"pig","finisher pigs, piglets or a mixture of the two",NA,"slurry","None",NA,NA,"6.24","79.24","2.02",0.87,NA,NA,NA,"7.08",2022-10-19 13:19:00,2022-10-25 05:14:00,"bsth",30,"t/ha",NA,NA,NA,NA,NA,NA,NA,NA,NA,NA,NA,55,NA,"AU",3,"../../data-submitted/03/AU/ALFAM2_template_8.3_Stabil26_FDP_13_Jan.xlsx","PS","Wind tunnel",NA,"2022-10-19 13:19:06 UTC","2022-10-25 05:14:50 UTC","D:1.I:AU.Pr:STABIL26.F:../../data-submitted/03/AU/ALFAM2_template_8.3_Stabil26_FDP_13_Jan.xlsx.E:6.F:Foulumgård.P:4 PS.T:PS.R:1.R2:.T:2022-10-19 13:19:00","D:1.I:AU.Pr:STABIL26.E:6","","Dela Pierre, Flavia",26.1,NA,1.45,2.02,3.06,4.34,6.11,6.79,7.13,NA,7.43,7.43,NA,1.45,2.02,3.06,4.34,6.11,6.79,7.13,NA,7.43,7.43,NA,0.0557,0.0776,0.117,0.166,0.234,0.26,0.273,NA,0.285,0.285,NA,0,0,0,0,0,0,0,NA,0,0,NA,12.2,11.2,7.96,6.27,7.54,8.46,9.28,10.2,10.2,NA,10.4,10.5,10.4,9.83,9.59,9.78,10.1,10.5,10.5,NA,NA,NA,NA,NA,NA,NA,NA,NA,NA,NA,NA,NA,NA,NA,NA,NA,NA,NA,NA,NA,NA,NA,NA,NA,NA,NA,NA,NA,NA,NA,282,188,80.6,103,74.3,57,56,50.8,50.8,NA,0,0,0,0,0,0,0,0,0,NA,55.2,60.7,77.3,84.5,87,89.3,90.5,91.3,91.3,3630,3710,85,1.6,0.0102,0.267,1.6,1.6,1.6,136,2022-10-19 13:19:00,2022-10-25 03:38:00,2,"0.1",2,NA,NA,NA,NA,NA,NA,FALSE,"Wind tunnel","wt",NA,"Band spread or trailing hose",NA,"Pig",2022-10-19,"","0-5"
"D:1.I:AU.Pr:STABIL26.F:../../data-submitted/03/AU/ALFAM2_template_8.3_Stabil26_FDP_13_Jan.xlsx.E:6.F:Foulumgård.P:6 PS-F.T:PS-F.R:1.R2:.T:2022-10-19 13:35:00.M:Wind tunnelNA",NA,"STABIL26","6","Foulumgård","6 PS-F","1",0.2,56.5,9.56,"DK","flat",9,24,65,NA,NA,"0.21",NA,NA,"6.53","1.1","No",NA,"pig","finisher pigs, piglets or a mixture of the two",NA,"solid","Mechanical separation",NA,NA,"28.92","92.04","5.81",3.46,NA,NA,NA,"8.84",2022-10-19 13:35:00,2022-10-25 05:30:00,"bsth",10,"t/ha",NA,NA,NA,NA,NA,NA,NA,NA,NA,NA,NA,56,NA,"AU",3,"../../data-submitted/03/AU/ALFAM2_template_8.3_Stabil26_FDP_13_Jan.xlsx","PS-F","Wind tunnel",NA,"2022-10-19 13:35:05 UTC","2022-10-25 05:30:50 UTC","D:1.I:AU.Pr:STABIL26.F:../../data-submitted/03/AU/ALFAM2_template_8.3_Stabil26_FDP_13_Jan.xlsx.E:6.F:Foulumgård.P:6 PS-F.T:PS-F.R:1.R2:.T:2022-10-19 13:35:00","D:1.I:AU.Pr:STABIL26.E:6","","Dela Pierre, Flavia",34.6,NA,6,6.76,7.72,8.86,10.1,10.9,11.8,NA,12.7,12.7,NA,6,6.76,7.72,8.86,10.1,10.9,11.8,NA,12.7,12.7,NA,0.173,0.195,0.223,0.256,0.293,0.316,0.34,NA,0.368,0.368,NA,0,0,0,0,0,0,0,NA,0,0,NA,12.2,11.2,7.9,6.21,7.51,8.45,9.28,10.2,10.2,NA,10.5,10.5,10.4,9.82,9.6,9.79,10.1,10.5,10.5,NA,NA,NA,NA,NA,NA,NA,NA,NA,NA,NA,NA,NA,NA,NA,NA,NA,NA,NA,NA,NA,NA,NA,NA,NA,NA,NA,NA,NA,NA,NA,242,162,69.3,98,69.4,53.5,53.7,46.6,46.6,NA,0,0,0,0,0,0,0,0,0,NA,55.4,60.8,77.3,84.5,87.2,89.5,90.6,91.3,91.3,3710,3800,85,1.6,0.0694,2.4,1.6,1.6,1.6,136,2022-10-19 13:35:00,2022-10-25 03:54:00,2,"0.1",2,NA,NA,NA,NA,NA,NA,FALSE,"Wind tunnel","wt",NA,"Band spread or trailing hose",NA,"Pig",2022-10-19,"","0-5"
"D:1.I:AU.Pr:STABIL26.F:../../data-submitted/03/AU/ALFAM2_template_8.3_Stabil26_FDP_13_Jan.xlsx.E:6.F:Foulumgård.P:9 PS.T:PS.R:2.R2:.T:2022-10-19 13:43:00.M:Wind tunnelNA",NA,"STABIL26","6","Foulumgård","9 PS","2",0.2,56.5,9.56,"DK","flat",9,24,65,NA,NA,"0.21",NA,NA,"6.53","1.1","No",NA,"pig","finisher pigs, piglets or a mixture of the two",NA,"slurry","None",NA,NA,"6.24","79.24","2.02",0.87,NA,NA,NA,"7.08",2022-10-19 13:43:00,2022-10-25 05:38:00,"bsth",30,"t/ha",NA,NA,NA,NA,NA,NA,NA,NA,NA,NA,NA,57,NA,"AU",3,"../../data-submitted/03/AU/ALFAM2_template_8.3_Stabil26_FDP_13_Jan.xlsx","PS","Wind tunnel",NA,"2022-10-19 13:43:05 UTC","2022-10-25 05:38:49 UTC","D:1.I:AU.Pr:STABIL26.F:../../data-submitted/03/AU/ALFAM2_template_8.3_Stabil26_FDP_13_Jan.xlsx.E:6.F:Foulumgård.P:9 PS.T:PS.R:2.R2:.T:2022-10-19 13:43:00","D:1.I:AU.Pr:STABIL26.E:6","","Dela Pierre, Flavia",26.1,NA,1.45,2.03,3.11,4.39,6.26,7.32,8.03,NA,8.76,8.76,NA,1.45,2.03,3.11,4.39,6.26,7.32,8.03,NA,8.76,8.76,NA,0.0557,0.078,0.119,0.168,0.24,0.28,0.308,NA,0.336,0.336,NA,0,0,0,0,0,0,0,NA,0,0,NA,12.3,11.2,7.77,6.27,7.55,8.48,9.3,10.2,10.2,NA,10.4,10.5,10.4,9.81,9.59,9.78,10.1,10.5,10.5,NA,NA,NA,NA,NA,NA,NA,NA,NA,NA,NA,NA,NA,NA,NA,NA,NA,NA,NA,NA,NA,NA,NA,NA,NA,NA,NA,NA,NA,NA,NA,242,162,69.3,98.9,69.9,53.8,53.9,46.7,46.7,NA,0,0,0,0,0,0,0,0,0,NA,55.3,60.8,78.1,84.3,87.1,89.4,90.6,91.3,91.3,3800,3880,85,1.6,0.0109,0.284,1.6,1.6,1.6,136,2022-10-19 13:43:00,2022-10-25 04:02:00,2,"0.1",2,NA,NA,NA,NA,NA,NA,FALSE,"Wind tunnel","wt",NA,"Band spread or trailing hose",NA,"Pig",2022-10-19,"","0-5"
"D:1.I:AU.Pr:STABIL26.F:../../data-submitted/03/AU/ALFAM2_template_8.3_Stabil26_FDP_13_Jan.xlsx.E:7.F:Foulumgård.P:1 AD-FB.T:AD-FB.R:1.R2:.T:2022-09-28 14:43:00.M:Wind tunnelNA",NA,"STABIL26","7","Foulumgård","1 AD-FB","1",0.2,56.5,9.56,"DK","flat",9,24,65,NA,NA,"0.2",NA,NA,"5.7","1.13","No",NA,"mix","mixture of manure, deep litter, meadow grass, grass, grass silage, straw, cereal, and corn silage",NA,"solid","Anaerobic digestion","Mechanical separation",NA,"45.37","88.21","9.2",1.42,NA,NA,NA,"8.21",2022-09-28 14:43:00,2022-10-04 09:19:00,"bsth",10,"t/ha",NA,NA,NA,NA,NA,NA,NA,NA,NA,NA,NA,58,"Biochar addition","AU",3,"../../data-submitted/03/AU/ALFAM2_template_8.3_Stabil26_FDP_13_Jan.xlsx","AD-FB","Wind tunnel",NA,"2022-09-28 14:43:39 UTC","2022-10-04 09:19:24 UTC","D:1.I:AU.Pr:STABIL26.F:../../data-submitted/03/AU/ALFAM2_template_8.3_Stabil26_FDP_13_Jan.xlsx.E:7.F:Foulumgård.P:1 AD-FB.T:AD-FB.R:1.R2:.T:2022-09-28 14:43:00","D:1.I:AU.Pr:STABIL26.E:7","","Dela Pierre, Flavia",14.2,NA,0.0932,0.13,0.189,0.313,0.47,0.604,0.686,NA,0.835,0.835,NA,0.0932,0.13,0.189,0.313,0.47,0.604,0.686,NA,0.835,0.835,NA,0.00657,0.00914,0.0133,0.022,0.0331,0.0425,0.0483,NA,0.0588,0.0588,NA,0,0,0,0,0,0,0,NA,0,0,NA,11.4,11,10.6,10.4,10.1,10.4,10.5,10.8,10.8,NA,12.6,12.6,12.6,12.4,12.2,12.1,12,12,12,NA,NA,NA,NA,NA,NA,NA,NA,NA,NA,NA,NA,NA,NA,NA,NA,NA,NA,NA,NA,NA,NA,NA,NA,NA,NA,NA,NA,NA,NA,NA,92.1,61.6,30.9,36.9,43.7,43.8,58.7,66.5,66.5,NA,0,0,0,0,0,0,0,0,0,NA,87.5,89.1,91.2,90.1,91.7,90.3,90.6,89.8,89.8,3880,3960,80,1.73,0.00161,0.0228,1.73,1.73,1.73,139,2022-09-28 14:43:00,2022-10-04 07:35:00,2,"0.1",2,NA,NA,NA,NA,NA,NA,FALSE,"Wind tunnel","wt",NA,"Band spread or trailing hose",NA,"Mix",2022-09-28,"","0-5"
"D:1.I:AU.Pr:STABIL26.F:../../data-submitted/03/AU/ALFAM2_template_8.3_Stabil26_FDP_13_Jan.xlsx.E:7.F:Foulumgård.P:10 AD-F.T:AD-F.R:3.R2:.T:2022-09-28 15:55:00.M:Wind tunnelNA",NA,"STABIL26","7","Foulumgård","10 AD-F","3",0.2,56.5,9.56,"DK","flat",9,24,65,NA,NA,"0.2",NA,NA,"5.7","1.13","No",NA,"mix","mixture of manure, deep litter, meadow grass, grass, grass silage, straw, cereal, and corn silage",NA,"solid","Anaerobic digestion","Mechanical separation",NA,"45.37","88.21","9.2",1.57,NA,NA,NA,"6.88",2022-09-28 15:55:00,2022-10-04 10:31:00,"bsth",10,"t/ha",NA,NA,NA,NA,NA,NA,NA,NA,NA,NA,NA,59,"None","AU",3,"../../data-submitted/03/AU/ALFAM2_template_8.3_Stabil26_FDP_13_Jan.xlsx","AD-F","Wind tunnel",NA,"2022-09-28 15:55:37 UTC","2022-10-04 10:31:21 UTC","D:1.I:AU.Pr:STABIL26.F:../../data-submitted/03/AU/ALFAM2_template_8.3_Stabil26_FDP_13_Jan.xlsx.E:7.F:Foulumgård.P:10 AD-F.T:AD-F.R:3.R2:.T:2022-09-28 15:55:00","D:1.I:AU.Pr:STABIL26.E:7","","Dela Pierre, Flavia",15.7,NA,0.0564,0.0727,0.105,0.201,0.338,0.482,0.603,NA,0.79,0.79,NA,0.0564,0.0727,0.105,0.201,0.338,0.482,0.603,NA,0.79,0.79,NA,0.00359,0.00463,0.0067,0.0128,0.0215,0.0307,0.0384,NA,0.0503,0.0503,NA,0,0,0,0,0,0,0,NA,0,0,NA,10.8,10.5,10.3,10.3,10.2,10.4,10.6,10.9,10.9,NA,12.6,12.6,12.6,12.4,12.2,12.1,12,12,12,NA,NA,NA,NA,NA,NA,NA,NA,NA,NA,NA,NA,NA,NA,NA,NA,NA,NA,NA,NA,NA,NA,NA,NA,NA,NA,NA,NA,NA,NA,NA,35.3,23.6,11.8,40.7,54.1,54.5,73.9,81.4,81.4,NA,0,0,0,0,0,0,0,0,0,NA,90.2,90.9,92.3,90.8,91.9,90.4,90.3,89.8,89.8,3960,4040,80,1.73,0.00104,0.0163,1.73,1.73,1.73,139,2022-09-28 15:55:00,2022-10-04 08:47:00,2,"0.1",2,NA,NA,NA,NA,NA,NA,FALSE,"Wind tunnel","wt",NA,"Band spread or trailing hose",NA,"Mix",2022-09-28,"","0-5"
"D:1.I:AU.Pr:STABIL26.F:../../data-submitted/03/AU/ALFAM2_template_8.3_Stabil26_FDP_13_Jan.xlsx.E:7.F:Foulumgård.P:3 AD-F.T:AD-F.R:1.R2:.T:2022-09-28 14:59:00.M:Wind tunnelNA",NA,"STABIL26","7","Foulumgård","3 AD-F","1",0.2,56.5,9.56,"DK","flat",9,24,65,NA,NA,"0.2",NA,NA,"5.7","1.13","No",NA,"mix","mixture of manure, deep litter, meadow grass, grass, grass silage, straw, cereal, and corn silage",NA,"solid","Anaerobic digestion","Mechanical separation",NA,"45.37","88.21","9.2",1.57,NA,NA,NA,"6.88",2022-09-28 14:59:00,2022-10-04 09:35:00,"bsth",10,"t/ha",NA,NA,NA,NA,NA,NA,NA,NA,NA,NA,NA,60,"None","AU",3,"../../data-submitted/03/AU/ALFAM2_template_8.3_Stabil26_FDP_13_Jan.xlsx","AD-F","Wind tunnel",NA,"2022-09-28 14:59:38 UTC","2022-10-04 09:35:22 UTC","D:1.I:AU.Pr:STABIL26.F:../../data-submitted/03/AU/ALFAM2_template_8.3_Stabil26_FDP_13_Jan.xlsx.E:7.F:Foulumgård.P:3 AD-F.T:AD-F.R:1.R2:.T:2022-09-28 14:59:00","D:1.I:AU.Pr:STABIL26.E:7","","Dela Pierre, Flavia",15.7,NA,0.0356,0.0514,0.0817,0.133,0.224,0.281,0.339,NA,0.444,0.444,NA,0.0356,0.0514,0.0817,0.133,0.224,0.281,0.339,NA,0.444,0.444,NA,0.00227,0.00328,0.0052,0.00845,0.0143,0.0179,0.0216,NA,0.0283,0.0283,NA,0,0,0,0,0,0,0,NA,0,0,NA,11.2,10.9,10.4,10.4,10.1,10.4,10.5,10.8,10.8,NA,12.5,12.6,12.6,12.4,12.2,12.1,12,12,12,NA,NA,NA,NA,NA,NA,NA,NA,NA,NA,NA,NA,NA,NA,NA,NA,NA,NA,NA,NA,NA,NA,NA,NA,NA,NA,NA,NA,NA,NA,NA,65.3,43.7,21.9,34.2,41.7,43.9,60.1,67.7,67.7,NA,0,0,0,0,0,0,0,0,0,NA,88.2,89.6,91.5,90.2,91.5,89.9,90,89.5,89.5,4040,4120,80,1.73,0.000535,0.0084,1.73,1.73,1.73,139,2022-09-28 14:59:00,2022-10-04 07:51:00,2,"0.1",2,NA,NA,NA,NA,NA,NA,FALSE,"Wind tunnel","wt",NA,"Band spread or trailing hose",NA,"Mix",2022-09-28,"","0-5"
"D:1.I:AU.Pr:STABIL26.F:../../data-submitted/03/AU/ALFAM2_template_8.3_Stabil26_FDP_13_Jan.xlsx.E:7.F:Foulumgård.P:6 AD-FB.T:AD-FB.R:2.R2:.T:2022-09-28 15:23:00.M:Wind tunnelNA",NA,"STABIL26","7","Foulumgård","6 AD-FB","2",0.2,56.5,9.56,"DK","flat",9,24,65,NA,NA,"0.2",NA,NA,"5.7","1.13","No",NA,"mix","mixture of manure, deep litter, meadow grass, grass, grass silage, straw, cereal, and corn silage",NA,"solid","Anaerobic digestion","Mechanical separation",NA,"45.37","88.21","9.2",1.42,NA,NA,NA,"8.21",2022-09-28 15:23:00,2022-10-04 09:59:00,"bsth",10,"t/ha",NA,NA,NA,NA,NA,NA,NA,NA,NA,NA,NA,61,"Biochar addition","AU",3,"../../data-submitted/03/AU/ALFAM2_template_8.3_Stabil26_FDP_13_Jan.xlsx","AD-FB","Wind tunnel",NA,"2022-09-28 15:23:38 UTC","2022-10-04 09:59:22 UTC","D:1.I:AU.Pr:STABIL26.F:../../data-submitted/03/AU/ALFAM2_template_8.3_Stabil26_FDP_13_Jan.xlsx.E:7.F:Foulumgård.P:6 AD-FB.T:AD-FB.R:2.R2:.T:2022-09-28 15:23:00","D:1.I:AU.Pr:STABIL26.E:7","","Dela Pierre, Flavia",14.2,NA,0.113,0.155,0.231,0.392,0.571,0.705,0.79,NA,0.939,0.939,NA,0.113,0.155,0.231,0.392,0.571,0.705,0.79,NA,0.939,0.939,NA,0.00795,0.0109,0.0163,0.0276,0.0402,0.0496,0.0556,NA,0.0661,0.0661,NA,0,0,0,0,0,0,0,NA,0,0,NA,11.2,10.8,10.4,10.4,10.1,10.4,10.6,10.9,10.9,NA,12.6,12.6,12.6,12.4,12.2,12.1,12,12,12,NA,NA,NA,NA,NA,NA,NA,NA,NA,NA,NA,NA,NA,NA,NA,NA,NA,NA,NA,NA,NA,NA,NA,NA,NA,NA,NA,NA,NA,NA,NA,65.2,43.5,21.8,37,42.7,45.4,63.3,70.3,70.3,NA,0,0,0,0,0,0,0,0,0,NA,88.3,89.6,91.6,90,91.5,90.1,90.1,89.5,89.5,4120,4200,80,1.73,0.00185,0.0262,1.73,1.73,1.73,139,2022-09-28 15:23:00,2022-10-04 08:15:00,2,"0.1",2,NA,NA,NA,NA,NA,NA,FALSE,"Wind tunnel","wt",NA,"Band spread or trailing hose",NA,"Mix",2022-09-28,"","0-5"
"D:1.I:AU.Pr:STABIL26.F:../../data-submitted/03/AU/ALFAM2_template_8.3_Stabil26_FDP_13_Jan.xlsx.E:7.F:Foulumgård.P:8 AD-F.T:AD-F.R:2.R2:.T:2022-09-28 15:39:00.M:Wind tunnelNA",NA,"STABIL26","7","Foulumgård","8 AD-F","2",0.2,56.5,9.56,"DK","flat",9,24,65,NA,NA,"0.2",NA,NA,"5.7","1.13","No",NA,"mix","mixture of manure, deep litter, meadow grass, grass, grass silage, straw, cereal, and corn silage",NA,"solid","Anaerobic digestion","Mechanical separation",NA,"45.37","88.21","9.2",1.57,NA,NA,NA,"6.88",2022-09-28 15:39:00,2022-10-04 10:15:00,"bsth",10,"t/ha",NA,NA,NA,NA,NA,NA,NA,NA,NA,NA,NA,62,"None","AU",3,"../../data-submitted/03/AU/ALFAM2_template_8.3_Stabil26_FDP_13_Jan.xlsx","AD-F","Wind tunnel",NA,"2022-09-28 15:39:37 UTC","2022-10-04 10:15:22 UTC","D:1.I:AU.Pr:STABIL26.F:../../data-submitted/03/AU/ALFAM2_template_8.3_Stabil26_FDP_13_Jan.xlsx.E:7.F:Foulumgård.P:8 AD-F.T:AD-F.R:2.R2:.T:2022-09-28 15:39:00","D:1.I:AU.Pr:STABIL26.E:7","","Dela Pierre, Flavia",15.7,NA,0.0406,0.0518,0.0719,0.124,0.211,0.284,0.347,NA,0.454,0.454,NA,0.0406,0.0518,0.0719,0.124,0.211,0.284,0.347,NA,0.454,0.454,NA,0.00259,0.0033,0.00458,0.00787,0.0134,0.0181,0.0221,NA,0.0289,0.0289,NA,0,0,0,0,0,0,0,NA,0,0,NA,11.1,10.7,10.4,10.4,10.2,10.4,10.6,10.9,10.9,NA,12.6,12.6,12.6,12.4,12.2,12.1,12,12,12,NA,NA,NA,NA,NA,NA,NA,NA,NA,NA,NA,NA,NA,NA,NA,NA,NA,NA,NA,NA,NA,NA,NA,NA,NA,NA,NA,NA,NA,NA,NA,43.2,28.8,14.4,36,48,49.3,67.5,76.3,76.3,NA,0,0,0,0,0,0,0,0,0,NA,88.8,90,91.8,89.8,91.3,90.1,90,89.4,89.4,4200,4280,80,1.73,0.000742,0.0116,1.73,1.73,1.73,139,2022-09-28 15:39:00,2022-10-04 08:31:00,2,"0.1",2,NA,NA,NA,NA,NA,NA,FALSE,"Wind tunnel","wt",NA,"Band spread or trailing hose",NA,"Mix",2022-09-28,"","0-5"
"D:1.I:AU.Pr:STABIL26.F:../../data-submitted/03/AU/ALFAM2_template_8.3_Stabil26_FDP_13_Jan.xlsx.E:7.F:Foulumgård.P:9 AD-FB.T:AD-FB.R:3.R2:.T:2022-09-28 15:47:00.M:Wind tunnelNA",NA,"STABIL26","7","Foulumgård","9 AD-FB","3",0.2,56.5,9.56,"DK","flat",9,24,65,NA,NA,"0.2",NA,NA,"5.7","1.13","No",NA,"mix","mixture of manure, deep litter, meadow grass, grass, grass silage, straw, cereal, and corn silage",NA,"solid","Anaerobic digestion","Mechanical separation",NA,"45.37","88.21","9.2",1.42,NA,NA,NA,"8.21",2022-09-28 15:47:00,2022-10-04 10:23:00,"bsth",10,"t/ha",NA,NA,NA,NA,NA,NA,NA,NA,NA,NA,NA,63,"Biochar addition","AU",3,"../../data-submitted/03/AU/ALFAM2_template_8.3_Stabil26_FDP_13_Jan.xlsx","AD-FB","Wind tunnel",NA,"2022-09-28 15:47:37 UTC","2022-10-04 10:23:21 UTC","D:1.I:AU.Pr:STABIL26.F:../../data-submitted/03/AU/ALFAM2_template_8.3_Stabil26_FDP_13_Jan.xlsx.E:7.F:Foulumgård.P:9 AD-FB.T:AD-FB.R:3.R2:.T:2022-09-28 15:47:00","D:1.I:AU.Pr:STABIL26.E:7","","Dela Pierre, Flavia",14.2,NA,0.139,0.185,0.267,0.452,0.605,0.718,0.791,NA,0.902,0.902,NA,0.139,0.185,0.267,0.452,0.605,0.718,0.791,NA,0.902,0.902,NA,0.00977,0.013,0.0188,0.0319,0.0426,0.0506,0.0557,NA,0.0635,0.0635,NA,0,0,0,0,0,0,0,NA,0,0,NA,10.8,10.5,10.3,10.3,10.1,10.4,10.6,10.8,10.8,NA,12.6,12.6,12.6,12.4,12.2,12.1,12,12,12,NA,NA,NA,NA,NA,NA,NA,NA,NA,NA,NA,NA,NA,NA,NA,NA,NA,NA,NA,NA,NA,NA,NA,NA,NA,NA,NA,NA,NA,NA,NA,35.4,23.6,11.8,38.3,49.1,51.3,70.5,77.7,77.7,NA,0,0,0,0,0,0,0,0,0,NA,90.2,90.9,92.3,90.8,91.9,90.4,90.3,89.8,89.8,4280,4360,80,1.73,0.00223,0.0317,1.73,1.73,1.73,139,2022-09-28 15:47:00,2022-10-04 08:39:00,2,"0.1",2,NA,NA,NA,NA,NA,NA,FALSE,"Wind tunnel","wt",NA,"Band spread or trailing hose",NA,"Mix",2022-09-28,"","0-5"
"D:1.I:AU.Pr:STABIL26.F:../../data-submitted/03/AU/ALFAM2_template_8.3_Stabil26_FDP_13_Jan.xlsx.E:8.F:Foulumgård.P:1 AD-LB1.T:AD-LB1.R:1.R2:.T:2022-09-21 13:39:00.M:Wind tunnelNA",NA,"STABIL26","8","Foulumgård","1 AD-LB1","1",0.2,56.5,9.56,"DK","flat",9,24,65,NA,NA,"0.13",NA,NA,"5.34","1.03","No",NA,"mix","mixture of manure, deep litter, meadow grass, grass, grass silage, straw, cereal, and corn silage",NA,"liquid","Anaerobic digestion","Mechanical separation",NA,"5.35","69.53","2.61",1.04,NA,NA,NA,"8.5",2022-09-21 13:39:00,2022-09-27 08:15:00,"bsth",30,"t/ha",NA,NA,NA,NA,NA,NA,NA,NA,NA,NA,NA,64,"Biochar addition","AU",3,"../../data-submitted/03/AU/ALFAM2_template_8.3_Stabil26_FDP_13_Jan.xlsx","AD-LB1","Wind tunnel",NA,"2022-09-21 13:39:46 UTC","2022-09-27 08:15:30 UTC","D:1.I:AU.Pr:STABIL26.F:../../data-submitted/03/AU/ALFAM2_template_8.3_Stabil26_FDP_13_Jan.xlsx.E:8.F:Foulumgård.P:1 AD-LB1.T:AD-LB1.R:1.R2:.T:2022-09-21 13:39:00","D:1.I:AU.Pr:STABIL26.E:8","","Dela Pierre, Flavia",31.2,NA,5.57,6.99,8.87,10.9,13.1,14.2,14.7,NA,15.4,15.4,NA,5.57,6.99,8.87,10.9,13.1,14.2,14.7,NA,15.4,15.4,NA,0.178,0.224,0.284,0.351,0.42,0.454,0.471,NA,0.494,0.494,NA,0,0,0,0,0,0,0,NA,0,0,NA,15.1,14.7,11,10,11,11.5,11.3,11.1,11.1,NA,12,12.1,12.2,11.8,12.1,12.2,12.3,12.4,12.4,NA,NA,NA,NA,NA,NA,NA,NA,NA,NA,NA,NA,NA,NA,NA,NA,NA,NA,NA,NA,NA,NA,NA,NA,NA,NA,NA,NA,NA,NA,NA,243,197,98.7,115,110,107,112,89.3,89.3,NA,0,0,0,0,0,0,0,0,0,NA,57,60.3,70.7,82.5,81.4,83.7,83.6,86,86,4360,4440,80,1.73,0.04,1.25,1.73,1.73,1.73,139,2022-09-21 13:39:00,2022-09-27 06:31:00,2,"0.1",2,NA,NA,NA,NA,NA,NA,FALSE,"Wind tunnel","wt",NA,"Band spread or trailing hose",NA,"Mix",2022-09-21,"","0-5"
"D:1.I:AU.Pr:STABIL26.F:../../data-submitted/03/AU/ALFAM2_template_8.3_Stabil26_FDP_13_Jan.xlsx.E:8.F:Foulumgård.P:10 AD-L.T:AD-L.R:3.R2:.T:2022-09-21 14:51:00.M:Wind tunnelNA",NA,"STABIL26","8","Foulumgård","10 AD-L","3",0.2,56.5,9.56,"DK","flat",9,24,65,NA,NA,"0.13",NA,NA,"5.34","1.03","No",NA,"mix","mixture of manure, deep litter, meadow grass, grass, grass silage, straw, cereal, and corn silage",NA,"liquid","Anaerobic digestion","Mechanical separation",NA,"5.35","69.53","2.61",1.06,NA,NA,NA,"8.08",2022-09-21 14:51:00,2022-09-27 09:27:00,"bsth",30,"t/ha",NA,NA,NA,NA,NA,NA,NA,NA,NA,NA,NA,65,"None","AU",3,"../../data-submitted/03/AU/ALFAM2_template_8.3_Stabil26_FDP_13_Jan.xlsx","AD-L","Wind tunnel",NA,"2022-09-21 14:51:44 UTC","2022-09-27 09:27:28 UTC","D:1.I:AU.Pr:STABIL26.F:../../data-submitted/03/AU/ALFAM2_template_8.3_Stabil26_FDP_13_Jan.xlsx.E:8.F:Foulumgård.P:10 AD-L.T:AD-L.R:3.R2:.T:2022-09-21 14:51:00","D:1.I:AU.Pr:STABIL26.E:8","","Dela Pierre, Flavia",31.8,NA,2.29,3.24,4.52,6.29,8.28,9.42,10,NA,10.8,10.8,NA,2.29,3.24,4.52,6.29,8.28,9.42,10,NA,10.8,10.8,NA,0.072,0.102,0.142,0.198,0.26,0.296,0.315,NA,0.34,0.34,NA,0,0,0,0,0,0,0,NA,0,0,NA,14.3,13.5,10.1,10,10.9,11.5,11.3,11.1,11.1,NA,12.2,12.3,12.2,11.8,12.1,12.2,12.3,12.4,12.4,NA,NA,NA,NA,NA,NA,NA,NA,NA,NA,NA,NA,NA,NA,NA,NA,NA,NA,NA,NA,NA,NA,NA,NA,NA,NA,NA,NA,NA,NA,NA,150,102,51.3,105,108,112,116,91.9,91.9,NA,0,0,0,0,0,0,0,0,0,NA,60.9,63.1,74.6,83.1,81.8,84,84,86.3,86.3,4440,4520,81,1.73,0.0133,0.424,0.4,1.73,1.73,139,2022-09-21 14:51:00,2022-09-27 07:43:00,2,"0.1",2,NA,NA,NA,NA,NA,NA,FALSE,"Wind tunnel","wt",NA,"Band spread or trailing hose",NA,"Mix",2022-09-21,"","0-5"
"D:1.I:AU.Pr:STABIL26.F:../../data-submitted/03/AU/ALFAM2_template_8.3_Stabil26_FDP_13_Jan.xlsx.E:8.F:Foulumgård.P:12 AD-LB1.T:AD-LB1.R:3.R2:.T:2022-09-21 15:07:00.M:Wind tunnelNA",NA,"STABIL26","8","Foulumgård","12 AD-LB1","3",0.2,56.5,9.56,"DK","flat",9,24,65,NA,NA,"0.13",NA,NA,"5.34","1.03","No",NA,"mix","mixture of manure, deep litter, meadow grass, grass, grass silage, straw, cereal, and corn silage",NA,"liquid","Anaerobic digestion","Mechanical separation",NA,"5.35","69.53","2.61",1.04,NA,NA,NA,"8.5",2022-09-21 15:07:00,2022-09-27 09:43:00,"bsth",30,"t/ha",NA,NA,NA,NA,NA,NA,NA,NA,NA,NA,NA,66,"Biochar addition","AU",3,"../../data-submitted/03/AU/ALFAM2_template_8.3_Stabil26_FDP_13_Jan.xlsx","AD-LB1","Wind tunnel",NA,"2022-09-21 15:07:44 UTC","2022-09-27 09:43:28 UTC","D:1.I:AU.Pr:STABIL26.F:../../data-submitted/03/AU/ALFAM2_template_8.3_Stabil26_FDP_13_Jan.xlsx.E:8.F:Foulumgård.P:12 AD-LB1.T:AD-LB1.R:3.R2:.T:2022-09-21 15:07:00","D:1.I:AU.Pr:STABIL26.E:8","","Dela Pierre, Flavia",31.2,NA,1.52,2.25,3.26,4.87,6.68,7.68,8.21,NA,8.86,8.86,NA,1.52,2.25,3.26,4.87,6.68,7.68,8.21,NA,8.86,8.86,NA,0.0489,0.072,0.104,0.156,0.214,0.246,0.263,NA,0.284,0.284,NA,0,0,0,0,0,0,0,NA,0,0,NA,14.3,12.7,9.73,9.92,10.9,11.5,11.2,11,11,NA,12.3,12.3,12.2,11.8,12.1,12.2,12.3,12.4,12.4,NA,NA,NA,NA,NA,NA,NA,NA,NA,NA,NA,NA,NA,NA,NA,NA,NA,NA,NA,NA,NA,NA,NA,NA,NA,NA,NA,NA,NA,NA,NA,150,99.7,49.9,110,107,113,112,89.9,89.9,NA,0,0,0,0,0,0,0,0,0,NA,60.9,63.1,76.2,83.7,82.3,84.2,84.3,86.4,86.4,4520,4600,80,1.73,0.00813,0.254,1.73,1.73,1.73,139,2022-09-21 15:07:00,2022-09-27 07:59:00,2,"0.1",2,NA,NA,NA,NA,NA,NA,FALSE,"Wind tunnel","wt",NA,"Band spread or trailing hose",NA,"Mix",2022-09-21,"","0-5"
"D:1.I:AU.Pr:STABIL26.F:../../data-submitted/03/AU/ALFAM2_template_8.3_Stabil26_FDP_13_Jan.xlsx.E:8.F:Foulumgård.P:2 AD-L.T:AD-L.R:1.R2:.T:2022-09-21 13:47:00.M:Wind tunnelNA",NA,"STABIL26","8","Foulumgård","2 AD-L","1",0.2,56.5,9.56,"DK","flat",9,24,65,NA,NA,"0.13",NA,NA,"5.34","1.03","No",NA,"mix","mixture of manure, deep litter, meadow grass, grass, grass silage, straw, cereal, and corn silage",NA,"liquid","Anaerobic digestion","Mechanical separation",NA,"5.35","69.53","2.61",1.06,NA,NA,NA,"8.08",2022-09-21 13:47:00,2022-09-27 08:23:00,"bsth",30,"t/ha",NA,NA,NA,NA,NA,NA,NA,NA,NA,NA,NA,67,"None","AU",3,"../../data-submitted/03/AU/ALFAM2_template_8.3_Stabil26_FDP_13_Jan.xlsx","AD-L","Wind tunnel",NA,"2022-09-21 13:47:46 UTC","2022-09-27 08:23:29 UTC","D:1.I:AU.Pr:STABIL26.F:../../data-submitted/03/AU/ALFAM2_template_8.3_Stabil26_FDP_13_Jan.xlsx.E:8.F:Foulumgård.P:2 AD-L.T:AD-L.R:1.R2:.T:2022-09-21 13:47:00","D:1.I:AU.Pr:STABIL26.E:8","","Dela Pierre, Flavia",31.8,NA,1.59,2.24,3.09,4.25,5.72,6.54,7.02,NA,7.64,7.64,NA,1.59,2.24,3.09,4.25,5.72,6.54,7.02,NA,7.64,7.64,NA,0.0501,0.0705,0.097,0.134,0.18,0.206,0.221,NA,0.24,0.24,NA,0,0,0,0,0,0,0,NA,0,0,NA,15.1,14.6,11,10.1,11,11.5,11.3,11.1,11.1,NA,12,12.2,12.2,11.8,12.1,12.2,12.3,12.4,12.4,NA,NA,NA,NA,NA,NA,NA,NA,NA,NA,NA,NA,NA,NA,NA,NA,NA,NA,NA,NA,NA,NA,NA,NA,NA,NA,NA,NA,NA,NA,NA,257,206,103,111,105,107,110,86.5,86.5,NA,0,0,0,0,0,0,0,0,0,NA,57,60.3,70.7,82.5,81.3,83.7,83.6,86,86,4600,4680,80,1.73,0.00932,0.296,1.73,1.73,1.73,139,2022-09-21 13:47:00,2022-09-27 06:39:00,2,"0.1",2,NA,NA,NA,NA,NA,NA,FALSE,"Wind tunnel","wt",NA,"Band spread or trailing hose",NA,"Mix",2022-09-21,"","0-5"
"D:1.I:AU.Pr:STABIL26.F:../../data-submitted/03/AU/ALFAM2_template_8.3_Stabil26_FDP_13_Jan.xlsx.E:8.F:Foulumgård.P:4 AD-LB2.T:AD-LB2.R:1.R2:.T:2022-09-21 14:03:00.M:Wind tunnelNA",NA,"STABIL26","8","Foulumgård","4 AD-LB2","1",0.2,56.5,9.56,"DK","flat",9,24,65,NA,NA,"0.13",NA,NA,"5.34","1.03","No",NA,"mix","mixture of manure, deep litter, meadow grass, grass, grass silage, straw, cereal, and corn silage",NA,"liquid","Anaerobic digestion","Mechanical separation",NA,"5.35","69.53","2.61",0.97,NA,NA,NA,"9.2",2022-09-21 14:03:00,2022-09-27 08:39:00,"bsth",30,"t/ha",NA,NA,NA,NA,NA,NA,NA,NA,NA,NA,NA,68,"Biochar addition","AU",3,"../../data-submitted/03/AU/ALFAM2_template_8.3_Stabil26_FDP_13_Jan.xlsx","AD-LB2","Wind tunnel",NA,"2022-09-21 14:03:46 UTC","2022-09-27 08:39:30 UTC","D:1.I:AU.Pr:STABIL26.F:../../data-submitted/03/AU/ALFAM2_template_8.3_Stabil26_FDP_13_Jan.xlsx.E:8.F:Foulumgård.P:4 AD-LB2.T:AD-LB2.R:1.R2:.T:2022-09-21 14:03:00","D:1.I:AU.Pr:STABIL26.E:8","","Dela Pierre, Flavia",29.1,NA,4.71,6.01,7.65,9.65,11.7,12.7,13.3,NA,13.9,13.9,NA,4.71,6.01,7.65,9.65,11.7,12.7,13.3,NA,13.9,13.9,NA,0.162,0.206,0.263,0.332,0.403,0.438,0.456,NA,0.478,0.478,NA,0,0,0,0,0,0,0,NA,0,0,NA,15.1,14,10.8,9.95,10.9,11.5,11.2,11.1,11.1,NA,12,12.2,12.2,11.8,12.1,12.2,12.3,12.4,12.4,NA,NA,NA,NA,NA,NA,NA,NA,NA,NA,NA,NA,NA,NA,NA,NA,NA,NA,NA,NA,NA,NA,NA,NA,NA,NA,NA,NA,NA,NA,NA,257,174,87.1,104,109,110,111,87.8,87.8,NA,0,0,0,0,0,0,0,0,0,NA,57,60,70.6,82.5,81.4,83.6,83.7,85.9,85.9,4680,4760,80,1.73,0.0351,1.02,1.73,1.73,1.73,139,2022-09-21 14:03:00,2022-09-27 06:55:00,2,"0.1",2,NA,NA,NA,NA,NA,NA,FALSE,"Wind tunnel","wt",NA,"Band spread or trailing hose",NA,"Mix",2022-09-21,"","0-5"
"D:1.I:AU.Pr:STABIL26.F:../../data-submitted/03/AU/ALFAM2_template_8.3_Stabil26_FDP_13_Jan.xlsx.E:8.F:Foulumgård.P:5 AD-LB2.T:AD-LB2.R:2.R2:.T:2022-09-21 14:11:00.M:Wind tunnelNA",NA,"STABIL26","8","Foulumgård","5 AD-LB2","2",0.2,56.5,9.56,"DK","flat",9,24,65,NA,NA,"0.13",NA,NA,"5.34","1.03","No",NA,"mix","mixture of manure, deep litter, meadow grass, grass, grass silage, straw, cereal, and corn silage",NA,"liquid","Anaerobic digestion","Mechanical separation",NA,"5.35","69.53","2.61",0.97,NA,NA,NA,"9.2",2022-09-21 14:11:00,2022-09-27 08:47:00,"bsth",30,"t/ha",NA,NA,NA,NA,NA,NA,NA,NA,NA,NA,NA,69,"Biochar addition","AU",3,"../../data-submitted/03/AU/ALFAM2_template_8.3_Stabil26_FDP_13_Jan.xlsx","AD-LB2","Wind tunnel",NA,"2022-09-21 14:11:45 UTC","2022-09-27 08:47:30 UTC","D:1.I:AU.Pr:STABIL26.F:../../data-submitted/03/AU/ALFAM2_template_8.3_Stabil26_FDP_13_Jan.xlsx.E:8.F:Foulumgård.P:5 AD-LB2.T:AD-LB2.R:2.R2:.T:2022-09-21 14:11:00","D:1.I:AU.Pr:STABIL26.E:8","","Dela Pierre, Flavia",29.1,NA,2.2,3.27,4.87,7.02,9.55,10.9,11.7,NA,12.7,12.7,NA,2.2,3.27,4.87,7.02,9.55,10.9,11.7,NA,12.7,12.7,NA,0.0754,0.112,0.167,0.241,0.328,0.375,0.403,NA,0.435,0.435,NA,0,0,0,0,0,0,0,NA,0,0,NA,15.1,14,10.8,10.1,11.1,11.5,11.3,11.1,11.1,NA,12,12.2,12.2,11.8,12.1,12.2,12.3,12.4,12.4,NA,NA,NA,NA,NA,NA,NA,NA,NA,NA,NA,NA,NA,NA,NA,NA,NA,NA,NA,NA,NA,NA,NA,NA,NA,NA,NA,NA,NA,NA,NA,257,174,87.1,112,116,114,116,91.2,91.2,NA,0,0,0,0,0,0,0,0,0,NA,57,60,71.6,82.9,81.7,83.9,83.9,86.1,86.1,4760,4840,80,1.73,0.0128,0.372,1.73,1.73,1.73,139,2022-09-21 14:11:00,2022-09-27 07:03:00,2,"0.1",2,NA,NA,NA,NA,NA,NA,FALSE,"Wind tunnel","wt",NA,"Band spread or trailing hose",NA,"Mix",2022-09-21,"","0-5"
"D:1.I:AU.Pr:STABIL26.F:../../data-submitted/03/AU/ALFAM2_template_8.3_Stabil26_FDP_13_Jan.xlsx.E:8.F:Foulumgård.P:6 AD-LB1.T:AD-LB1.R:2.R2:.T:2022-09-21 14:19:00.M:Wind tunnelNA",NA,"STABIL26","8","Foulumgård","6 AD-LB1","2",0.2,56.5,9.56,"DK","flat",9,24,65,NA,NA,"0.13",NA,NA,"5.34","1.03","No",NA,"mix","mixture of manure, deep litter, meadow grass, grass, grass silage, straw, cereal, and corn silage",NA,"liquid","Anaerobic digestion","Mechanical separation",NA,"5.35","69.53","2.61",1.04,NA,NA,NA,"8.5",2022-09-21 14:19:00,2022-09-27 08:55:00,"bsth",30,"t/ha",NA,NA,NA,NA,NA,NA,NA,NA,NA,NA,NA,70,"Biochar addition","AU",3,"../../data-submitted/03/AU/ALFAM2_template_8.3_Stabil26_FDP_13_Jan.xlsx","AD-LB1","Wind tunnel",NA,"2022-09-21 14:19:46 UTC","2022-09-27 08:55:28 UTC","D:1.I:AU.Pr:STABIL26.F:../../data-submitted/03/AU/ALFAM2_template_8.3_Stabil26_FDP_13_Jan.xlsx.E:8.F:Foulumgård.P:6 AD-LB1.T:AD-LB1.R:2.R2:.T:2022-09-21 14:19:00","D:1.I:AU.Pr:STABIL26.E:8","","Dela Pierre, Flavia",31.2,NA,2.12,3.12,4.41,6.19,8.45,9.69,10.5,NA,11.3,11.3,NA,2.12,3.12,4.41,6.19,8.45,9.69,10.5,NA,11.3,11.3,NA,0.068,0.1,0.141,0.199,0.271,0.311,0.335,NA,0.362,0.362,NA,0,0,0,0,0,0,0,NA,0,0,NA,15.1,14,10.4,9.93,11,11.5,11.2,11.1,11.1,NA,12,12.2,12.2,11.8,12.1,12.2,12.3,12.4,12.4,NA,NA,NA,NA,NA,NA,NA,NA,NA,NA,NA,NA,NA,NA,NA,NA,NA,NA,NA,NA,NA,NA,NA,NA,NA,NA,NA,NA,NA,NA,NA,257,174,87.1,112,116,113,115,91.9,91.9,NA,0,0,0,0,0,0,0,0,0,NA,58.7,61.2,72.1,82.9,81.4,83.8,84,86.1,86.1,4840,4920,80,1.73,0.0113,0.353,1.73,1.73,1.73,139,2022-09-21 14:19:00,2022-09-27 07:11:00,2,"0.1",2,NA,NA,NA,NA,NA,NA,FALSE,"Wind tunnel","wt",NA,"Band spread or trailing hose",NA,"Mix",2022-09-21,"","0-5"
"D:1.I:AU.Pr:STABIL26.F:../../data-submitted/03/AU/ALFAM2_template_8.3_Stabil26_FDP_13_Jan.xlsx.E:8.F:Foulumgård.P:8 AD-L.T:AD-L.R:2.R2:.T:2022-09-21 14:35:00.M:Wind tunnelNA",NA,"STABIL26","8","Foulumgård","8 AD-L","2",0.2,56.5,9.56,"DK","flat",9,24,65,NA,NA,"0.13",NA,NA,"5.34","1.03","No",NA,"mix","mixture of manure, deep litter, meadow grass, grass, grass silage, straw, cereal, and corn silage",NA,"liquid","Anaerobic digestion","Mechanical separation",NA,"5.35","69.53","2.61",1.06,NA,NA,NA,"8.08",2022-09-21 14:35:00,2022-09-27 09:11:00,"bsth",30,"t/ha",NA,NA,NA,NA,NA,NA,NA,NA,NA,NA,NA,71,"None","AU",3,"../../data-submitted/03/AU/ALFAM2_template_8.3_Stabil26_FDP_13_Jan.xlsx","AD-L","Wind tunnel",NA,"2022-09-21 14:35:45 UTC","2022-09-27 09:11:29 UTC","D:1.I:AU.Pr:STABIL26.F:../../data-submitted/03/AU/ALFAM2_template_8.3_Stabil26_FDP_13_Jan.xlsx.E:8.F:Foulumgård.P:8 AD-L.T:AD-L.R:2.R2:.T:2022-09-21 14:35:00","D:1.I:AU.Pr:STABIL26.E:8","","Dela Pierre, Flavia",31.8,NA,1.67,2.41,3.41,4.9,6.57,7.49,7.99,NA,8.56,8.56,NA,1.67,2.41,3.41,4.9,6.57,7.49,7.99,NA,8.56,8.56,NA,0.0525,0.0759,0.107,0.154,0.207,0.235,0.251,NA,0.269,0.269,NA,0,0,0,0,0,0,0,NA,0,0,NA,14.7,13.8,10.3,10.1,11,11.5,11.2,11.1,11.1,NA,12.2,12.2,12.2,11.8,12.1,12.2,12.3,12.4,12.4,NA,NA,NA,NA,NA,NA,NA,NA,NA,NA,NA,NA,NA,NA,NA,NA,NA,NA,NA,NA,NA,NA,NA,NA,NA,NA,NA,NA,NA,NA,NA,208,141,70.8,117,112,112,118,93.2,93.2,NA,0,0,0,0,0,0,0,0,0,NA,60.9,62.6,74.3,83,81.7,83.9,84,86.2,86.2,4920,5000,80,1.73,0.00947,0.301,1.73,1.73,1.73,139,2022-09-21 14:35:00,2022-09-27 07:27:00,2,"0.1",2,NA,NA,NA,NA,NA,NA,FALSE,"Wind tunnel","wt",NA,"Band spread or trailing hose",NA,"Mix",2022-09-21,"","0-5"
"D:1.I:AU.Pr:STABIL26.F:../../data-submitted/03/AU/ALFAM2_template_8.3_Stabil26_FDP_13_Jan.xlsx.E:8.F:Foulumgård.P:9 AD-LB2.T:AD-LB2.R:3.R2:.T:2022-09-21 14:43:00.M:Wind tunnelNA",NA,"STABIL26","8","Foulumgård","9 AD-LB2","3",0.2,56.5,9.56,"DK","flat",9,24,65,NA,NA,"0.13",NA,NA,"5.34","1.03","No",NA,"mix","mixture of manure, deep litter, meadow grass, grass, grass silage, straw, cereal, and corn silage",NA,"liquid","Anaerobic digestion","Mechanical separation",NA,"5.35","69.53","2.61",0.97,NA,NA,NA,"9.2",2022-09-21 14:43:00,2022-09-27 09:19:00,"bsth",30,"t/ha",NA,NA,NA,NA,NA,NA,NA,NA,NA,NA,NA,72,"Biochar addition","AU",3,"../../data-submitted/03/AU/ALFAM2_template_8.3_Stabil26_FDP_13_Jan.xlsx","AD-LB2","Wind tunnel",NA,"2022-09-21 14:43:45 UTC","2022-09-27 09:19:29 UTC","D:1.I:AU.Pr:STABIL26.F:../../data-submitted/03/AU/ALFAM2_template_8.3_Stabil26_FDP_13_Jan.xlsx.E:8.F:Foulumgård.P:9 AD-LB2.T:AD-LB2.R:3.R2:.T:2022-09-21 14:43:00","D:1.I:AU.Pr:STABIL26.E:8","","Dela Pierre, Flavia",29.1,NA,4.55,5.61,7.03,8.72,10.4,11.4,11.9,NA,12.5,12.5,NA,4.55,5.61,7.03,8.72,10.4,11.4,11.9,NA,12.5,12.5,NA,0.156,0.193,0.242,0.3,0.359,0.391,0.409,NA,0.43,0.43,NA,0,0,0,0,0,0,0,NA,0,0,NA,14.7,13.8,10.3,10.1,11,11.6,11.3,11.1,11.1,NA,12.2,12.2,12.2,11.8,12.1,12.2,12.3,12.4,12.4,NA,NA,NA,NA,NA,NA,NA,NA,NA,NA,NA,NA,NA,NA,NA,NA,NA,NA,NA,NA,NA,NA,NA,NA,NA,NA,NA,NA,NA,NA,NA,208,141,70.8,114,112,115,119,93.9,93.9,NA,0,0,0,0,0,0,0,0,0,NA,60.9,62.6,74.4,82.9,81.7,83.9,84,86.2,86.2,5000,5080,80,1.73,0.0357,1.04,1.73,1.73,1.73,139,2022-09-21 14:43:00,2022-09-27 07:35:00,2,"0.1",2,NA,NA,NA,NA,NA,NA,FALSE,"Wind tunnel","wt",NA,"Band spread or trailing hose",NA,"Mix",2022-09-21,"","0-5"
"D:1.I:AU.Pr:STABIL26.F:../../data-submitted/03/AU/ALFAM2_template_8.3_Stabil26_FDP_13_Jan.xlsx.E:9.F:Foulumgård.P:10 PS-L.T:PS-L.R:2.R2:.T:2022-10-25 13:23:00.M:Wind tunnelNA",NA,"STABIL26","9","Foulumgård","10 PS-L","2",0.2,56.5,9.56,"DK","flat",9,24,65,NA,NA,"0.2",NA,NA,"5.69","1.37","No",NA,"pig","finisher pigs, piglets or a mixture of the two",NA,"liquid","Mechanical separation","None",NA,"2.06","59.81","1.51",0.59,NA,NA,NA,"7.58",2022-10-25 13:23:00,2022-10-31 06:55:00,"bsth",30,"t/ha",NA,NA,NA,NA,NA,NA,NA,NA,NA,NA,NA,73,NA,"AU",3,"../../data-submitted/03/AU/ALFAM2_template_8.3_Stabil26_FDP_13_Jan.xlsx","PS-L","Wind tunnel",NA,"2022-10-25 13:23:52 UTC","2022-10-31 06:55:30 UTC","D:1.I:AU.Pr:STABIL26.F:../../data-submitted/03/AU/ALFAM2_template_8.3_Stabil26_FDP_13_Jan.xlsx.E:9.F:Foulumgård.P:10 PS-L.T:PS-L.R:2.R2:.T:2022-10-25 13:23:00","D:1.I:AU.Pr:STABIL26.E:9","","Dela Pierre, Flavia",17.7,NA,0.139,0.176,0.223,0.232,0.248,0.207,0.0868,NA,-0.35,-0.35,NA,0.139,0.176,0.223,0.232,0.248,0.207,0.0868,NA,-0.35,-0.35,NA,0.00787,0.00994,0.0126,0.0131,0.014,0.0117,0.0049,NA,-0.0198,-0.0198,NA,0,0,0,0,0,0,0,NA,0,0,NA,13.5,12.9,11.7,10.4,11.6,12.5,12.6,12.7,12.7,NA,11.9,12,12,11.7,11.6,11.8,12.1,12.2,12.2,NA,NA,NA,NA,NA,NA,NA,NA,NA,NA,NA,NA,NA,NA,NA,NA,NA,NA,NA,NA,NA,NA,NA,NA,NA,NA,NA,NA,NA,NA,NA,90.6,61,26.1,36.2,41.6,43.2,45,39.1,39.1,NA,0,0,0,0,0,0,0,0,0,NA,85.9,88.3,91,92.5,93.9,93.3,92.9,92.8,92.8,5080,5170,86,1.6,0.00188,0.0334,1.6,1.6,1.6,138,2022-10-25 13:23:00,2022-10-31 05:19:00,2,"0.1",2,NA,NA,NA,NA,NA,NA,FALSE,"Wind tunnel","wt",NA,"Band spread or trailing hose",NA,"Pig",2022-10-25,"","0-5"
"D:1.I:AU.Pr:STABIL26.F:../../data-submitted/03/AU/ALFAM2_template_8.3_Stabil26_FDP_13_Jan.xlsx.E:9.F:Foulumgård.P:12 PS-LB2.T:PS-LB2.R:2.R2:.T:2022-10-25 13:39:00.M:Wind tunnelNA",NA,"STABIL26","9","Foulumgård","12 PS-LB2","2",0.2,56.5,9.56,"DK","flat",9,24,65,NA,NA,"0.2",NA,NA,"5.69","1.37","No",NA,"pig","finisher pigs, piglets or a mixture of the two",NA,"liquid","Mechanical separation","Biochar addition",NA,"2.06","59.81","1.51",0.54,NA,NA,NA,"8.19",2022-10-25 13:39:00,2022-10-31 07:11:00,"bsth",30,"t/ha",NA,NA,NA,NA,NA,NA,NA,NA,NA,NA,NA,74,NA,"AU",3,"../../data-submitted/03/AU/ALFAM2_template_8.3_Stabil26_FDP_13_Jan.xlsx","PS-LB2","Wind tunnel",NA,"2022-10-25 13:39:52 UTC","2022-10-31 07:11:29 UTC","D:1.I:AU.Pr:STABIL26.F:../../data-submitted/03/AU/ALFAM2_template_8.3_Stabil26_FDP_13_Jan.xlsx.E:9.F:Foulumgård.P:12 PS-LB2.T:PS-LB2.R:2.R2:.T:2022-10-25 13:39:00","D:1.I:AU.Pr:STABIL26.E:9","","Dela Pierre, Flavia",16.2,NA,0.641,0.85,1.22,1.68,2.55,3.26,3.83,NA,4.55,4.55,NA,0.641,0.85,1.22,1.68,2.55,3.26,3.83,NA,4.55,4.55,NA,0.0396,0.0525,0.0751,0.104,0.158,0.201,0.236,NA,0.281,0.281,NA,0,0,0,0,0,0,0,NA,0,0,NA,13.5,12.9,11.7,10.4,11.6,12.5,12.6,12.7,12.7,NA,12,12,12,11.7,11.6,11.8,12.1,12.2,12.2,NA,NA,NA,NA,NA,NA,NA,NA,NA,NA,NA,NA,NA,NA,NA,NA,NA,NA,NA,NA,NA,NA,NA,NA,NA,NA,NA,NA,NA,NA,NA,95.3,64.2,27.5,36.8,41.9,43,43.9,37.5,37.5,NA,0,0,0,0,0,0,0,0,0,NA,85.8,88.2,90.9,92.5,93.8,93.2,92.8,92.7,92.7,5170,5260,86,1.6,0.00971,0.157,1.6,1.6,1.6,138,2022-10-25 13:39:00,2022-10-31 05:35:00,2,"0.1",2,NA,NA,NA,NA,NA,NA,FALSE,"Wind tunnel","wt",NA,"Band spread or trailing hose",NA,"Pig",2022-10-25,"","0-5"
"D:1.I:AU.Pr:STABIL26.F:../../data-submitted/03/AU/ALFAM2_template_8.3_Stabil26_FDP_13_Jan.xlsx.E:9.F:Foulumgård.P:15 PS-L.T:PS-L.R:3.R2:.T:2022-10-25 13:47:00.M:Wind tunnelNA",NA,"STABIL26","9","Foulumgård","15 PS-L","3",0.2,56.5,9.56,"DK","flat",9,24,65,NA,NA,"0.2",NA,NA,"5.69","1.37","No",NA,"pig","finisher pigs, piglets or a mixture of the two",NA,"liquid","Mechanical separation","None",NA,"2.06","59.81","1.51",0.59,NA,NA,NA,"7.58",2022-10-25 13:47:00,2022-10-31 07:19:00,"bsth",30,"t/ha",NA,NA,NA,NA,NA,NA,NA,NA,NA,NA,NA,75,NA,"AU",3,"../../data-submitted/03/AU/ALFAM2_template_8.3_Stabil26_FDP_13_Jan.xlsx","PS-L","Wind tunnel",NA,"2022-10-25 13:47:51 UTC","2022-10-31 07:19:28 UTC","D:1.I:AU.Pr:STABIL26.F:../../data-submitted/03/AU/ALFAM2_template_8.3_Stabil26_FDP_13_Jan.xlsx.E:9.F:Foulumgård.P:15 PS-L.T:PS-L.R:3.R2:.T:2022-10-25 13:47:00","D:1.I:AU.Pr:STABIL26.E:9","","Dela Pierre, Flavia",17.7,NA,0.11,0.14,0.166,0.159,0.118,0.0192,-0.105,NA,-0.484,-0.484,NA,0.11,0.14,0.166,0.159,0.118,0.0192,-0.105,NA,-0.484,-0.484,NA,0.00623,0.00792,0.00939,0.00899,0.00664,0.00109,-0.00596,NA,-0.0274,-0.0274,NA,0,0,0,0,0,0,0,NA,0,0,NA,13.6,12.9,11.6,10.4,11.6,12.5,12.6,12.7,12.7,NA,12,12,12,11.6,11.6,11.8,12.1,12.2,12.2,NA,NA,NA,NA,NA,NA,NA,NA,NA,NA,NA,NA,NA,NA,NA,NA,NA,NA,NA,NA,NA,NA,NA,NA,NA,NA,NA,NA,NA,NA,NA,95.4,64.2,27.5,36.6,39.3,41,43.7,37.4,37.4,NA,0,0,0,0,0,0,0,0,0,NA,85.8,88.2,90.9,92.5,93.8,93.2,92.8,92.7,92.7,5260,5340,86,1.6,0.0014,0.0247,1.6,1.6,1.6,138,2022-10-25 13:47:00,2022-10-31 05:43:00,2,"0.1",2,NA,NA,NA,NA,NA,NA,FALSE,"Wind tunnel","wt",NA,"Band spread or trailing hose",NA,"Pig",2022-10-25,"","0-5"
"D:1.I:AU.Pr:STABIL26.F:../../data-submitted/03/AU/ALFAM2_template_8.3_Stabil26_FDP_13_Jan.xlsx.E:9.F:Foulumgård.P:16 PS-LB2.T:PS-LB2.R:3.R2:.T:2022-10-25 13:55:00.M:Wind tunnelNA",NA,"STABIL26","9","Foulumgård","16 PS-LB2","3",0.2,56.5,9.56,"DK","flat",9,24,65,NA,NA,"0.2",NA,NA,"5.69","1.37","No",NA,"pig","finisher pigs, piglets or a mixture of the two",NA,"liquid","Mechanical separation","Biochar addition",NA,"2.06","59.81","1.51",0.54,NA,NA,NA,"8.19",2022-10-25 13:55:00,2022-10-31 07:27:00,"bsth",30,"t/ha",NA,NA,NA,NA,NA,NA,NA,NA,NA,NA,NA,76,NA,"AU",3,"../../data-submitted/03/AU/ALFAM2_template_8.3_Stabil26_FDP_13_Jan.xlsx","PS-LB2","Wind tunnel",NA,"2022-10-25 13:55:51 UTC","2022-10-31 07:27:28 UTC","D:1.I:AU.Pr:STABIL26.F:../../data-submitted/03/AU/ALFAM2_template_8.3_Stabil26_FDP_13_Jan.xlsx.E:9.F:Foulumgård.P:16 PS-LB2.T:PS-LB2.R:3.R2:.T:2022-10-25 13:55:00","D:1.I:AU.Pr:STABIL26.E:9","","Dela Pierre, Flavia",16.2,NA,0.966,1.22,1.71,2.33,3.55,4.49,5.26,NA,6.22,6.22,NA,0.966,1.22,1.71,2.33,3.55,4.49,5.26,NA,6.22,6.22,NA,0.0596,0.0756,0.105,0.144,0.219,0.277,0.325,NA,0.384,0.384,NA,0,0,0,0,0,0,0,NA,0,0,NA,13.2,12.7,11.4,10.3,11.5,12.4,12.6,12.7,12.7,NA,12,12.1,12,11.6,11.6,11.9,12.1,12.2,12.2,NA,NA,NA,NA,NA,NA,NA,NA,NA,NA,NA,NA,NA,NA,NA,NA,NA,NA,NA,NA,NA,NA,NA,NA,NA,NA,NA,NA,NA,NA,NA,83.3,56.1,24.1,38.6,41,40.7,43.5,37.2,37.2,NA,0,0,0,0,0,0,0,0,0,NA,88.5,90,91.7,93,94.1,93.4,93,92.9,92.9,5340,5430,86,1.6,0.0172,0.279,1.6,1.6,1.6,138,2022-10-25 13:55:00,2022-10-31 05:51:00,2,"0.1",2,NA,NA,NA,NA,NA,NA,FALSE,"Wind tunnel","wt",NA,"Band spread or trailing hose",NA,"Pig",2022-10-25,"","0-5"
"D:1.I:AU.Pr:STABIL26.F:../../data-submitted/03/AU/ALFAM2_template_8.3_Stabil26_FDP_13_Jan.xlsx.E:9.F:Foulumgård.P:18 PS-LB1.T:PS-LB1.R:3.R2:.T:2022-10-25 14:11:00.M:Wind tunnelNA",NA,"STABIL26","9","Foulumgård","18 PS-LB1","3",0.2,56.5,9.56,"DK","flat",9,24,65,NA,NA,"0.2",NA,NA,"5.69","1.37","No",NA,"pig","finisher pigs, piglets or a mixture of the two",NA,"liquid","Mechanical separation","Biochar addition",NA,"2.06","59.81","1.51",0.58,NA,NA,NA,"7.62",2022-10-25 14:11:00,2022-10-31 07:43:00,"bsth",30,"t/ha",NA,NA,NA,NA,NA,NA,NA,NA,NA,NA,NA,77,NA,"AU",3,"../../data-submitted/03/AU/ALFAM2_template_8.3_Stabil26_FDP_13_Jan.xlsx","PS-LB1","Wind tunnel",NA,"2022-10-25 14:11:51 UTC","2022-10-31 07:43:29 UTC","D:1.I:AU.Pr:STABIL26.F:../../data-submitted/03/AU/ALFAM2_template_8.3_Stabil26_FDP_13_Jan.xlsx.E:9.F:Foulumgård.P:18 PS-LB1.T:PS-LB1.R:3.R2:.T:2022-10-25 14:11:00","D:1.I:AU.Pr:STABIL26.E:9","","Dela Pierre, Flavia",17.4,NA,0.619,0.812,1.19,1.76,3.33,4.56,5.47,NA,6.51,6.51,NA,0.619,0.812,1.19,1.76,3.33,4.56,5.47,NA,6.51,6.51,NA,0.0355,0.0466,0.0684,0.101,0.191,0.262,0.315,NA,0.374,0.374,NA,0,0,0,0,0,0,0,NA,0,0,NA,13.1,12.7,11.4,10.3,11.6,12.5,12.6,12.7,12.7,NA,12.1,12.1,12,11.6,11.6,11.9,12.1,12.2,12.2,NA,NA,NA,NA,NA,NA,NA,NA,NA,NA,NA,NA,NA,NA,NA,NA,NA,NA,NA,NA,NA,NA,NA,NA,NA,NA,NA,NA,NA,NA,NA,83.2,56.1,24.1,38.4,41.7,41.5,43.1,36.2,36.2,NA,0,0,0,0,0,0,0,0,0,NA,88.5,90,91.7,93,94,93.3,92.8,92.8,92.8,5430,5510,86,1.6,0.0101,0.176,1.6,1.6,1.6,138,2022-10-25 14:11:00,2022-10-31 06:07:00,2,"0.1",2,NA,NA,NA,NA,NA,NA,FALSE,"Wind tunnel","wt",NA,"Band spread or trailing hose",NA,"Pig",2022-10-25,"","0-5"
"D:1.I:AU.Pr:STABIL26.F:../../data-submitted/03/AU/ALFAM2_template_8.3_Stabil26_FDP_13_Jan.xlsx.E:9.F:Foulumgård.P:3 PS-LB2.T:PS-LB2.R:1.R2:.T:2022-10-25 12:43:00.M:Wind tunnelNA",NA,"STABIL26","9","Foulumgård","3 PS-LB2","1",0.2,56.5,9.56,"DK","flat",9,24,65,NA,NA,"0.2",NA,NA,"5.69","1.37","No",NA,"pig","finisher pigs, piglets or a mixture of the two",NA,"liquid","Mechanical separation","Biochar addition",NA,"2.06","59.81","1.51",0.54,NA,NA,NA,"8.19",2022-10-25 12:43:00,2022-10-31 06:15:00,"bsth",30,"t/ha",NA,NA,NA,NA,NA,NA,NA,NA,NA,NA,NA,78,NA,"AU",3,"../../data-submitted/03/AU/ALFAM2_template_8.3_Stabil26_FDP_13_Jan.xlsx","PS-LB2","Wind tunnel",NA,"2022-10-25 12:43:53 UTC","2022-10-31 06:15:31 UTC","D:1.I:AU.Pr:STABIL26.F:../../data-submitted/03/AU/ALFAM2_template_8.3_Stabil26_FDP_13_Jan.xlsx.E:9.F:Foulumgård.P:3 PS-LB2.T:PS-LB2.R:1.R2:.T:2022-10-25 12:43:00","D:1.I:AU.Pr:STABIL26.E:9","","Dela Pierre, Flavia",16.2,NA,0.316,0.408,0.481,0.447,0.378,0.183,-0.121,NA,-0.909,-0.909,NA,0.316,0.408,0.481,0.447,0.378,0.183,-0.121,NA,-0.909,-0.909,NA,0.0195,0.0252,0.0297,0.0276,0.0233,0.0113,-0.00745,NA,-0.0561,-0.0561,NA,0,0,0,0,0,0,0,NA,0,0,NA,13.9,13.4,11.9,10.5,11.6,12.5,12.6,12.8,12.8,NA,12,12,12,11.7,11.6,11.8,12.1,12.2,12.2,NA,NA,NA,NA,NA,NA,NA,NA,NA,NA,NA,NA,NA,NA,NA,NA,NA,NA,NA,NA,NA,NA,NA,NA,NA,NA,NA,NA,NA,NA,NA,127,96.3,41.3,42.2,43.2,43.6,44.4,39.4,39.4,NA,0,0,0,0,0,0,0,0,0,NA,84.1,87.1,90.5,92.2,93.7,93.1,92.8,92.7,92.7,5510,5600,86,1.6,0.00515,0.0834,1.6,1.6,1.6,138,2022-10-25 12:43:00,2022-10-31 04:39:00,2,"0.1",2,NA,NA,NA,NA,NA,NA,FALSE,"Wind tunnel","wt",NA,"Band spread or trailing hose",NA,"Pig",2022-10-25,"","0-5"
"D:1.I:AU.Pr:STABIL26.F:../../data-submitted/03/AU/ALFAM2_template_8.3_Stabil26_FDP_13_Jan.xlsx.E:9.F:Foulumgård.P:4 PS-LB1.T:PS-LB1.R:1.R2:.T:2022-10-25 12:51:00.M:Wind tunnelNA",NA,"STABIL26","9","Foulumgård","4 PS-LB1","1",0.2,56.5,9.56,"DK","flat",9,24,65,NA,NA,"0.2",NA,NA,"5.69","1.37","No",NA,"pig","finisher pigs, piglets or a mixture of the two",NA,"liquid","Mechanical separation","Biochar addition",NA,"2.06","59.81","1.51",0.58,NA,NA,NA,"7.62",2022-10-25 12:51:00,2022-10-31 06:23:00,"bsth",30,"t/ha",NA,NA,NA,NA,NA,NA,NA,NA,NA,NA,NA,79,NA,"AU",3,"../../data-submitted/03/AU/ALFAM2_template_8.3_Stabil26_FDP_13_Jan.xlsx","PS-LB1","Wind tunnel",NA,"2022-10-25 12:51:54 UTC","2022-10-31 06:23:30 UTC","D:1.I:AU.Pr:STABIL26.F:../../data-submitted/03/AU/ALFAM2_template_8.3_Stabil26_FDP_13_Jan.xlsx.E:9.F:Foulumgård.P:4 PS-LB1.T:PS-LB1.R:1.R2:.T:2022-10-25 12:51:00","D:1.I:AU.Pr:STABIL26.E:9","","Dela Pierre, Flavia",17.4,NA,0.197,0.266,0.347,0.384,0.502,0.578,0.593,NA,0.451,0.451,NA,0.197,0.266,0.347,0.384,0.502,0.578,0.593,NA,0.451,0.451,NA,0.0113,0.0153,0.02,0.0221,0.0288,0.0332,0.0341,NA,0.0259,0.0259,NA,0,0,0,0,0,0,0,NA,0,0,NA,13.8,13.4,11.9,10.5,11.6,12.5,12.6,12.8,12.8,NA,11.9,12,12,11.7,11.6,11.8,12.1,12.2,12.2,NA,NA,NA,NA,NA,NA,NA,NA,NA,NA,NA,NA,NA,NA,NA,NA,NA,NA,NA,NA,NA,NA,NA,NA,NA,NA,NA,NA,NA,NA,NA,127,96.3,41.3,42.2,43.2,45.3,46.8,41.1,41.1,NA,0,0,0,0,0,0,0,0,0,NA,84.2,87.1,90.5,92.2,93.7,93.1,92.8,92.7,92.7,5600,5680,86,1.6,0.00296,0.0514,1.6,1.6,1.6,138,2022-10-25 12:51:00,2022-10-31 04:47:00,2,"0.1",2,NA,NA,NA,NA,NA,NA,FALSE,"Wind tunnel","wt",NA,"Band spread or trailing hose",NA,"Pig",2022-10-25,"","0-5"
"D:1.I:AU.Pr:STABIL26.F:../../data-submitted/03/AU/ALFAM2_template_8.3_Stabil26_FDP_13_Jan.xlsx.E:9.F:Foulumgård.P:6 PS-L.T:PS-L.R:1.R2:.T:2022-10-25 13:07:00.M:Wind tunnelNA",NA,"STABIL26","9","Foulumgård","6 PS-L","1",0.2,56.5,9.56,"DK","flat",9,24,65,NA,NA,"0.2",NA,NA,"5.69","1.37","No",NA,"pig","finisher pigs, piglets or a mixture of the two",NA,"liquid","Mechanical separation","None",NA,"2.06","59.81","1.51",0.59,NA,NA,NA,"7.58",2022-10-25 13:07:00,2022-10-31 06:39:00,"bsth",30,"t/ha",NA,NA,NA,NA,NA,NA,NA,NA,NA,NA,NA,80,NA,"AU",3,"../../data-submitted/03/AU/ALFAM2_template_8.3_Stabil26_FDP_13_Jan.xlsx","PS-L","Wind tunnel",NA,"2022-10-25 13:07:53 UTC","2022-10-31 06:39:30 UTC","D:1.I:AU.Pr:STABIL26.F:../../data-submitted/03/AU/ALFAM2_template_8.3_Stabil26_FDP_13_Jan.xlsx.E:9.F:Foulumgård.P:6 PS-L.T:PS-L.R:1.R2:.T:2022-10-25 13:07:00","D:1.I:AU.Pr:STABIL26.E:9","","Dela Pierre, Flavia",17.7,NA,0.182,0.253,0.378,0.545,0.908,1.25,1.47,NA,1.56,1.56,NA,0.182,0.253,0.378,0.545,0.908,1.25,1.47,NA,1.56,1.56,NA,0.0103,0.0143,0.0214,0.0308,0.0513,0.0705,0.0833,NA,0.0882,0.0882,NA,0,0,0,0,0,0,0,NA,0,0,NA,13.5,13.1,11.8,10.4,11.6,12.4,12.6,12.7,12.7,NA,12,12,12,11.7,11.6,11.8,12.1,12.2,12.2,NA,NA,NA,NA,NA,NA,NA,NA,NA,NA,NA,NA,NA,NA,NA,NA,NA,NA,NA,NA,NA,NA,NA,NA,NA,NA,NA,NA,NA,NA,NA,90.5,71.8,30.8,34.5,39.9,40,42,36.9,36.9,NA,0,0,0,0,0,0,0,0,0,NA,86,88.3,91,92.5,93.8,93.2,92.9,92.8,92.8,5690,5770,86,1.6,0.00247,0.0438,1.6,1.6,1.6,138,2022-10-25 13:07:00,2022-10-31 05:03:00,2,"0.1",2,NA,NA,NA,NA,NA,NA,FALSE,"Wind tunnel","wt",NA,"Band spread or trailing hose",NA,"Pig",2022-10-25,"","0-5"
"D:1.I:AU.Pr:STABIL26.F:../../data-submitted/03/AU/ALFAM2_template_8.3_Stabil26_FDP_13_Jan.xlsx.E:9.F:Foulumgård.P:9 PS-LB1.T:PS-LB1.R:2.R2:.T:2022-10-25 13:15:00.M:Wind tunnelNA",NA,"STABIL26","9","Foulumgård","9 PS-LB1","2",0.2,56.5,9.56,"DK","flat",9,24,65,NA,NA,"0.2",NA,NA,"5.69","1.37","No",NA,"pig","finisher pigs, piglets or a mixture of the two",NA,"liquid","Mechanical separation","Biochar addition",NA,"2.06","59.81","1.51",0.58,NA,NA,NA,"7.62",2022-10-25 13:15:00,2022-10-31 06:47:00,"bsth",30,"t/ha",NA,NA,NA,NA,NA,NA,NA,NA,NA,NA,NA,81,NA,"AU",3,"../../data-submitted/03/AU/ALFAM2_template_8.3_Stabil26_FDP_13_Jan.xlsx","PS-LB1","Wind tunnel",NA,"2022-10-25 13:15:52 UTC","2022-10-31 06:47:30 UTC","D:1.I:AU.Pr:STABIL26.F:../../data-submitted/03/AU/ALFAM2_template_8.3_Stabil26_FDP_13_Jan.xlsx.E:9.F:Foulumgård.P:9 PS-LB1.T:PS-LB1.R:2.R2:.T:2022-10-25 13:15:00","D:1.I:AU.Pr:STABIL26.E:9","","Dela Pierre, Flavia",17.4,NA,0.205,0.26,0.349,0.442,0.622,0.795,0.896,NA,0.867,0.867,NA,0.205,0.26,0.349,0.442,0.622,0.795,0.896,NA,0.867,0.867,NA,0.0118,0.015,0.0201,0.0254,0.0358,0.0457,0.0515,NA,0.0498,0.0498,NA,0,0,0,0,0,0,0,NA,0,0,NA,13.5,13.1,11.8,10.4,11.6,12.5,12.6,12.8,12.8,NA,12,12,12,11.7,11.6,11.8,12.1,12.2,12.2,NA,NA,NA,NA,NA,NA,NA,NA,NA,NA,NA,NA,NA,NA,NA,NA,NA,NA,NA,NA,NA,NA,NA,NA,NA,NA,NA,NA,NA,NA,NA,90.5,71.8,30.8,34.5,39.9,41.9,43.5,37.8,37.8,NA,0,0,0,0,0,0,0,0,0,NA,86,88.3,91,92.5,93.8,93.2,92.8,92.7,92.7,5770,5860,86,1.6,0.00322,0.056,1.6,1.6,1.6,138,2022-10-25 13:15:00,2022-10-31 05:11:00,2,"0.1",2,NA,NA,NA,NA,NA,NA,FALSE,"Wind tunnel","wt",NA,"Band spread or trailing hose",NA,"Pig",2022-10-25,"","0-5"
